customer_id,region,city,latitude,longitude,signup_date,preferred_channel
C00001,West,Pune,19.03012,72.78556,2025-02-11,App
C00002,South,Hyderabad,13.02096,77.54066,2024-11-11,Web
C00003,West,Pune,19.08978,72.83805,2024-05-24,App
C00004,South,Bengaluru,12.86596,77.6995,2025-07-11,Web
C00005,North,Jaipur,28.49753,77.12994,2024-08-29,App
C00006,West,Pune,19.09232,72.83997,2024-08-11,Web
C00007,East,Kolkata,22.66335,88.38226,2025-09-01,App
C00008,West,Ahmedabad,19.20425,72.85965,2025-07-18,App
C00009,West,Mumbai,18.97606,72.90184,2025-03-21,App
C00010,South,Chennai,13.00214,77.36392,2024-06-02,Web
C00011,South,Bengaluru,12.95256,77.61689,2024-02-23,App
C00012,South,Bengaluru,13.05724,77.6032,2025-07-31,App
C00013,East,Patna,22.57322,88.34249,2025-03-10,App
C00014,West,Pune,19.12664,72.76928,2024-04-15,App
C00015,West,Mumbai,19.07639,72.95297,2025-03-25,App
C00016,North,Delhi,28.51632,77.09533,2024-07-01,App
C00017,North,Delhi,28.70749,77.21284,2024-07-13,Web
C00018,East,Patna,22.63979,88.32729,2025-02-06,App
C00019,North,Jaipur,28.67795,77.07052,2025-05-27,Web
C00020,North,Jaipur,28.64334,77.20729,2024-03-13,App
C00021,South,Chennai,12.91149,77.5827,2024-02-17,App
C00022,West,Mumbai,19.06564,72.86212,2024-10-29,App
C00023,South,Hyderabad,12.82038,77.61601,2024-12-30,Web
C00024,West,Mumbai,19.02901,72.97905,2024-09-30,App
C00025,South,Bengaluru,12.81031,77.54797,2024-01-28,App
C00026,West,Mumbai,19.0097,72.9673,2025-08-02,App
C00027,East,Bhubaneswar,22.485,88.49549,2024-02-03,App
C00028,South,Bengaluru,13.06041,77.60469,2025-06-01,App
C00029,South,Hyderabad,13.02458,77.56651,2025-01-11,App
C00030,North,Jaipur,28.5945,77.15614,2025-03-21,Web
C00031,North,Chandigarh,28.57456,77.22758,2025-06-26,App
C00032,South,Chennai,12.96673,77.70669,2024-01-04,Web
C00033,East,Patna,22.56516,88.44073,2025-01-26,App
C00034,West,Ahmedabad,19.07443,72.89403,2024-08-12,App
C00035,West,Pune,19.19108,72.86713,2024-05-18,App
C00036,South,Hyderabad,13.00099,77.65541,2024-09-17,App
C00037,East,Kolkata,22.5325,88.24493,2025-07-03,Web
C00038,West,Pune,19.01288,72.84695,2024-11-29,Web
C00039,West,Mumbai,18.99928,72.84831,2024-08-16,App
C00040,West,Ahmedabad,19.05188,72.73647,2024-03-18,Web
C00041,South,Chennai,12.99345,77.54603,2025-09-07,App
C00042,West,Ahmedabad,18.93503,72.86445,2024-05-24,App
C00043,West,Ahmedabad,19.1335,72.78389,2024-02-08,App
C00044,West,Mumbai,19.15434,72.94278,2024-10-15,App
C00045,North,Delhi,28.61533,77.30814,2025-02-14,Web
C00046,South,Hyderabad,12.99613,77.53934,2024-06-07,App
C00047,South,Bengaluru,12.82723,77.6392,2024-06-05,App
C00048,East,Patna,22.51006,88.40668,2024-10-18,Web
C00049,West,Pune,19.18189,72.8221,2024-05-13,Web
C00050,North,Delhi,28.45889,77.36897,2025-09-07,App
C00051,West,Mumbai,19.0884,72.89627,2024-05-06,App
C00052,South,Bengaluru,12.89592,77.52568,2025-04-06,Web
C00053,West,Pune,19.07182,72.88362,2024-01-01,App
C00054,South,Bengaluru,13.04112,77.65961,2024-11-04,App
C00055,South,Chennai,12.93212,77.64351,2024-08-31,App
C00056,South,Hyderabad,12.97477,77.49232,2024-12-12,App
C00057,North,Delhi,28.59305,77.26229,2024-06-28,App
C00058,East,Bhubaneswar,22.55978,88.3651,2024-06-04,Web
C00059,South,Hyderabad,12.87349,77.75727,2024-12-07,App
C00060,West,Ahmedabad,19.08385,72.84271,2024-11-13,App
C00061,South,Chennai,12.93445,77.6576,2024-01-18,App
C00062,East,Kolkata,22.50496,88.46346,2024-04-23,App
C00063,South,Chennai,12.96883,77.49851,2025-10-04,App
C00064,South,Chennai,12.91944,77.62155,2024-02-24,App
C00065,North,Chandigarh,28.55978,77.37714,2025-03-18,App
C00066,East,Patna,22.57969,88.47158,2025-08-31,App
C00067,West,Pune,19.10866,72.86207,2025-05-05,App
C00068,North,Jaipur,28.54126,77.23147,2024-05-30,App
C00069,West,Mumbai,19.13655,72.83422,2025-06-06,App
C00070,South,Bengaluru,12.87845,77.45467,2024-09-12,App
C00071,West,Pune,19.19027,72.94317,2024-12-29,App
C00072,South,Chennai,12.96799,77.61001,2024-07-27,App
C00073,South,Hyderabad,12.85884,77.50625,2024-10-04,App
C00074,North,Jaipur,28.61655,77.22273,2024-05-07,App
C00075,East,Kolkata,22.50641,88.32351,2025-01-12,App
C00076,South,Chennai,12.99042,77.53107,2025-10-07,App
C00077,South,Hyderabad,13.02489,77.47034,2025-02-04,App
C00078,North,Jaipur,28.52683,77.19537,2024-12-28,Web
C00079,West,Ahmedabad,19.15849,73.01529,2024-11-05,Web
C00080,West,Mumbai,19.0602,72.79992,2025-07-01,Web
C00081,West,Ahmedabad,19.08944,72.90435,2024-12-30,App
C00082,South,Bengaluru,12.90183,77.71838,2025-10-02,App
C00083,North,Chandigarh,28.60693,77.25111,2025-05-12,App
C00084,East,Patna,22.63322,88.27424,2025-09-04,App
C00085,West,Ahmedabad,19.06529,72.96361,2024-03-21,Web
C00086,North,Delhi,28.67904,77.23793,2024-09-24,App
C00087,East,Bhubaneswar,22.5835,88.38903,2025-01-25,Web
C00088,West,Pune,19.06614,72.88184,2024-08-10,App
C00089,West,Mumbai,19.08193,72.78866,2025-06-09,App
C00090,North,Delhi,28.64257,77.29162,2024-06-19,App
C00091,South,Bengaluru,12.91185,77.54771,2025-05-30,App
C00092,West,Pune,19.14783,72.88535,2024-04-17,Web
C00093,West,Ahmedabad,19.14926,72.84638,2024-01-29,App
C00094,East,Patna,22.66161,88.33104,2025-01-11,App
C00095,West,Pune,19.17447,72.75901,2024-01-03,Web
C00096,East,Kolkata,22.55052,88.23431,2025-03-07,App
C00097,North,Jaipur,28.53152,77.2466,2024-03-01,Web
C00098,West,Ahmedabad,18.98039,72.80702,2024-03-02,Web
C00099,North,Delhi,28.63486,77.25018,2025-07-28,App
C00100,North,Delhi,28.57726,77.24046,2024-08-05,App
C00101,North,Delhi,28.64303,77.25104,2024-04-08,App
C00102,South,Hyderabad,13.1295,77.73532,2024-03-02,App
C00103,North,Jaipur,28.56671,77.17017,2024-12-22,Web
C00104,West,Pune,19.0548,72.91294,2025-06-04,App
C00105,South,Chennai,12.95695,77.64747,2024-02-07,App
C00106,North,Delhi,28.54821,77.26899,2025-08-15,App
C00107,East,Patna,22.57233,88.3756,2024-10-15,App
C00108,West,Ahmedabad,19.09986,72.90066,2024-12-28,App
C00109,West,Mumbai,19.03908,72.86914,2024-01-31,App
C00110,West,Ahmedabad,19.08954,72.90719,2024-03-22,App
C00111,North,Delhi,28.63603,77.25241,2024-02-15,App
C00112,South,Bengaluru,12.84698,77.66712,2024-11-21,App
C00113,North,Delhi,28.59464,77.22141,2024-10-04,App
C00114,South,Bengaluru,12.99655,77.59864,2025-06-07,App
C00115,East,Patna,22.52449,88.38386,2024-07-28,App
C00116,North,Jaipur,28.57582,77.1731,2024-03-19,App
C00117,North,Jaipur,28.65753,77.21578,2024-10-11,Web
C00118,South,Hyderabad,13.04578,77.50678,2024-03-24,Web
C00119,North,Delhi,28.66671,77.08996,2024-01-21,App
C00120,West,Pune,19.04317,72.88482,2024-06-11,App
C00121,West,Ahmedabad,19.06509,72.85277,2025-08-06,App
C00122,North,Chandigarh,28.57868,77.25178,2025-07-15,App
C00123,North,Jaipur,28.69639,77.31648,2025-07-11,App
C00124,East,Kolkata,22.66757,88.41464,2025-05-15,App
C00125,South,Bengaluru,12.92758,77.52909,2024-09-30,Web
C00126,West,Ahmedabad,19.18522,72.89677,2024-10-27,App
C00127,North,Delhi,28.64049,77.20977,2024-02-15,App
C00128,East,Bhubaneswar,22.49471,88.37354,2024-08-29,App
C00129,South,Bengaluru,12.83729,77.57836,2025-08-11,App
C00130,East,Bhubaneswar,22.52243,88.32287,2024-05-01,App
C00131,North,Chandigarh,28.64722,77.32778,2024-11-12,Web
C00132,East,Bhubaneswar,22.59327,88.42822,2024-03-24,App
C00133,West,Pune,19.04521,72.87345,2024-11-09,App
C00134,North,Jaipur,28.70741,77.16766,2024-01-12,Web
C00135,North,Chandigarh,28.57855,77.24713,2024-12-21,App
C00136,North,Jaipur,28.63439,77.13669,2025-07-02,App
C00137,North,Chandigarh,28.64668,77.19327,2024-07-25,Web
C00138,West,Mumbai,18.97154,72.75882,2024-01-24,App
C00139,West,Pune,19.0214,72.85339,2025-08-30,App
C00140,East,Patna,22.57498,88.39899,2025-02-21,Web
C00141,South,Bengaluru,13.04368,77.54629,2024-09-24,Web
C00142,North,Jaipur,28.46149,77.3177,2025-06-03,App
C00143,South,Hyderabad,12.86987,77.54426,2025-01-09,App
C00144,North,Delhi,28.60077,77.31025,2025-09-14,App
C00145,North,Delhi,28.72729,77.26247,2024-01-28,App
C00146,West,Mumbai,18.99903,72.90815,2024-10-29,App
C00147,South,Bengaluru,12.95053,77.48882,2024-12-26,App
C00148,East,Bhubaneswar,22.54217,88.33909,2024-10-10,Web
C00149,West,Ahmedabad,19.21499,72.84643,2025-09-11,Web
C00150,North,Delhi,28.61288,77.2197,2024-01-20,App
C00151,North,Chandigarh,28.57895,77.17173,2024-06-09,App
C00152,West,Ahmedabad,19.0806,72.88906,2024-05-05,Web
C00153,South,Chennai,12.99941,77.72574,2025-03-02,App
C00154,North,Delhi,28.60093,77.149,2024-11-03,App
C00155,West,Mumbai,19.12188,72.93234,2024-12-17,Web
C00156,South,Hyderabad,12.89077,77.63345,2024-04-23,Web
C00157,West,Ahmedabad,19.0464,72.95186,2024-12-10,App
C00158,East,Kolkata,22.64716,88.30984,2024-10-30,App
C00159,West,Pune,19.09928,72.87583,2025-07-28,Web
C00160,West,Mumbai,19.10137,72.91669,2024-06-07,App
C00161,South,Hyderabad,12.99311,77.62883,2024-01-19,App
C00162,South,Chennai,13.01558,77.59783,2025-10-02,App
C00163,South,Hyderabad,12.90314,77.53246,2024-05-22,App
C00164,North,Delhi,28.71092,77.31673,2024-10-17,App
C00165,South,Chennai,13.03564,77.59384,2024-03-25,App
C00166,North,Jaipur,28.6832,77.21582,2024-01-12,App
C00167,South,Chennai,12.89321,77.62866,2024-12-08,Web
C00168,North,Chandigarh,28.66547,77.19358,2025-09-10,Web
C00169,North,Delhi,28.63549,77.16099,2024-05-20,App
C00170,South,Hyderabad,12.95176,77.59376,2025-06-22,App
C00171,North,Jaipur,28.66003,77.17078,2024-01-02,App
C00172,North,Chandigarh,28.50686,77.21685,2024-04-17,App
C00173,North,Jaipur,28.52329,77.30083,2025-03-20,App
C00174,North,Jaipur,28.60512,77.21795,2025-07-12,App
C00175,West,Mumbai,19.11531,72.91248,2024-01-26,App
C00176,West,Unknown,18.99574,72.82428,2024-06-02,App
C00177,West,Ahmedabad,19.01121,72.91813,2024-07-20,App
C00178,South,Bengaluru,13.01427,77.6312,2025-07-14,App
C00179,North,Delhi,28.6369,77.27265,2025-02-22,App
C00180,South,Bengaluru,13.11368,77.61043,2025-03-16,App
C00181,East,Patna,22.56986,88.46905,2025-07-07,App
C00182,West,Pune,19.04402,72.77281,2025-06-14,Web
C00183,West,Mumbai,19.14797,72.77395,2024-12-18,App
C00184,South,Chennai,13.07276,77.62207,2025-07-14,App
C00185,East,Bhubaneswar,22.63275,88.28881,2025-07-15,App
C00186,North,Jaipur,28.65764,77.25517,2024-06-20,App
C00187,South,Hyderabad,13.09653,77.5256,2025-03-17,App
C00188,North,Delhi,28.65091,77.16219,2024-02-24,App
C00189,West,Pune,19.16035,72.83104,2024-08-24,App
C00190,North,Jaipur,28.66131,77.17571,2025-03-31,Web
C00191,West,Pune,19.10351,72.82891,2025-05-23,App
C00192,West,Unknown,18.99347,72.82487,2025-03-24,App
C00193,East,Patna,22.46593,88.35961,2024-09-18,Web
C00194,West,Pune,19.1345,72.85149,2024-01-12,Web
C00195,West,Pune,19.15581,72.83657,2024-03-07,App
C00196,South,Hyderabad,13.03448,77.6363,2024-05-09,App
C00197,South,Bengaluru,12.97781,77.52348,2024-06-12,Web
C00198,West,Ahmedabad,19.09961,72.81077,2025-04-27,App
C00199,North,Jaipur,28.59016,77.20298,2025-06-20,App
C00200,North,Delhi,28.60553,77.02226,2025-06-26,App
C00201,East,Kolkata,22.58906,88.4595,2024-02-12,App
C00202,North,Chandigarh,28.68922,77.21966,2024-12-10,Web
C00203,North,Chandigarh,28.58809,77.18613,2024-05-28,App
C00204,East,Kolkata,22.52406,88.27717,2024-09-16,App
C00205,North,Delhi,28.65069,77.044,2025-02-23,App
C00206,West,Pune,19.14073,72.80394,2025-04-27,Web
C00207,West,Pune,18.96287,72.87806,2025-10-06,App
C00208,North,Chandigarh,28.59867,77.14543,2025-10-11,App
C00209,South,Hyderabad,13.00766,77.51236,2024-08-29,App
C00210,North,Delhi,28.64333,77.08259,2025-05-11,Web
C00211,North,Jaipur,28.74394,77.18119,2025-05-24,App
C00212,South,Bengaluru,12.91249,77.57004,2025-03-11,Web
C00213,North,Delhi,28.6767,77.28425,2024-04-29,App
C00214,South,Hyderabad,12.89715,77.73023,2024-08-29,App
C00215,West,Mumbai,19.04063,72.87195,2024-03-19,Web
C00216,North,Delhi,28.67345,77.19512,2024-03-27,App
C00217,East,Kolkata,22.57585,88.27244,2025-03-10,App
C00218,West,Ahmedabad,19.01685,72.85066,2025-05-13,App
C00219,East,Bhubaneswar,22.54166,88.36194,2025-07-03,Web
C00220,West,Mumbai,19.02488,72.79858,2024-11-24,App
C00221,East,Bhubaneswar,22.53734,88.38963,2025-09-08,App
C00222,West,Mumbai,19.22073,72.87761,2025-05-02,Web
C00223,East,Bhubaneswar,22.50401,88.30611,2025-06-06,App
C00224,East,Bhubaneswar,22.58311,88.34562,2025-09-17,Web
C00225,East,Patna,22.55201,88.37977,2024-05-01,Web
C00226,West,Pune,19.09728,72.86384,2024-05-28,Web
C00227,West,Ahmedabad,19.18448,72.87045,2024-08-23,App
C00228,South,Bengaluru,12.94631,77.61096,2025-04-10,App
C00229,West,Ahmedabad,19.03565,72.91214,2025-02-10,App
C00230,East,Patna,22.61703,88.47774,2025-09-21,Web
C00231,East,Kolkata,22.61053,88.37341,2024-04-20,App
C00232,West,Ahmedabad,19.00167,72.82439,2025-03-24,Web
C00233,East,Kolkata,22.52965,88.40935,2024-01-10,App
C00234,East,Kolkata,22.60795,88.35129,2025-01-27,App
C00235,North,Delhi,28.61095,77.26375,2024-01-14,App
C00236,West,Ahmedabad,19.13186,72.82688,2024-03-10,App
C00237,West,Ahmedabad,18.94388,72.78781,2024-06-02,App
C00238,North,Jaipur,28.49555,77.17413,2024-07-06,App
C00239,North,Jaipur,28.77628,77.19413,2024-02-24,App
C00240,East,Patna,22.5772,88.2955,2024-06-07,App
C00241,West,Pune,19.10508,72.88575,2024-04-26,App
C00242,North,Chandigarh,28.70604,77.15519,2024-04-22,App
C00243,East,Patna,22.56121,88.29343,2024-10-29,App
C00244,West,Ahmedabad,19.20052,72.95458,2025-02-02,App
C00245,East,Kolkata,22.55023,88.38315,2025-05-19,App
C00246,East,Bhubaneswar,22.57316,88.46919,2024-09-10,Web
C00247,West,Ahmedabad,19.12777,72.85326,2025-03-01,App
C00248,South,Unknown,13.00437,77.60016,2024-03-14,App
C00249,North,Chandigarh,28.63158,77.19218,2025-10-02,Web
C00250,South,Bengaluru,12.90504,77.58349,2025-02-11,App
C00251,North,Jaipur,28.59676,77.20568,2025-09-23,App
C00252,West,Pune,19.09594,72.8913,2025-07-09,App
C00253,East,Patna,22.559,88.27461,2025-03-16,App
C00254,North,Chandigarh,28.53881,77.21435,2024-07-21,Web
C00255,North,Jaipur,28.64354,77.23654,2024-11-08,App
C00256,West,Mumbai,19.07969,72.91032,2024-10-31,App
C00257,South,Bengaluru,12.96768,77.56226,2024-06-09,App
C00258,West,Ahmedabad,19.04478,72.81397,2024-10-15,Web
C00259,West,Mumbai,19.08401,72.90467,2025-02-26,App
C00260,South,Bengaluru,13.08775,77.56086,2025-05-31,App
C00261,East,Bhubaneswar,22.70065,88.36135,2025-08-10,App
C00262,South,Chennai,12.92268,77.54801,2025-07-14,App
C00263,South,Hyderabad,12.91805,77.52669,2024-08-01,App
C00264,West,Pune,19.10987,72.99886,2024-01-26,App
C00265,South,Bengaluru,13.10123,77.52673,2025-07-07,App
C00266,West,Pune,19.07965,72.88736,2025-03-02,App
C00267,West,Mumbai,18.98651,72.94823,2025-08-19,App
C00268,West,Pune,18.99026,73.01129,2025-07-07,App
C00269,East,Kolkata,22.45102,88.52534,2024-09-15,App
C00270,South,Chennai,12.98188,77.72406,2025-09-04,App
C00271,West,Ahmedabad,19.01061,72.87941,2024-01-16,App
C00272,West,Pune,19.0997,72.82398,2024-09-16,App
C00273,North,Delhi,28.63363,77.22907,2025-01-16,App
C00274,South,Hyderabad,12.96513,77.60859,2025-03-09,Web
C00275,West,Mumbai,19.05213,72.88872,2024-08-13,App
C00276,North,Jaipur,28.61733,77.17111,2024-07-08,Web
C00277,West,Pune,19.18667,72.80576,2024-11-09,App
C00278,West,Ahmedabad,19.21097,72.90421,2024-10-15,App
C00279,East,Patna,22.51865,88.33387,2025-03-29,Web
C00280,South,Chennai,13.00408,77.59821,2025-08-01,App
C00281,North,Chandigarh,28.73603,77.27686,2024-11-08,Web
C00282,West,Ahmedabad,18.99441,72.92126,2025-01-27,App
C00283,West,Ahmedabad,19.15213,72.81719,2024-08-06,App
C00284,South,Bengaluru,12.97976,77.67499,2025-06-30,App
C00285,North,Jaipur,28.58548,77.24516,2024-06-02,Web
C00286,West,Pune,19.13751,73.01271,2024-03-03,App
C00287,East,Bhubaneswar,22.63125,88.38387,2024-04-29,App
C00288,North,Delhi,28.72948,77.26395,2025-01-10,App
C00289,North,Jaipur,28.57407,77.16738,2024-08-09,Web
C00290,West,Mumbai,19.08967,72.91635,2025-09-13,Web
C00291,South,Chennai,13.11644,77.61297,2025-07-29,App
C00292,South,Bengaluru,13.06056,77.60724,2024-07-19,Web
C00293,West,Mumbai,19.12173,72.70429,2024-01-08,App
C00294,South,Chennai,13.01406,77.64758,2025-06-10,App
C00295,East,Patna,22.58495,88.4666,2025-07-03,App
C00296,South,Hyderabad,13.01824,77.73111,2024-03-16,Web
C00297,East,Patna,22.55857,88.50891,2024-12-26,App
C00298,South,Bengaluru,12.97696,77.55024,2025-07-26,App
C00299,South,Bengaluru,12.96759,77.57569,2025-03-16,App
C00300,East,Kolkata,22.43559,88.43049,2024-02-18,App
C00301,South,Chennai,12.93246,77.64391,2025-01-16,App
C00302,West,Mumbai,19.04218,72.94994,2025-07-24,App
C00303,East,Patna,22.57139,88.45624,2024-11-28,Web
C00304,East,Kolkata,22.52389,88.28212,2024-09-24,App
C00305,West,Mumbai,19.1469,72.9327,2025-06-03,App
C00306,West,Pune,19.11479,72.8259,2024-11-19,App
C00307,North,Delhi,28.46641,77.19538,2024-11-27,Web
C00308,East,Kolkata,22.52775,88.43645,2024-07-20,App
C00309,East,Bhubaneswar,22.45729,88.34042,2025-01-11,App
C00310,West,Mumbai,19.05937,72.80566,2025-01-21,App
C00311,South,Chennai,12.97706,77.76408,2024-08-22,App
C00312,North,Delhi,28.57843,77.29227,2024-05-06,App
C00313,West,Pune,19.0237,72.99961,2024-04-16,App
C00314,South,Hyderabad,12.92154,77.68051,2024-01-30,Web
C00315,West,Ahmedabad,19.06375,72.76174,2024-02-10,App
C00316,South,Bengaluru,12.92494,77.65712,2024-04-27,App
C00317,North,Delhi,28.68324,77.14731,2024-01-07,App
C00318,East,Patna,22.54204,88.44279,2025-03-02,App
C00319,North,Delhi,28.57761,77.12977,2025-01-26,Web
C00320,South,Bengaluru,12.93149,77.5592,2025-03-09,App
C00321,West,Pune,19.07906,72.76513,2024-06-03,App
C00322,North,Delhi,28.51569,77.213,2025-06-25,App
C00323,South,Chennai,12.96669,77.59817,2024-03-27,App
C00324,North,Chandigarh,28.60908,77.20881,2025-03-06,App
C00325,North,Delhi,28.63582,77.18184,2025-01-13,Web
C00326,East,Bhubaneswar,22.6363,88.49216,2025-05-11,App
C00327,West,Ahmedabad,19.08555,72.81027,2025-01-19,App
C00328,East,Patna,22.58555,88.40617,2025-03-10,App
C00329,South,Hyderabad,13.02558,77.5449,2024-06-13,Web
C00330,East,Bhubaneswar,22.59957,88.46819,2024-03-04,App
C00331,South,Hyderabad,13.07152,77.5459,2025-01-29,App
C00332,South,Hyderabad,12.97492,77.53089,2025-06-07,App
C00333,South,Chennai,12.97188,77.53113,2024-08-15,App
C00334,South,Chennai,12.92751,77.65864,2025-05-13,Web
C00335,South,Chennai,12.98451,77.6006,2024-12-30,App
C00336,North,Delhi,28.6095,77.13835,2024-05-26,App
C00337,West,Mumbai,19.02476,72.93755,2024-10-13,Web
C00338,North,Chandigarh,28.66129,77.35558,2025-07-19,App
C00339,West,Mumbai,19.1099,72.94195,2025-06-30,App
C00340,North,Delhi,28.64335,77.24348,2024-10-18,App
C00341,West,Mumbai,19.12652,72.95728,2024-07-06,Web
C00342,East,Patna,22.61604,88.29761,2024-09-21,App
C00343,North,Chandigarh,28.67338,77.34711,2024-12-20,App
C00344,East,Kolkata,22.621,88.31347,2025-07-26,Web
C00345,North,Jaipur,28.63185,77.23908,2024-07-06,App
C00346,North,Jaipur,28.56089,77.10648,2024-10-21,App
C00347,South,Hyderabad,12.92076,77.48985,2024-08-18,App
C00348,West,Mumbai,19.07139,72.96844,2025-02-06,App
C00349,West,Ahmedabad,18.99493,73.02219,2025-06-27,App
C00350,North,Jaipur,28.52613,77.10828,2024-01-14,App
C00351,South,Hyderabad,12.95588,77.61551,2024-09-16,App
C00352,South,Hyderabad,12.93692,77.61179,2024-10-16,App
C00353,West,Ahmedabad,19.01841,72.88001,2025-03-16,App
C00354,South,Hyderabad,12.9694,77.5342,2024-07-27,App
C00355,South,Chennai,13.04316,77.55905,2024-05-16,App
C00356,West,Mumbai,19.13684,72.86529,2024-03-23,Web
C00357,North,Jaipur,28.65914,77.05148,2025-04-15,App
C00358,East,Bhubaneswar,22.56127,88.39395,2024-06-23,App
C00359,West,Ahmedabad,19.02693,72.8114,2025-03-27,App
C00360,West,Mumbai,19.1488,72.72236,2024-04-10,Web
C00361,South,Hyderabad,12.96804,77.55697,2024-08-14,App
C00362,South,Bengaluru,12.96039,77.56422,2024-04-09,App
C00363,South,Hyderabad,13.00136,77.65311,2024-04-09,App
C00364,North,Chandigarh,28.71415,77.21899,2024-09-30,App
C00365,East,Kolkata,22.54791,88.36738,2024-09-08,Web
C00366,West,Mumbai,19.0598,72.89939,2024-02-13,App
C00367,West,Pune,19.03873,72.86583,2025-02-01,App
C00368,East,Bhubaneswar,22.39848,88.40011,2025-06-19,App
C00369,South,Bengaluru,12.99388,77.6365,2024-04-28,App
C00370,West,Ahmedabad,19.12668,72.86455,2025-05-16,App
C00371,North,Delhi,28.6225,77.15497,2024-02-02,App
C00372,East,Patna,22.61753,88.37071,2025-01-07,Web
C00373,North,Chandigarh,28.61331,77.1091,2024-08-12,App
C00374,North,Chandigarh,28.66128,77.21976,2025-05-03,App
C00375,North,Jaipur,28.65132,77.24491,2025-05-30,App
C00376,South,Chennai,12.97336,77.56561,2024-03-30,App
C00377,West,Mumbai,19.05935,72.90117,2024-12-04,App
C00378,South,Chennai,12.94598,77.67081,2025-05-05,App
C00379,North,Jaipur,28.55158,77.23922,2024-08-29,App
C00380,North,Jaipur,28.6229,77.1055,2025-02-25,App
C00381,East,Kolkata,22.58201,88.4147,2025-01-24,App
C00382,East,Kolkata,22.52985,88.26744,2024-08-10,App
C00383,West,Ahmedabad,19.06267,72.72558,2024-11-28,App
C00384,North,Chandigarh,28.64889,77.21312,2024-09-08,App
C00385,South,Chennai,12.99157,77.53654,2024-11-06,App
C00386,South,Hyderabad,13.0556,77.65825,2024-09-03,App
C00387,South,Hyderabad,12.94934,77.52783,2025-03-02,App
C00388,West,Pune,19.11071,72.9202,2024-02-13,App
C00389,East,Bhubaneswar,22.55651,88.4502,2024-11-17,App
C00390,North,Delhi,28.6143,77.43723,2025-03-26,App
C00391,East,Kolkata,22.47488,88.23867,2025-08-28,App
C00392,South,Bengaluru,13.03549,77.6632,2024-03-31,Web
C00393,West,Ahmedabad,19.06221,72.91167,2024-09-22,App
C00394,West,Pune,19.12274,72.80945,2024-12-19,App
C00395,East,Patna,22.61605,88.42021,2024-04-08,App
C00396,South,Chennai,12.93922,77.56946,2024-11-22,App
C00397,West,Ahmedabad,19.1517,72.83734,2025-09-19,App
C00398,East,Bhubaneswar,22.51847,88.36072,2025-05-08,App
C00399,West,Ahmedabad,19.12613,72.93846,2024-07-07,App
C00400,West,Pune,19.1284,72.76439,2025-03-08,App
C00401,North,Jaipur,28.63078,77.25487,2024-06-29,App
C00402,West,Ahmedabad,18.91371,72.80933,2025-09-06,App
C00403,North,Chandigarh,28.53942,77.26278,2024-02-07,App
C00404,West,Pune,19.16696,72.82449,2024-11-01,App
C00405,South,Chennai,12.90997,77.63585,2025-07-04,App
C00406,North,Chandigarh,28.56118,77.09636,2024-07-20,App
C00407,South,Bengaluru,12.97865,77.65838,2025-07-13,App
C00408,North,Delhi,28.54513,77.0599,2024-07-09,Web
C00409,West,Ahmedabad,19.09021,72.85284,2024-04-05,App
C00410,North,Delhi,28.67125,77.25172,2024-05-20,App
C00411,North,Delhi,28.5376,77.16389,2024-03-16,App
C00412,South,Hyderabad,13.09195,77.63521,2024-04-09,App
C00413,North,Chandigarh,28.66519,77.2416,2025-05-02,Web
C00414,North,Chandigarh,28.69111,77.21046,2024-06-16,App
C00415,West,Mumbai,19.03708,72.89584,2024-08-27,App
C00416,North,Jaipur,28.70014,77.17888,2024-03-29,App
C00417,West,Ahmedabad,19.02392,72.83779,2024-11-08,App
C00418,East,Patna,22.62019,88.27254,2025-08-17,App
C00419,North,Jaipur,28.65433,77.14309,2025-07-18,App
C00420,South,Bengaluru,12.88208,77.55517,2024-03-09,App
C00421,South,Hyderabad,12.85902,77.60071,2025-07-12,App
C00422,West,Ahmedabad,19.07737,72.92365,2025-06-09,App
C00423,West,Pune,19.12299,72.79366,2024-12-26,Web
C00424,North,Jaipur,28.61504,77.16822,2024-03-22,App
C00425,South,Chennai,13.0806,77.58458,2025-01-21,App
C00426,South,Hyderabad,12.87577,77.59569,2024-06-14,App
C00427,North,Jaipur,28.63574,77.17447,2024-01-20,App
C00428,East,Patna,22.55234,88.44934,2025-02-17,App
C00429,East,Kolkata,22.63209,88.41567,2025-04-25,App
C00430,North,Jaipur,28.72463,77.3501,2025-02-16,App
C00431,West,Mumbai,19.01646,72.98818,2024-09-04,App
C00432,South,Bengaluru,13.01711,77.49048,2024-10-27,App
C00433,West,Mumbai,19.11343,72.97259,2024-08-24,App
C00434,East,Bhubaneswar,22.61535,88.30577,2025-01-04,Web
C00435,North,Delhi,28.68614,77.18161,2025-01-01,App
C00436,North,Delhi,28.50557,77.126,2024-02-12,App
C00437,North,Delhi,28.65483,77.20518,2024-05-30,App
C00438,North,Jaipur,28.59426,77.14675,2024-10-22,App
C00439,East,Bhubaneswar,22.44797,88.39248,2025-08-28,Web
C00440,East,Bhubaneswar,22.60068,88.45211,2025-01-21,App
C00441,East,Patna,22.61429,88.40442,2025-05-08,App
C00442,East,Kolkata,22.55639,88.43195,2025-07-02,App
C00443,East,Patna,22.61168,88.32062,2024-05-02,App
C00444,East,Kolkata,22.68176,88.32886,2024-11-30,App
C00445,South,Chennai,12.85472,77.55924,2025-07-26,App
C00446,South,Chennai,12.96801,77.54455,2024-04-30,App
C00447,North,Jaipur,28.578,77.26564,2024-01-21,Web
C00448,South,Bengaluru,13.03226,77.51947,2024-05-08,App
C00449,East,Kolkata,22.51635,88.42818,2024-03-01,App
C00450,South,Chennai,12.93966,77.51554,2025-01-23,App
C00451,West,Mumbai,18.99138,72.84914,2024-07-31,App
C00452,West,Ahmedabad,19.14715,72.84686,2025-04-09,App
C00453,North,Delhi,28.47519,77.05909,2024-10-11,App
C00454,South,Chennai,12.90073,77.65343,2024-02-14,App
C00455,North,Delhi,28.6697,77.19173,2025-02-17,App
C00456,North,Jaipur,28.63762,77.11785,2024-08-21,App
C00457,South,Chennai,13.00899,77.65639,2024-04-27,App
C00458,South,Chennai,13.10575,77.66059,2024-07-13,App
C00459,South,Chennai,13.03859,77.61131,2024-05-20,App
C00460,North,Delhi,28.67008,77.18818,2024-09-01,App
C00461,East,Patna,22.51869,88.4158,2024-09-25,App
C00462,South,Bengaluru,12.95475,77.58703,2024-07-11,App
C00463,East,Bhubaneswar,22.52028,88.38274,2025-01-14,App
C00464,West,Mumbai,19.11751,72.86265,2025-05-19,App
C00465,South,Chennai,12.99189,77.61169,2025-02-16,Web
C00466,South,Bengaluru,12.95066,77.53169,2025-06-25,App
C00467,South,Chennai,12.92625,77.63314,2024-07-03,App
C00468,West,Pune,19.11014,72.86084,2024-11-28,Web
C00469,East,Kolkata,22.6575,88.3187,2024-11-18,App
C00470,North,Jaipur,28.53267,77.32451,2025-10-05,App
C00471,East,Patna,22.55161,88.40235,2025-02-17,App
C00472,North,Jaipur,28.53605,77.10207,2024-11-12,App
C00473,East,Bhubaneswar,22.68828,88.28562,2025-04-24,App
C00474,East,Kolkata,22.57372,88.3312,2025-07-24,Web
C00475,West,Mumbai,19.04883,72.91519,2025-02-03,App
C00476,West,Mumbai,19.17371,72.82845,2025-04-14,App
C00477,East,Patna,22.63895,88.42721,2024-02-09,Web
C00478,West,Ahmedabad,19.09855,73.01503,2024-07-25,App
C00479,South,Chennai,13.06238,77.54724,2024-11-13,App
C00480,South,Hyderabad,13.02554,77.6004,2024-08-09,Web
C00481,South,Hyderabad,12.87047,77.65789,2025-08-08,App
C00482,West,Pune,19.11492,72.92805,2024-12-05,App
C00483,North,Delhi,28.66306,77.1735,2025-07-28,Web
C00484,West,Pune,18.97836,72.9236,2024-08-04,Web
C00485,West,Pune,19.061,72.9105,2024-09-20,App
C00486,North,Chandigarh,28.51019,77.23396,2024-03-31,Web
C00487,North,Chandigarh,28.63052,77.14392,2025-02-03,App
C00488,South,Chennai,12.95413,77.51192,2025-05-22,App
C00489,West,Pune,19.12497,72.90514,2025-03-08,App
C00490,East,Kolkata,22.64091,88.46621,2024-05-04,Web
C00491,West,Ahmedabad,19.19406,72.8268,2025-03-25,App
C00492,East,Patna,22.6696,88.45035,2025-09-13,App
C00493,South,Bengaluru,12.87204,77.6627,2025-07-15,App
C00494,East,Patna,22.60571,88.48702,2024-10-14,App
C00495,South,Chennai,12.93713,77.59009,2024-03-15,App
C00496,East,Kolkata,22.48701,88.31174,2024-06-30,App
C00497,East,Patna,22.53846,88.33415,2025-09-07,App
C00498,West,Pune,19.1983,72.98102,2025-03-09,Web
C00499,West,Pune,19.13551,72.81628,2024-06-14,App
C00500,North,Delhi,28.80903,77.32411,2025-03-13,App
C00501,North,Delhi,28.71225,77.22068,2024-10-22,App
C00502,North,Jaipur,28.60308,77.23872,2025-06-02,App
C00503,South,Chennai,12.9701,77.55079,2024-03-28,App
C00504,East,Kolkata,22.52863,88.33699,2024-09-20,App
C00505,South,Bengaluru,12.91385,77.56889,2024-03-04,App
C00506,West,Ahmedabad,19.12266,72.87376,2024-12-29,App
C00507,West,Ahmedabad,18.9973,72.90169,2025-04-29,App
C00508,North,Chandigarh,28.61134,77.24531,2024-12-25,App
C00509,North,Jaipur,28.53083,77.11803,2024-02-08,App
C00510,West,Pune,18.99551,72.89295,2024-03-26,App
C00511,West,Ahmedabad,19.09864,72.91466,2025-10-03,App
C00512,North,Jaipur,28.66523,77.13423,2024-09-22,App
C00513,South,Hyderabad,12.97117,77.58476,2024-12-08,App
C00514,West,Pune,19.02585,72.80292,2024-06-29,App
C00515,East,Patna,22.41907,88.37131,2025-02-02,App
C00516,West,Pune,19.01246,73.01688,2024-03-22,App
C00517,East,Patna,22.54445,88.34021,2024-08-14,App
C00518,South,Hyderabad,12.98574,77.60703,2025-05-02,App
C00519,South,Chennai,12.88842,77.60922,2024-11-05,App
C00520,East,Bhubaneswar,22.47142,88.27605,2024-07-09,App
C00521,North,Delhi,28.62891,77.29982,2025-02-09,App
C00522,South,Hyderabad,13.09175,77.57019,2024-07-24,App
C00523,East,Kolkata,22.61803,88.28835,2024-11-03,App
C00524,West,Ahmedabad,19.12429,72.89925,2025-01-17,App
C00525,West,Pune,19.10439,72.79017,2025-04-25,App
C00526,North,Chandigarh,28.62624,77.21924,2024-04-18,Web
C00527,West,Mumbai,19.11736,72.98342,2024-08-16,App
C00528,South,Hyderabad,12.95663,77.55579,2025-05-25,Web
C00529,North,Delhi,28.70024,77.17104,2025-08-28,App
C00530,East,Kolkata,22.49785,88.39304,2024-06-28,App
C00531,North,Delhi,28.86521,77.2522,2024-11-03,App
C00532,South,Bengaluru,13.01923,77.6062,2024-08-24,App
C00533,North,Delhi,28.55192,77.18075,2024-04-16,App
C00534,North,Delhi,28.69171,77.25902,2025-04-25,App
C00535,West,Pune,19.00731,72.88637,2024-12-07,App
C00536,North,Chandigarh,28.69423,77.21596,2024-05-28,Web
C00537,South,Bengaluru,12.9864,77.5138,2024-01-06,Web
C00538,West,Ahmedabad,19.15455,72.8222,2024-08-31,App
C00539,West,Pune,19.14209,72.74605,2024-10-14,App
C00540,West,Ahmedabad,19.11764,72.88125,2024-07-28,Web
C00541,West,Pune,19.09493,72.84768,2025-05-06,App
C00542,South,Chennai,12.92834,77.60718,2025-06-20,App
C00543,North,Delhi,28.65714,77.14832,2024-07-13,App
C00544,West,Ahmedabad,19.19358,72.95382,2024-05-11,App
C00545,North,Jaipur,28.53809,77.27621,2025-01-12,Web
C00546,North,Delhi,28.62892,77.23264,2025-04-25,Web
C00547,North,Chandigarh,28.56239,77.28488,2024-10-28,App
C00548,South,Chennai,13.08844,77.53069,2024-04-21,Web
C00549,East,Patna,22.58225,88.25243,2025-07-05,App
C00550,West,Mumbai,19.0176,72.89152,2024-07-10,App
C00551,North,Delhi,28.55072,77.21968,2024-07-15,App
C00552,North,Jaipur,28.56584,77.09662,2024-04-17,Web
C00553,West,Pune,19.11785,72.75599,2025-08-28,App
C00554,North,Delhi,28.55407,77.14003,2025-03-14,App
C00555,West,Ahmedabad,19.09438,72.84825,2024-07-27,App
C00556,East,Kolkata,22.59731,88.26124,2024-06-14,Web
C00557,North,Chandigarh,28.42591,77.24149,2024-03-12,App
C00558,South,Bengaluru,13.00001,77.61184,2024-02-29,App
C00559,South,Hyderabad,13.09722,77.60044,2025-07-24,App
C00560,East,Kolkata,22.57346,88.36493,2025-01-18,App
C00561,North,Chandigarh,28.50535,77.13044,2024-12-02,App
C00562,West,Mumbai,19.12392,72.79084,2025-01-15,App
C00563,South,Bengaluru,12.92389,77.55389,2024-05-07,App
C00564,North,Chandigarh,28.62329,77.18151,2024-07-08,App
C00565,East,Patna,22.53502,88.47407,2024-05-15,Web
C00566,North,Chandigarh,28.6112,77.06335,2025-05-18,App
C00567,South,Hyderabad,12.92689,77.57574,2025-04-02,App
C00568,South,Hyderabad,12.96422,77.60965,2024-06-19,App
C00569,West,Mumbai,19.12893,72.89653,2025-05-08,App
C00570,South,Chennai,12.94581,77.47807,2025-02-27,Web
C00571,North,Chandigarh,28.63355,77.308,2025-03-22,App
C00572,East,Bhubaneswar,22.52501,88.35158,2024-10-17,App
C00573,South,Chennai,13.00769,77.43805,2025-05-29,App
C00574,North,Jaipur,28.52116,77.19723,2024-03-23,App
C00575,West,Mumbai,19.1417,72.76633,2024-08-24,App
C00576,West,Pune,19.20877,72.95041,2024-11-09,App
C00577,North,Jaipur,28.57318,77.25136,2024-04-08,Web
C00578,South,Bengaluru,12.9368,77.52674,2025-03-23,App
C00579,West,Ahmedabad,19.01736,72.86971,2024-11-26,Web
C00580,West,Pune,19.07832,72.80856,2024-12-29,App
C00581,South,Chennai,12.91721,77.59376,2025-10-03,App
C00582,West,Ahmedabad,19.03348,72.87356,2025-07-28,Web
C00583,West,Mumbai,19.04082,72.92132,2025-04-09,Web
C00584,North,Jaipur,28.57433,77.25403,2024-06-23,App
C00585,South,Bengaluru,12.91962,77.71593,2024-07-13,App
C00586,North,Delhi,28.59986,77.24429,2024-03-04,App
C00587,West,Ahmedabad,19.063,72.81568,2024-06-12,App
C00588,West,Pune,19.06415,72.95014,2024-02-14,App
C00589,West,Pune,19.04237,72.81486,2025-01-01,App
C00590,North,Chandigarh,28.56109,77.24357,2024-11-30,Web
C00591,South,Chennai,13.03324,77.53571,2025-09-29,App
C00592,West,Mumbai,19.08457,72.93804,2025-10-10,Web
C00593,South,Bengaluru,13.08893,77.50458,2024-10-14,App
C00594,South,Bengaluru,13.08483,77.58213,2024-05-23,App
C00595,South,Chennai,12.97239,77.5281,2024-12-06,App
C00596,South,Chennai,12.926,77.55618,2025-02-13,Web
C00597,North,Chandigarh,28.59236,77.25444,2025-05-04,App
C00598,East,Bhubaneswar,22.5664,88.40949,2025-07-07,App
C00599,North,Jaipur,28.5281,77.23387,2024-12-28,App
C00600,North,Jaipur,28.52975,77.28769,2024-07-19,Web
C00601,South,Hyderabad,13.00108,77.66765,2024-11-16,App
C00602,East,Kolkata,22.62985,88.44164,2024-03-18,App
C00603,North,Chandigarh,28.58275,77.25659,2024-10-06,Web
C00604,North,Jaipur,28.47306,77.26727,2024-05-07,Web
C00605,East,Kolkata,22.61562,88.44477,2024-06-12,App
C00606,West,Ahmedabad,19.19952,72.82786,2025-03-27,App
C00607,North,Delhi,28.5856,77.08195,2025-08-21,App
C00608,North,Delhi,28.65607,77.22504,2024-11-05,App
C00609,South,Chennai,13.01202,77.53044,2024-07-24,App
C00610,North,Chandigarh,28.6981,77.29659,2024-09-07,App
C00611,East,Kolkata,22.58473,88.32488,2025-05-22,App
C00612,North,Chandigarh,28.52252,77.3022,2025-07-19,Web
C00613,West,Pune,18.91829,72.86303,2024-07-11,App
C00614,South,Hyderabad,12.84024,77.5385,2024-01-08,App
C00615,North,Chandigarh,28.58406,77.28155,2024-12-29,App
C00616,West,Pune,19.14899,72.88766,2024-04-11,App
C00617,West,Ahmedabad,19.06886,72.86076,2024-02-12,Web
C00618,North,Jaipur,28.59439,77.26989,2024-10-25,App
C00619,West,Ahmedabad,19.031,72.77932,2024-07-25,App
C00620,West,Pune,19.09677,73.00811,2025-09-01,App
C00621,South,Hyderabad,12.96873,77.69334,2024-08-07,App
C00622,East,Kolkata,22.60731,88.39892,2024-11-19,App
C00623,South,Bengaluru,12.91018,77.52329,2025-02-24,App
C00624,South,Bengaluru,13.04995,77.44334,2024-01-07,Web
C00625,South,Chennai,12.8934,77.61784,2025-05-12,App
C00626,North,Chandigarh,28.61502,77.14643,2024-06-12,App
C00627,West,Mumbai,19.07989,72.90003,2024-03-19,App
C00628,East,Kolkata,22.56802,88.21281,2025-07-29,App
C00629,South,Chennai,12.90921,77.57071,2024-10-04,App
C00630,South,Bengaluru,12.94674,77.48063,2024-11-01,App
C00631,South,Hyderabad,12.90344,77.53537,2025-05-30,App
C00632,East,Bhubaneswar,22.61397,88.37382,2024-06-26,App
C00633,West,Pune,19.14675,72.93725,2025-09-26,App
C00634,North,Delhi,28.72008,77.27903,2025-06-11,App
C00635,East,Patna,22.58089,88.33864,2024-10-30,App
C00636,North,Jaipur,28.48156,77.11952,2024-07-21,App
C00637,East,Patna,22.50428,88.46021,2025-03-17,App
C00638,South,Hyderabad,12.86734,77.62435,2025-08-29,App
C00639,West,Ahmedabad,19.16329,72.83613,2025-06-24,App
C00640,East,Kolkata,22.5438,88.36856,2024-06-20,Web
C00641,South,Bengaluru,12.93168,77.55052,2024-07-04,Web
C00642,West,Pune,19.07498,72.9542,2024-07-14,App
C00643,West,Pune,19.04364,72.91033,2025-03-01,App
C00644,West,Pune,19.1675,72.86483,2025-02-15,App
C00645,North,Jaipur,28.60735,77.24244,2025-02-19,App
C00646,West,Ahmedabad,19.11662,72.8548,2024-05-02,App
C00647,South,Hyderabad,12.94311,77.6086,2025-01-30,App
C00648,South,Chennai,12.8076,77.59122,2024-05-01,App
C00649,North,Chandigarh,28.53384,77.27587,2024-01-16,App
C00650,West,Mumbai,19.0915,72.89139,2024-11-22,App
C00651,North,Chandigarh,28.52311,77.17828,2024-07-26,App
C00652,North,Delhi,28.66336,77.10356,2025-05-08,App
C00653,West,Ahmedabad,19.08777,72.86293,2025-03-02,App
C00654,North,Chandigarh,28.57741,77.19036,2024-02-25,App
C00655,North,Delhi,28.4408,77.21718,2024-03-08,App
C00656,South,Hyderabad,13.00298,77.56874,2025-03-04,App
C00657,West,Pune,19.06613,72.95251,2025-01-04,App
C00658,East,Patna,22.52675,88.36294,2024-05-26,App
C00659,South,Chennai,12.97333,77.55117,2025-03-15,App
C00660,South,Chennai,13.04006,77.61826,2024-10-15,Web
C00661,North,Jaipur,28.6409,77.19374,2025-09-02,App
C00662,South,Chennai,12.90045,77.60077,2024-11-05,App
C00663,West,Ahmedabad,19.04424,72.96893,2024-08-01,App
C00664,South,Hyderabad,12.89403,77.68733,2025-08-11,App
C00665,South,Chennai,13.09075,77.57807,2025-04-10,App
C00666,East,Patna,22.46146,88.32457,2025-10-10,App
C00667,South,Bengaluru,13.06899,77.4691,2025-08-11,Web
C00668,North,Delhi,28.57065,77.15731,2025-06-20,Web
C00669,North,Jaipur,28.49715,77.25164,2024-03-15,App
C00670,South,Chennai,12.978,77.53219,2024-05-25,App
C00671,South,Bengaluru,13.05959,77.65085,2024-06-01,App
C00672,West,Ahmedabad,19.09201,72.90085,2024-01-25,App
C00673,North,Jaipur,28.62261,77.13714,2025-03-14,App
C00674,East,Bhubaneswar,22.43878,88.39642,2024-02-17,App
C00675,East,Bhubaneswar,22.51733,88.44057,2025-08-22,App
C00676,East,Kolkata,22.54425,88.35302,2025-09-12,App
C00677,East,Bhubaneswar,22.63496,88.29673,2025-08-27,Web
C00678,North,Jaipur,28.67546,77.18447,2025-06-04,App
C00679,West,Mumbai,18.99141,73.01078,2024-11-03,Web
C00680,East,Patna,22.57885,88.25988,2024-05-30,Web
C00681,North,Chandigarh,28.5194,77.1839,2025-03-09,App
C00682,West,Pune,19.06995,72.82706,2024-04-15,App
C00683,North,Delhi,28.69998,77.26339,2025-04-11,App
C00684,West,Ahmedabad,19.08297,72.95272,2024-08-04,App
C00685,East,Patna,22.52166,88.3277,2025-06-25,App
C00686,North,Jaipur,28.59813,77.22681,2025-08-14,App
C00687,West,Ahmedabad,19.09383,72.84328,2025-06-05,App
C00688,West,Mumbai,19.10751,72.88047,2024-05-05,App
C00689,South,Chennai,12.83438,77.58907,2025-04-26,App
C00690,East,Patna,22.56154,88.42158,2024-08-09,App
C00691,West,Mumbai,19.03422,72.89498,2024-07-09,App
C00692,East,Kolkata,22.52736,88.356,2025-09-07,App
C00693,West,Pune,19.07726,72.88592,2025-07-28,App
C00694,South,Bengaluru,13.08742,77.62467,2025-07-13,App
C00695,West,Unknown,19.13457,72.81641,2025-01-02,Web
C00696,West,Ahmedabad,19.17144,72.80983,2024-02-19,App
C00697,South,Hyderabad,12.89184,77.53044,2024-09-03,Web
C00698,South,Bengaluru,12.9156,77.59155,2024-09-12,Web
C00699,South,Hyderabad,12.95283,77.41305,2024-12-14,Web
C00700,South,Bengaluru,13.03127,77.58018,2025-07-03,App
C00701,South,Bengaluru,12.92846,77.44219,2025-07-21,App
C00702,West,Mumbai,19.21877,72.8153,2024-11-01,App
C00703,South,Hyderabad,13.08877,77.4588,2024-05-11,App
C00704,West,Mumbai,19.08943,72.86516,2024-03-09,App
C00705,North,Delhi,28.65029,77.16355,2025-03-01,App
C00706,North,Jaipur,28.64388,77.2022,2024-11-22,App
C00707,South,Hyderabad,13.01813,77.68288,2024-10-09,App
C00708,North,Jaipur,28.51418,77.29143,2024-11-13,App
C00709,South,Chennai,12.94087,77.664,2024-07-07,Web
C00710,North,Jaipur,28.61182,77.23094,2024-03-11,App
C00711,North,Delhi,28.60928,77.22875,2024-03-08,App
C00712,North,Jaipur,28.57343,77.21751,2025-03-10,App
C00713,South,Bengaluru,12.89743,77.53158,2025-09-02,Web
C00714,West,Ahmedabad,18.94981,72.95964,2025-02-28,App
C00715,East,Bhubaneswar,22.57868,88.43317,2024-09-29,Web
C00716,West,Ahmedabad,19.00206,72.81755,2025-07-21,App
C00717,West,Mumbai,19.00221,72.99114,2025-04-21,App
C00718,South,Hyderabad,12.95903,77.69204,2025-06-21,Web
C00719,West,Mumbai,19.08446,72.88348,2025-06-18,App
C00720,West,Mumbai,19.09579,72.85799,2025-03-27,App
C00721,East,Bhubaneswar,22.6727,88.44153,2024-05-04,App
C00722,South,Bengaluru,12.95695,77.57417,2025-03-13,App
C00723,North,Delhi,28.54865,77.2686,2024-10-05,Web
C00724,North,Delhi,28.67891,77.18401,2024-05-09,Web
C00725,South,Hyderabad,12.9875,77.63056,2024-06-02,App
C00726,South,Bengaluru,13.05453,77.60813,2025-08-05,App
C00727,North,Delhi,28.66602,77.27735,2025-07-26,App
C00728,North,Jaipur,28.51751,77.18176,2024-05-05,Web
C00729,East,Patna,22.47148,88.40908,2024-02-25,App
C00730,East,Bhubaneswar,22.7328,88.3259,2024-07-05,App
C00731,West,Ahmedabad,19.11209,72.80785,2025-08-23,App
C00732,East,Patna,22.64456,88.31294,2024-04-26,App
C00733,South,Bengaluru,12.9573,77.56929,2024-08-16,App
C00734,West,Mumbai,19.15035,72.92308,2024-09-29,App
C00735,West,Pune,19.02754,72.81971,2024-09-30,App
C00736,North,Jaipur,28.6795,77.38407,2025-03-08,App
C00737,North,Delhi,28.61421,77.11205,2024-03-19,Web
C00738,North,Jaipur,28.60972,77.22933,2024-06-02,App
C00739,South,Hyderabad,12.96339,77.55083,2024-09-29,App
C00740,West,Mumbai,18.96625,72.9097,2025-07-20,App
C00741,East,Kolkata,22.65534,88.35191,2024-05-08,App
C00742,South,Bengaluru,12.93301,77.67615,2025-05-01,App
C00743,West,Ahmedabad,18.98856,72.85395,2024-03-30,App
C00744,South,Chennai,13.13409,77.43628,2025-03-11,App
C00745,West,Mumbai,19.12625,72.88275,2024-05-19,App
C00746,East,Bhubaneswar,22.6057,88.35802,2025-07-31,App
C00747,South,Hyderabad,12.96334,77.71401,2025-08-18,Web
C00748,South,Chennai,12.96528,77.55286,2025-07-09,Web
C00749,North,Chandigarh,28.62278,77.10304,2024-09-02,App
C00750,West,Pune,19.17786,72.91495,2024-03-24,App
C00751,South,Hyderabad,12.99783,77.61044,2025-08-03,App
C00752,North,Delhi,28.72948,77.20396,2024-06-02,App
C00753,West,Unknown,19.06443,72.80937,2025-06-30,App
C00754,North,Chandigarh,28.55175,77.29543,2024-08-25,App
C00755,West,Ahmedabad,19.08856,72.91556,2025-05-30,App
C00756,West,Pune,19.02421,72.82577,2024-07-15,App
C00757,South,Bengaluru,13.00792,77.45623,2024-01-02,App
C00758,North,Delhi,28.63315,77.28573,2025-04-04,App
C00759,West,Pune,19.08142,72.74577,2025-04-22,App
C00760,North,Jaipur,28.61185,77.21899,2025-07-09,App
C00761,South,Bengaluru,12.93723,77.55308,2024-09-04,App
C00762,South,Hyderabad,12.9159,77.63666,2024-12-17,App
C00763,West,Mumbai,19.0452,72.95654,2024-02-26,App
C00764,South,Hyderabad,12.95618,77.73105,2025-08-18,App
C00765,South,Bengaluru,12.87746,77.53922,2025-06-25,App
C00766,West,Pune,19.06311,72.89823,2024-08-05,App
C00767,South,Chennai,13.03605,77.51518,2024-07-28,App
C00768,South,Bengaluru,12.78546,77.64679,2024-05-19,App
C00769,East,Kolkata,22.56802,88.42061,2024-12-04,App
C00770,South,Hyderabad,12.94302,77.58322,2024-04-17,App
C00771,North,Delhi,28.63556,77.18305,2024-10-08,App
C00772,West,Mumbai,19.14136,72.88878,2025-06-27,App
C00773,East,Kolkata,22.4902,88.29554,2024-12-31,Web
C00774,West,Ahmedabad,19.03886,72.81213,2024-09-11,App
C00775,North,Jaipur,28.63467,77.20918,2025-02-24,App
C00776,South,Chennai,12.97819,77.57115,2025-04-05,App
C00777,South,Chennai,12.94649,77.42384,2025-02-12,App
C00778,East,Patna,22.57919,88.31919,2024-07-15,App
C00779,North,Jaipur,28.42203,77.29026,2024-06-29,App
C00780,West,Pune,19.01292,72.83034,2025-01-11,App
C00781,North,Jaipur,28.54078,77.20138,2025-01-30,App
C00782,North,Delhi,28.58578,77.19698,2025-06-04,Web
C00783,North,Chandigarh,28.62507,77.17177,2024-08-13,App
C00784,South,Chennai,13.06219,77.57422,2024-01-28,App
C00785,South,Chennai,12.84715,77.66179,2024-06-18,App
C00786,South,Chennai,12.93089,77.57168,2024-08-02,App
C00787,West,Ahmedabad,19.0864,72.87307,2025-09-01,App
C00788,East,Kolkata,22.6447,88.26127,2025-06-22,App
C00789,West,Pune,18.909,72.83022,2025-01-03,App
C00790,South,Chennai,12.96776,77.62422,2024-02-13,App
C00791,North,Delhi,28.57897,77.2845,2024-05-24,App
C00792,North,Jaipur,28.60363,77.27411,2025-02-23,App
C00793,North,Delhi,28.56372,77.28421,2025-08-02,App
C00794,South,Bengaluru,12.94126,77.58357,2024-08-18,App
C00795,West,Ahmedabad,19.14342,72.89809,2025-02-08,App
C00796,North,Delhi,28.5769,77.20364,2024-02-18,App
C00797,South,Chennai,12.89798,77.61573,2024-05-26,App
C00798,East,Bhubaneswar,22.58713,88.41806,2025-09-11,Web
C00799,South,Bengaluru,12.9534,77.3945,2024-04-01,App
C00800,West,Mumbai,19.11713,72.9011,2025-06-13,Web
C00801,East,Kolkata,22.5618,88.33411,2025-01-21,App
C00802,West,Mumbai,19.15705,72.87467,2024-02-24,App
C00803,South,Bengaluru,13.0409,77.59296,2025-05-11,App
C00804,South,Chennai,13.00629,77.66098,2025-07-27,Web
C00805,South,Chennai,13.02872,77.58503,2024-03-21,App
C00806,South,Hyderabad,12.96041,77.53522,2024-02-26,Web
C00807,West,Ahmedabad,19.1051,72.89153,2024-07-27,App
C00808,South,Bengaluru,12.83351,77.53688,2025-03-08,App
C00809,North,Chandigarh,28.66043,77.27319,2024-05-25,Web
C00810,North,Jaipur,28.69472,77.15566,2025-04-23,App
C00811,South,Chennai,13.06259,77.56524,2025-01-27,Web
C00812,West,Mumbai,19.11551,72.92937,2025-02-01,Web
C00813,South,Hyderabad,12.95104,77.55467,2024-08-22,App
C00814,North,Chandigarh,28.56046,77.19228,2024-03-08,App
C00815,North,Jaipur,28.6258,77.21553,2024-05-12,App
C00816,East,Bhubaneswar,22.67367,88.41064,2024-01-17,App
C00817,East,Patna,22.49782,88.35974,2024-04-28,Web
C00818,South,Hyderabad,12.9538,77.65234,2025-07-09,App
C00819,South,Chennai,13.00707,77.54083,2024-08-01,App
C00820,South,Bengaluru,12.99286,77.62508,2025-06-02,App
C00821,East,Bhubaneswar,22.54715,88.28576,2024-11-20,Web
C00822,West,Ahmedabad,19.08188,72.76169,2024-09-15,App
C00823,South,Bengaluru,12.93656,77.60452,2024-10-22,App
C00824,East,Kolkata,22.54594,88.31453,2024-12-20,App
C00825,West,Pune,19.12606,72.95412,2025-01-01,App
C00826,South,Hyderabad,13.13243,77.59848,2024-12-01,App
C00827,North,Jaipur,28.49895,77.1675,2024-04-25,App
C00828,South,Hyderabad,12.97178,77.59113,2024-03-10,App
C00829,South,Bengaluru,12.88263,77.61627,2025-01-30,App
C00830,West,Pune,19.12653,72.81718,2024-08-01,App
C00831,South,Bengaluru,13.10149,77.64252,2024-02-21,App
C00832,West,Pune,19.03987,72.87984,2025-01-07,App
C00833,South,Chennai,13.04255,77.55747,2024-10-26,App
C00834,North,Jaipur,28.6385,77.13116,2024-12-15,Web
C00835,South,Chennai,13.02652,77.64012,2024-10-27,App
C00836,East,Bhubaneswar,22.65487,88.41973,2024-05-07,App
C00837,South,Hyderabad,12.96175,77.62347,2025-07-18,App
C00838,West,Mumbai,19.1333,72.78919,2024-06-30,Web
C00839,South,Bengaluru,13.04943,77.47694,2025-01-06,App
C00840,North,Chandigarh,28.54159,77.21256,2024-12-03,App
C00841,South,Bengaluru,13.03819,77.62411,2024-10-07,App
C00842,North,Jaipur,28.7072,77.28823,2025-05-06,Web
C00843,South,Hyderabad,12.99231,77.63386,2024-07-07,App
C00844,West,Ahmedabad,19.06963,72.96903,2025-01-23,App
C00845,East,Bhubaneswar,22.49941,88.44367,2025-08-06,App
C00846,North,Chandigarh,28.53134,77.2018,2024-02-16,App
C00847,North,Jaipur,28.67288,77.17405,2024-06-03,App
C00848,West,Ahmedabad,19.12523,72.90021,2025-03-31,App
C00849,North,Chandigarh,28.50739,77.21744,2025-03-23,App
C00850,East,Kolkata,22.68717,88.43204,2024-09-27,App
C00851,West,Mumbai,19.13231,72.88806,2025-07-02,Web
C00852,North,Jaipur,28.56932,77.175,2024-06-07,App
C00853,East,Kolkata,22.63454,88.25397,2025-08-24,Web
C00854,East,Kolkata,22.54377,88.38082,2025-01-23,App
C00855,East,Bhubaneswar,22.61321,88.4008,2025-06-20,App
C00856,South,Bengaluru,13.05833,77.61101,2024-05-04,App
C00857,West,Pune,19.16345,72.92145,2024-03-22,App
C00858,East,Kolkata,22.59924,88.36513,2024-04-26,App
C00859,East,Patna,22.54001,88.35779,2024-08-03,Web
C00860,North,Chandigarh,28.50634,77.21025,2025-04-02,Web
C00861,North,Delhi,28.71544,77.17169,2024-08-30,App
C00862,East,Patna,22.54019,88.25175,2024-04-24,Web
C00863,North,Chandigarh,28.59105,77.2068,2024-01-02,Web
C00864,East,Unknown,22.60179,88.32171,2024-07-06,App
C00865,North,Delhi,28.54919,77.29831,2025-08-14,App
C00866,North,Chandigarh,28.58698,77.1783,2024-04-18,App
C00867,East,Kolkata,22.63983,88.4272,2025-09-03,App
C00868,North,Delhi,28.70536,77.13538,2024-12-01,App
C00869,South,Hyderabad,12.97218,77.63826,2024-06-24,App
C00870,West,Mumbai,19.03856,72.97903,2025-08-16,App
C00871,South,Chennai,12.88118,77.61406,2025-01-23,App
C00872,North,Delhi,28.64798,77.22514,2025-07-27,App
C00873,South,Hyderabad,13.01685,77.51413,2024-06-05,App
C00874,North,Chandigarh,28.67835,77.14044,2024-03-15,App
C00875,North,Delhi,28.72174,77.32251,2024-09-11,App
C00876,North,Jaipur,28.55573,77.17704,2024-08-23,App
C00877,East,Bhubaneswar,22.55829,88.31773,2024-07-22,App
C00878,North,Jaipur,28.6502,77.24086,2024-03-02,App
C00879,West,Ahmedabad,18.90817,72.90628,2024-11-06,App
C00880,West,Pune,19.0207,72.83239,2025-09-13,App
C00881,West,Ahmedabad,19.07816,72.84012,2024-06-10,App
C00882,East,Kolkata,22.58276,88.44745,2025-05-29,App
C00883,West,Pune,19.07295,72.98628,2025-04-28,App
C00884,North,Jaipur,28.69526,77.18756,2025-07-09,App
C00885,West,Pune,19.1118,72.91992,2024-09-20,App
C00886,South,Chennai,12.9135,77.52676,2025-07-05,App
C00887,North,Delhi,28.73913,77.1691,2024-06-15,Web
C00888,South,Chennai,12.99843,77.50186,2025-10-08,App
C00889,East,Kolkata,22.59695,88.45786,2024-10-08,App
C00890,East,Kolkata,22.60999,88.39401,2024-01-18,App
C00891,West,Pune,19.00068,72.92592,2025-02-25,Web
C00892,North,Jaipur,28.58399,77.11947,2025-02-28,App
C00893,North,Jaipur,28.60775,77.14006,2024-05-29,Web
C00894,East,Patna,22.37459,88.27419,2025-03-30,App
C00895,North,Jaipur,28.59887,77.16829,2024-08-13,App
C00896,North,Chandigarh,28.71825,77.30193,2025-03-07,App
C00897,South,Bengaluru,13.02609,77.65053,2024-04-30,App
C00898,East,Bhubaneswar,22.61757,88.34497,2025-06-07,App
C00899,West,Ahmedabad,19.04253,72.93834,2025-02-09,App
C00900,North,Jaipur,28.68346,77.12736,2024-12-16,App
C00901,East,Patna,22.48893,88.34759,2024-08-19,App
C00902,East,Kolkata,22.55712,88.26276,2025-03-12,App
C00903,West,Mumbai,19.14236,72.87496,2025-02-08,App
C00904,North,Delhi,28.61481,77.17046,2024-01-17,App
C00905,West,Mumbai,19.11851,72.88822,2024-03-25,App
C00906,East,Kolkata,22.49346,88.40698,2024-04-24,App
C00907,West,Mumbai,19.08727,72.87474,2024-12-06,App
C00908,East,Bhubaneswar,22.36392,88.35427,2025-09-24,App
C00909,East,Patna,22.67325,88.39197,2024-01-13,App
C00910,East,Bhubaneswar,22.48487,88.2579,2024-09-17,App
C00911,North,Delhi,28.6471,77.00852,2025-04-12,App
C00912,North,Jaipur,28.61836,77.15356,2024-07-30,App
C00913,West,Ahmedabad,19.08636,72.918,2025-08-23,App
C00914,East,Bhubaneswar,22.54594,88.32159,2025-08-11,App
C00915,South,Hyderabad,12.98873,77.5595,2024-10-06,App
C00916,North,Chandigarh,28.69023,77.14443,2025-06-11,App
C00917,West,Ahmedabad,19.07166,72.73608,2025-03-08,App
C00918,East,Bhubaneswar,22.54355,88.43041,2024-12-24,App
C00919,North,Jaipur,28.57334,77.20341,2024-03-13,App
C00920,North,Chandigarh,28.47399,77.07413,2025-09-23,App
C00921,North,Delhi,28.59893,77.15251,2025-06-06,App
C00922,South,Unknown,12.93616,77.56579,2024-09-28,App
C00923,South,Bengaluru,13.01357,77.53584,2024-08-15,App
C00924,South,Bengaluru,12.93192,77.60458,2024-03-06,App
C00925,South,Chennai,12.93236,77.49972,2025-07-20,App
C00926,North,Jaipur,28.6295,77.22998,2024-04-30,App
C00927,West,Ahmedabad,19.0639,72.88935,2025-09-09,App
C00928,North,Delhi,28.49687,77.15283,2025-05-16,App
C00929,North,Delhi,28.6852,77.26647,2024-05-16,App
C00930,North,Chandigarh,28.53289,77.21328,2024-08-22,App
C00931,North,Chandigarh,28.70684,77.22852,2025-09-04,App
C00932,South,Chennai,12.95542,77.63456,2024-08-31,App
C00933,West,Ahmedabad,19.07079,72.90089,2025-05-18,App
C00934,North,Jaipur,28.5789,77.24374,2025-04-27,App
C00935,West,Ahmedabad,19.01646,72.92224,2024-10-21,Web
C00936,East,Kolkata,22.51891,88.29198,2025-01-06,App
C00937,South,Hyderabad,12.91612,77.61024,2025-06-04,App
C00938,South,Chennai,12.88015,77.52181,2025-05-26,Web
C00939,North,Delhi,28.58384,77.1229,2025-02-02,App
C00940,West,Pune,19.10809,72.83571,2025-02-19,App
C00941,North,Delhi,28.67291,77.21348,2024-10-06,App
C00942,West,Pune,19.14315,72.81415,2025-01-13,App
C00943,South,Bengaluru,12.86033,77.48025,2024-11-04,App
C00944,West,Pune,19.0072,72.79052,2024-11-23,App
C00945,West,Ahmedabad,18.98571,72.84977,2024-04-01,App
C00946,North,Jaipur,28.68747,77.19699,2025-10-05,App
C00947,South,Bengaluru,12.93149,77.65907,2025-01-01,App
C00948,East,Patna,22.54558,88.36636,2025-04-15,App
C00949,West,Pune,19.02156,72.90908,2024-02-10,App
C00950,North,Chandigarh,28.57742,77.17736,2024-02-08,App
C00951,South,Chennai,12.90453,77.68974,2024-05-26,Web
C00952,North,Jaipur,28.68295,77.19805,2024-12-04,Web
C00953,West,Pune,19.09224,72.9269,2025-09-10,Web
C00954,East,Patna,22.55133,88.50336,2024-12-14,App
C00955,South,Bengaluru,13.04796,77.59902,2025-09-14,App
C00956,South,Bengaluru,13.04652,77.5246,2024-08-22,App
C00957,North,Delhi,28.47339,77.13627,2024-10-24,App
C00958,West,Mumbai,19.07014,72.83738,2024-11-05,App
C00959,South,Chennai,12.95468,77.5931,2024-01-08,App
C00960,East,Kolkata,22.55871,88.43066,2024-08-06,Web
C00961,South,Hyderabad,12.99049,77.51934,2024-01-09,App
C00962,South,Bengaluru,12.9335,77.78596,2024-04-24,App
C00963,North,Jaipur,28.65073,77.28401,2025-01-03,Web
C00964,North,Delhi,28.53519,77.11525,2024-01-11,App
C00965,North,Delhi,28.56374,77.2327,2024-02-25,App
C00966,North,Chandigarh,28.62488,77.24189,2024-08-22,Web
C00967,South,Bengaluru,12.99998,77.5539,2025-07-23,App
C00968,West,Pune,19.08142,72.81405,2024-08-19,Web
C00969,West,Pune,19.0372,72.79138,2024-05-20,App
C00970,East,Patna,22.61718,88.39192,2025-06-28,App
C00971,West,Pune,19.14426,72.91976,2024-11-28,Web
C00972,North,Jaipur,28.71647,77.24467,2025-01-23,App
C00973,West,Ahmedabad,19.02051,72.89661,2025-02-25,App
C00974,West,Pune,19.08028,72.96497,2025-01-16,App
C00975,North,Jaipur,28.66561,77.1978,2025-01-16,Web
C00976,South,Chennai,13.04555,77.61221,2024-09-10,App
C00977,West,Pune,19.06236,72.92611,2025-07-03,App
C00978,South,Chennai,12.97126,77.56821,2024-03-19,App
C00979,West,Pune,18.99283,72.91593,2024-08-11,App
C00980,South,Hyderabad,12.94862,77.53979,2024-09-05,App
C00981,West,Ahmedabad,19.13782,72.88268,2025-01-28,App
C00982,East,Kolkata,22.63742,88.42699,2025-10-10,App
C00983,East,Bhubaneswar,22.6352,88.28805,2024-02-08,App
C00984,East,Bhubaneswar,22.69758,88.35994,2024-04-22,App
C00985,North,Delhi,28.57611,77.25795,2025-10-04,Web
C00986,East,Bhubaneswar,22.5002,88.48324,2025-01-28,Web
C00987,South,Hyderabad,12.96193,77.57258,2024-11-10,App
C00988,East,Patna,22.47407,88.40269,2024-10-16,App
C00989,West,Ahmedabad,19.16878,73.03204,2024-11-18,App
C00990,North,Jaipur,28.58828,77.17674,2024-10-21,App
C00991,East,Patna,22.51985,88.29087,2024-05-08,Web
C00992,South,Chennai,12.83331,77.62569,2025-09-30,App
C00993,West,Ahmedabad,19.08187,72.88972,2024-11-24,Web
C00994,East,Patna,22.57636,88.39383,2024-12-09,App
C00995,South,Hyderabad,12.9977,77.5611,2025-06-26,App
C00996,West,Ahmedabad,19.04372,72.8964,2025-08-11,App
C00997,North,Delhi,28.63911,77.26902,2024-08-16,Web
C00998,North,Chandigarh,28.61803,77.20994,2025-09-06,App
C00999,East,Bhubaneswar,22.64198,88.35745,2024-11-21,App
C01000,East,Patna,22.45594,88.4158,2025-06-13,App
C01001,South,Bengaluru,13.02431,77.61859,2024-02-21,App
C01002,South,Hyderabad,12.85622,77.49344,2025-08-20,App
C01003,North,Jaipur,28.71778,77.23131,2025-05-14,App
C01004,West,Ahmedabad,19.02764,72.79827,2025-04-12,App
C01005,West,Pune,19.06822,72.82881,2025-09-23,App
C01006,West,Mumbai,18.98937,72.85602,2024-03-06,App
C01007,South,Chennai,12.9839,77.57518,2024-05-20,App
C01008,South,Chennai,13.06352,77.53498,2025-01-03,App
C01009,South,Bengaluru,13.03017,77.7135,2025-02-04,Web
C01010,North,Delhi,28.4793,77.10015,2025-09-24,App
C01011,West,Ahmedabad,19.06851,72.89282,2024-01-23,App
C01012,East,Bhubaneswar,22.51977,88.42262,2024-01-22,App
C01013,North,Jaipur,28.72306,77.28682,2024-09-09,App
C01014,West,Pune,19.12174,72.99749,2024-09-24,App
C01015,North,Delhi,28.6429,77.35381,2024-05-20,App
C01016,West,Ahmedabad,19.10546,72.87337,2024-09-09,App
C01017,West,Ahmedabad,19.02524,72.86048,2024-07-16,App
C01018,West,Pune,19.11317,72.93326,2025-02-25,App
C01019,West,Mumbai,19.10755,73.00259,2025-08-22,App
C01020,North,Jaipur,28.50816,77.24978,2024-05-12,App
C01021,South,Bengaluru,12.85783,77.56018,2025-04-15,Web
C01022,South,Bengaluru,12.95644,77.64723,2024-10-12,Web
C01023,North,Chandigarh,28.52364,77.23347,2024-11-06,App
C01024,East,Bhubaneswar,22.63293,88.39345,2024-11-16,App
C01025,East,Bhubaneswar,22.54551,88.26442,2025-07-19,App
C01026,North,Chandigarh,28.52792,77.14561,2025-03-06,App
C01027,East,Kolkata,22.50551,88.25899,2024-02-25,App
C01028,North,Chandigarh,28.70459,77.17871,2024-11-03,Web
C01029,West,Mumbai,18.98879,72.83536,2024-12-21,App
C01030,South,Hyderabad,12.89428,77.52423,2024-10-25,App
C01031,East,Patna,22.62268,88.38006,2025-07-02,App
C01032,East,Bhubaneswar,22.60174,88.3623,2025-07-27,Web
C01033,South,Hyderabad,12.94763,77.57741,2024-12-28,App
C01034,East,Kolkata,22.60512,88.35056,2025-02-05,App
C01035,West,Mumbai,19.14314,72.94338,2025-06-23,App
C01036,West,Mumbai,19.10498,72.91091,2025-09-14,App
C01037,North,Chandigarh,28.49645,77.28966,2024-08-23,App
C01038,West,Mumbai,19.06808,72.86069,2024-08-12,App
C01039,West,Mumbai,19.06044,72.85743,2025-03-17,App
C01040,West,Pune,19.1301,72.86362,2024-07-26,App
C01041,West,Mumbai,19.00174,72.86214,2025-09-30,App
C01042,South,Bengaluru,12.82692,77.60261,2024-05-17,App
C01043,South,Bengaluru,13.04101,77.56733,2024-11-28,App
C01044,West,Mumbai,18.95272,73.00077,2025-09-10,App
C01045,East,Patna,22.64537,88.32822,2025-08-15,App
C01046,South,Bengaluru,13.07328,77.60018,2025-06-25,App
C01047,South,Bengaluru,12.94276,77.63747,2024-05-11,App
C01048,West,Pune,19.08386,72.92894,2024-02-12,App
C01049,North,Jaipur,28.66339,77.25463,2024-01-01,App
C01050,South,Hyderabad,12.96018,77.50668,2025-07-11,App
C01051,East,Patna,22.4662,88.47163,2024-10-02,App
C01052,West,Pune,19.1846,72.94165,2024-07-19,App
C01053,South,Hyderabad,12.93912,77.46148,2025-08-24,App
C01054,East,Bhubaneswar,22.49318,88.26828,2025-04-21,Web
C01055,East,Bhubaneswar,22.62221,88.36405,2025-07-21,App
C01056,South,Hyderabad,12.91719,77.55957,2024-05-23,App
C01057,West,Pune,19.03516,72.86666,2025-04-26,App
C01058,North,Jaipur,28.68271,77.21434,2024-06-04,Web
C01059,North,Jaipur,28.5583,77.34787,2025-07-03,App
C01060,South,Chennai,12.95517,77.65265,2024-09-26,App
C01061,North,Jaipur,28.60869,77.34019,2025-02-17,Web
C01062,East,Patna,22.55673,88.38721,2024-08-23,App
C01063,South,Bengaluru,12.99337,77.60355,2024-05-18,App
C01064,West,Ahmedabad,19.11898,72.89943,2024-02-16,App
C01065,West,Ahmedabad,19.09657,72.80418,2024-07-23,App
C01066,West,Pune,19.18056,72.89057,2025-09-05,App
C01067,North,Delhi,28.75048,77.216,2024-03-17,App
C01068,West,Mumbai,19.04098,72.94188,2025-07-23,App
C01069,North,Delhi,28.76269,77.18573,2024-05-31,Web
C01070,North,Jaipur,28.57749,77.27496,2024-08-11,App
C01071,South,Bengaluru,12.96466,77.60092,2024-03-03,App
C01072,West,Ahmedabad,18.92742,72.99312,2024-09-11,Web
C01073,West,Ahmedabad,19.03378,73.00138,2024-07-17,Web
C01074,South,Bengaluru,13.03558,77.60075,2025-07-17,Web
C01075,West,Pune,18.99017,72.84713,2024-12-08,Web
C01076,West,Mumbai,19.15649,72.99695,2024-05-10,Web
C01077,South,Chennai,13.02583,77.6228,2024-11-16,App
C01078,South,Chennai,13.01072,77.54657,2024-04-20,App
C01079,South,Hyderabad,12.91922,77.66271,2024-01-23,App
C01080,North,Chandigarh,28.61085,77.25877,2024-02-21,App
C01081,West,Mumbai,19.02477,72.8915,2025-09-12,App
C01082,North,Chandigarh,28.58906,77.17047,2025-10-01,App
C01083,South,Chennai,13.02073,77.56304,2025-02-05,App
C01084,South,Bengaluru,13.01183,77.65697,2024-05-05,App
C01085,North,Chandigarh,28.65423,77.18992,2025-01-23,App
C01086,South,Bengaluru,12.84717,77.61588,2025-01-20,Web
C01087,West,Pune,19.06361,73.00959,2024-06-20,App
C01088,South,Hyderabad,12.90858,77.59268,2024-10-09,App
C01089,North,Jaipur,28.66232,77.25187,2025-03-22,App
C01090,West,Mumbai,19.04183,72.82543,2024-12-11,App
C01091,South,Hyderabad,13.0491,77.5955,2025-01-14,App
C01092,South,Hyderabad,12.94149,77.58952,2024-10-23,App
C01093,South,Chennai,12.98313,77.51822,2025-03-03,Web
C01094,East,Patna,22.49402,88.36737,2025-08-04,App
C01095,North,Jaipur,28.63983,77.2416,2024-04-14,App
C01096,West,Ahmedabad,19.05886,72.79739,2024-03-07,App
C01097,West,Ahmedabad,19.05539,72.89755,2025-01-27,App
C01098,West,Ahmedabad,19.05512,72.88706,2025-03-17,App
C01099,South,Hyderabad,12.9589,77.56917,2025-04-10,App
C01100,North,Jaipur,28.49434,77.25364,2024-08-21,App
C01101,East,Bhubaneswar,22.64662,88.45452,2025-04-24,Web
C01102,South,Bengaluru,13.06291,77.65805,2024-12-18,App
C01103,South,Hyderabad,12.88526,77.60743,2024-07-10,App
C01104,West,Mumbai,19.25231,72.84051,2025-04-12,App
C01105,East,Kolkata,22.67193,88.29808,2025-09-26,App
C01106,South,Bengaluru,12.9909,77.55661,2024-01-13,App
C01107,South,Hyderabad,13.03903,77.55151,2024-06-04,App
C01108,South,Bengaluru,13.1038,77.5799,2025-07-26,App
C01109,South,Hyderabad,12.84104,77.75233,2024-03-29,App
C01110,South,Hyderabad,12.97299,77.61932,2024-09-13,App
C01111,North,Chandigarh,28.57966,77.14817,2024-09-27,App
C01112,North,Delhi,28.58778,77.17252,2024-12-04,App
C01113,South,Hyderabad,12.92203,77.57236,2025-04-16,App
C01114,North,Chandigarh,28.62253,77.18401,2024-02-16,Web
C01115,West,Mumbai,19.03156,72.87318,2025-09-16,App
C01116,South,Hyderabad,13.00983,77.57126,2024-11-24,App
C01117,East,Bhubaneswar,22.62498,88.46504,2025-03-17,Web
C01118,North,Chandigarh,28.66369,77.23565,2024-07-25,Web
C01119,West,Pune,19.05233,72.91614,2025-01-29,App
C01120,North,Delhi,28.48618,77.1671,2024-05-20,App
C01121,South,Hyderabad,13.04034,77.57139,2025-07-21,App
C01122,South,Chennai,12.98084,77.60361,2024-11-20,App
C01123,West,Mumbai,19.04354,72.85331,2024-08-26,App
C01124,West,Mumbai,19.08944,72.8982,2025-01-17,Web
C01125,West,Mumbai,19.09658,72.85505,2024-09-24,App
C01126,South,Hyderabad,12.98315,77.58706,2025-10-04,App
C01127,East,Kolkata,22.48985,88.39708,2024-12-31,App
C01128,West,Ahmedabad,19.05846,72.94283,2025-07-08,App
C01129,West,Ahmedabad,19.03604,72.81621,2025-02-20,App
C01130,West,Pune,18.98869,72.83256,2024-03-20,Web
C01131,North,Delhi,28.73834,77.33275,2025-01-16,App
C01132,North,Jaipur,28.59932,77.15899,2024-03-01,App
C01133,North,Delhi,28.64908,77.29382,2024-08-24,App
C01134,South,Chennai,12.97231,77.71032,2025-04-30,Web
C01135,South,Bengaluru,12.95299,77.79139,2025-06-30,App
C01136,West,Pune,19.06322,72.90462,2024-03-21,App
C01137,East,Kolkata,22.6152,88.21023,2024-11-17,App
C01138,East,Kolkata,22.54653,88.37899,2025-04-08,App
C01139,North,Jaipur,28.65371,77.0517,2024-07-23,App
C01140,North,Delhi,28.65447,77.32922,2025-07-19,App
C01141,North,Chandigarh,28.6489,77.29465,2025-02-20,App
C01142,North,Jaipur,28.55222,77.31608,2024-02-16,App
C01143,North,Jaipur,28.63664,77.13721,2024-05-13,App
C01144,North,Jaipur,28.6795,77.25304,2024-08-22,Web
C01145,North,Delhi,28.53813,77.08344,2024-03-30,App
C01146,South,Hyderabad,12.91188,77.53011,2024-06-19,App
C01147,East,Patna,22.53325,88.2702,2024-03-08,App
C01148,South,Bengaluru,12.85312,77.66035,2025-09-11,App
C01149,South,Chennai,12.8882,77.67346,2025-05-15,Web
C01150,East,Patna,22.55204,88.36696,2024-10-11,App
C01151,West,Mumbai,19.09041,72.91173,2024-06-24,App
C01152,East,Patna,22.68489,88.35338,2024-07-31,App
C01153,South,Bengaluru,13.03284,77.49959,2025-03-26,App
C01154,South,Hyderabad,12.93865,77.59842,2024-05-21,Web
C01155,West,Ahmedabad,19.13889,72.94646,2025-02-26,App
C01156,West,Mumbai,19.04533,72.87544,2024-04-21,App
C01157,North,Chandigarh,28.44605,77.08066,2025-08-11,App
C01158,South,Chennai,12.92613,77.69864,2025-09-12,App
C01159,West,Ahmedabad,19.02141,72.87226,2025-07-26,App
C01160,South,Hyderabad,12.97609,77.5641,2025-08-30,App
C01161,East,Bhubaneswar,22.6016,88.3706,2024-04-30,Web
C01162,South,Hyderabad,12.90094,77.63371,2025-05-26,Web
C01163,West,Ahmedabad,19.09083,72.89649,2024-09-04,Web
C01164,South,Bengaluru,12.91168,77.66702,2025-10-04,App
C01165,West,Pune,19.01892,72.81775,2025-01-21,Web
C01166,South,Chennai,13.03154,77.57102,2024-01-21,App
C01167,West,Mumbai,19.05376,72.91202,2024-06-15,Web
C01168,South,Bengaluru,12.94019,77.56172,2024-09-14,App
C01169,West,Mumbai,19.17362,72.9257,2024-03-29,App
C01170,West,Pune,19.0457,72.85103,2025-03-15,App
C01171,South,Bengaluru,13.1035,77.80061,2025-02-14,App
C01172,West,Ahmedabad,19.13819,72.90197,2024-02-06,App
C01173,West,Mumbai,19.0415,72.85107,2024-06-14,Web
C01174,East,Kolkata,22.58662,88.31303,2024-01-10,App
C01175,West,Ahmedabad,18.97207,72.94587,2024-02-28,App
C01176,North,Delhi,28.6888,77.05424,2024-09-29,App
C01177,West,Mumbai,19.06567,72.92298,2025-05-27,App
C01178,West,Mumbai,19.07461,72.84912,2024-12-04,App
C01179,West,Ahmedabad,19.15628,72.83621,2024-12-03,Web
C01180,West,Ahmedabad,19.14694,72.80758,2025-05-09,App
C01181,North,Delhi,28.56899,77.1167,2024-06-08,App
C01182,South,Bengaluru,12.93234,77.54898,2025-07-29,App
C01183,South,Hyderabad,12.98775,77.52484,2025-07-15,App
C01184,North,Chandigarh,28.58663,77.21223,2025-09-03,Web
C01185,West,Ahmedabad,19.04246,72.89055,2024-01-23,Web
C01186,West,Mumbai,19.01127,72.80275,2025-09-01,App
C01187,East,Bhubaneswar,22.53119,88.48871,2025-09-03,App
C01188,North,Chandigarh,28.59856,77.29493,2024-12-07,App
C01189,North,Delhi,28.62886,77.35313,2024-04-04,App
C01190,East,Kolkata,22.54685,88.21434,2024-03-09,App
C01191,East,Bhubaneswar,22.57037,88.3364,2024-09-22,App
C01192,East,Bhubaneswar,22.62554,88.47479,2024-07-18,App
C01193,West,Mumbai,19.26109,72.88321,2024-09-17,App
C01194,South,Bengaluru,13.01696,77.63951,2025-06-25,App
C01195,South,Bengaluru,13.02369,77.62747,2025-02-16,Web
C01196,East,Patna,22.47194,88.29032,2024-12-30,App
C01197,West,Mumbai,19.16465,72.79312,2025-08-12,App
C01198,North,Chandigarh,28.69688,77.22464,2025-07-19,Web
C01199,North,Jaipur,28.71264,77.18982,2025-05-17,App
C01200,West,Ahmedabad,18.97939,72.87119,2024-03-10,Web
C01201,East,Patna,22.6202,88.34942,2024-09-13,Web
C01202,East,Bhubaneswar,22.51337,88.25805,2025-03-31,Web
C01203,East,Bhubaneswar,22.4961,88.39689,2025-07-24,App
C01204,East,Bhubaneswar,22.67488,88.33759,2024-08-10,App
C01205,North,Delhi,28.48832,77.2956,2025-07-31,Web
C01206,South,Hyderabad,12.95528,77.60589,2024-11-12,App
C01207,East,Patna,22.57584,88.40453,2025-03-31,Web
C01208,West,Pune,19.08788,72.91361,2024-10-14,App
C01209,South,Hyderabad,12.99843,77.56172,2025-06-24,Web
C01210,North,Jaipur,28.66025,77.29726,2025-04-11,App
C01211,West,Pune,19.12564,72.87892,2024-08-15,App
C01212,West,Mumbai,19.12442,72.9663,2025-06-16,App
C01213,South,Chennai,13.1136,77.56168,2024-11-03,Web
C01214,East,Patna,22.54622,88.4071,2025-04-25,App
C01215,North,Delhi,28.63915,77.11364,2025-02-05,App
C01216,South,Bengaluru,12.94556,77.60242,2025-03-20,Web
C01217,East,Patna,22.52929,88.43384,2025-07-19,Web
C01218,South,Bengaluru,12.95999,77.52598,2024-01-25,App
C01219,North,Delhi,28.5938,77.35549,2024-06-23,App
C01220,South,Hyderabad,12.90897,77.4776,2025-09-08,App
C01221,South,Chennai,13.09694,77.5885,2024-09-12,App
C01222,North,Jaipur,28.69311,77.27379,2024-10-24,App
C01223,South,Hyderabad,13.01351,77.497,2024-08-21,App
C01224,North,Jaipur,28.57902,77.21264,2025-08-14,App
C01225,South,Hyderabad,12.9529,77.67914,2024-05-25,App
C01226,South,Bengaluru,13.00214,77.58743,2024-04-19,App
C01227,South,Hyderabad,12.9506,77.56494,2024-06-14,App
C01228,East,Kolkata,22.58522,88.31281,2025-05-16,Web
C01229,South,Hyderabad,13.06416,77.6824,2024-08-28,App
C01230,South,Chennai,12.97109,77.58687,2025-01-15,App
C01231,South,Bengaluru,12.98499,77.63551,2024-11-02,App
C01232,North,Delhi,28.65949,77.26825,2025-08-22,App
C01233,West,Pune,19.04111,72.83896,2024-05-18,App
C01234,North,Delhi,28.61341,77.32486,2025-06-21,App
C01235,North,Chandigarh,28.54082,77.27703,2024-02-20,App
C01236,East,Kolkata,22.47664,88.39493,2025-04-12,App
C01237,South,Hyderabad,13.01175,77.5698,2025-03-14,Web
C01238,West,Ahmedabad,19.02742,72.92933,2024-08-27,App
C01239,South,Bengaluru,12.98734,77.51023,2024-06-06,App
C01240,North,Chandigarh,28.69454,77.21477,2025-07-03,App
C01241,West,Pune,19.14297,72.85645,2024-07-08,App
C01242,South,Bengaluru,13.01822,77.63187,2024-05-12,App
C01243,North,Delhi,28.62,77.21237,2024-09-15,App
C01244,West,Mumbai,19.13922,72.93979,2024-10-23,App
C01245,North,Chandigarh,28.67623,77.18929,2025-02-14,App
C01246,West,Ahmedabad,18.98535,72.91286,2024-03-01,App
C01247,North,Chandigarh,28.63836,77.24474,2025-05-28,App
C01248,South,Chennai,12.97451,77.6572,2024-09-05,App
C01249,South,Bengaluru,13.0286,77.57645,2024-06-02,App
C01250,West,Pune,19.02344,72.85341,2024-03-28,App
C01251,West,Ahmedabad,19.09043,72.95159,2024-08-23,App
C01252,East,Bhubaneswar,22.61656,88.35966,2025-05-06,Web
C01253,West,Mumbai,19.14342,72.84805,2024-12-26,Web
C01254,North,Chandigarh,28.51817,77.29075,2025-04-10,Web
C01255,West,Ahmedabad,19.04653,72.93259,2024-03-22,App
C01256,North,Delhi,28.57106,77.22786,2024-07-10,App
C01257,South,Bengaluru,12.9409,77.55727,2025-03-31,App
C01258,East,Patna,22.68328,88.43763,2024-01-12,App
C01259,North,Delhi,28.65323,77.34588,2024-03-26,App
C01260,West,Ahmedabad,19.13345,72.74499,2024-01-21,App
C01261,East,Bhubaneswar,22.55471,88.46228,2024-03-15,App
C01262,West,Pune,19.04257,72.75135,2024-02-11,App
C01263,North,Delhi,28.60037,77.30551,2025-04-08,App
C01264,West,Pune,18.91684,73.01642,2024-03-17,Web
C01265,East,Kolkata,22.47995,88.34333,2024-03-14,App
C01266,West,Pune,18.99309,72.84651,2024-11-27,App
C01267,East,Patna,22.56178,88.4706,2024-11-08,App
C01268,South,Hyderabad,12.96764,77.58911,2025-03-02,App
C01269,West,Mumbai,19.0553,72.88759,2025-02-06,App
C01270,East,Patna,22.48644,88.27609,2024-02-08,App
C01271,North,Jaipur,28.67,77.21144,2024-03-01,App
C01272,East,Bhubaneswar,22.53666,88.33155,2024-06-28,App
C01273,West,Pune,19.09183,72.83763,2025-02-14,App
C01274,East,Bhubaneswar,22.54633,88.39194,2024-11-13,App
C01275,South,Chennai,12.95511,77.55421,2024-05-11,App
C01276,South,Chennai,13.00313,77.57595,2024-12-31,App
C01277,South,Chennai,12.90393,77.59879,2024-02-23,App
C01278,North,Jaipur,28.58879,77.08652,2024-10-08,App
C01279,South,Bengaluru,12.96166,77.56387,2025-07-16,App
C01280,North,Jaipur,28.65688,77.18142,2024-09-24,Web
C01281,East,Bhubaneswar,22.5313,88.38669,2024-11-11,App
C01282,North,Jaipur,28.56012,77.24102,2025-04-08,App
C01283,East,Bhubaneswar,22.66703,88.4516,2025-06-30,App
C01284,West,Mumbai,19.04832,72.89345,2024-02-03,Web
C01285,West,Mumbai,19.09623,72.82873,2024-09-08,App
C01286,East,Patna,22.65927,88.38011,2024-09-24,App
C01287,North,Delhi,28.62063,77.14489,2025-06-30,App
C01288,West,Ahmedabad,19.04896,72.89821,2024-03-26,App
C01289,North,Delhi,28.48295,77.28703,2024-02-28,App
C01290,South,Chennai,12.88743,77.57186,2024-10-19,App
C01291,West,Pune,19.08662,72.85527,2024-08-31,App
C01292,South,Chennai,12.91691,77.64814,2025-07-23,App
C01293,South,Bengaluru,12.86167,77.51748,2024-11-22,Web
C01294,East,Bhubaneswar,22.56896,88.23926,2024-07-02,App
C01295,South,Bengaluru,12.87812,77.56604,2025-10-08,App
C01296,West,Mumbai,19.13246,72.87196,2025-06-08,App
C01297,West,Mumbai,19.14052,72.91763,2024-02-06,App
C01298,East,Bhubaneswar,22.5999,88.39145,2024-06-26,App
C01299,East,Patna,22.60584,88.32642,2024-01-05,App
C01300,South,Hyderabad,12.90349,77.489,2025-01-13,App
C01301,West,Ahmedabad,19.18182,72.87895,2025-07-23,App
C01302,East,Kolkata,22.64519,88.29945,2024-12-31,App
C01303,East,Kolkata,22.61434,88.46807,2024-02-09,App
C01304,West,Mumbai,19.06434,72.86744,2024-06-18,Web
C01305,South,Hyderabad,13.06565,77.62785,2024-12-06,App
C01306,North,Chandigarh,28.64356,77.25018,2025-01-07,App
C01307,South,Chennai,12.99497,77.60032,2024-04-25,App
C01308,South,Chennai,13.04514,77.54763,2025-07-06,App
C01309,West,Mumbai,19.08292,72.86245,2025-02-03,App
C01310,West,Pune,18.97968,72.86989,2024-12-13,App
C01311,South,Chennai,13.04172,77.47038,2025-04-10,App
C01312,North,Chandigarh,28.69633,77.24391,2025-02-26,App
C01313,East,Kolkata,22.39608,88.43918,2024-04-01,App
C01314,South,Hyderabad,13.0366,77.54311,2024-05-14,App
C01315,East,Patna,22.6056,88.40989,2024-08-08,App
C01316,East,Patna,22.56989,88.34414,2025-05-14,App
C01317,North,Chandigarh,28.68315,77.25771,2025-01-19,Web
C01318,West,Ahmedabad,19.12975,72.83532,2024-07-26,App
C01319,East,Bhubaneswar,22.66025,88.4509,2025-09-14,App
C01320,East,Kolkata,22.54404,88.35864,2024-06-08,App
C01321,North,Chandigarh,28.49666,77.17528,2025-04-19,App
C01322,North,Delhi,28.62372,77.24594,2024-08-21,App
C01323,West,Pune,19.01912,72.92283,2025-03-24,App
C01324,East,Patna,22.64051,88.2775,2024-05-20,Web
C01325,South,Chennai,13.06985,77.64416,2025-07-05,Web
C01326,South,Chennai,12.92903,77.46819,2025-01-17,App
C01327,North,Jaipur,28.62199,77.27121,2024-01-12,App
C01328,West,Ahmedabad,19.15647,72.8652,2024-10-29,App
C01329,South,Bengaluru,12.81,77.57256,2024-12-12,App
C01330,North,Delhi,28.62135,77.14699,2025-02-27,App
C01331,North,Delhi,28.5298,77.0959,2024-09-15,App
C01332,West,Mumbai,19.03482,72.93035,2025-09-26,App
C01333,North,Jaipur,28.62164,77.17748,2024-06-18,App
C01334,South,Bengaluru,12.80155,77.68466,2024-06-27,App
C01335,North,Jaipur,28.6065,77.30505,2024-01-08,App
C01336,East,Patna,22.55112,88.37365,2025-07-08,App
C01337,North,Delhi,28.70488,77.26547,2025-08-18,App
C01338,North,Chandigarh,28.69032,77.23167,2024-08-19,App
C01339,South,Bengaluru,12.80797,77.55292,2025-03-03,App
C01340,West,Ahmedabad,19.06783,72.97137,2024-08-21,Web
C01341,North,Chandigarh,28.64147,77.27699,2024-06-29,App
C01342,North,Delhi,28.65217,77.09881,2025-10-06,App
C01343,South,Chennai,12.94445,77.53272,2025-05-28,App
C01344,South,Hyderabad,12.89239,77.61682,2025-08-16,App
C01345,South,Chennai,12.9887,77.6125,2024-11-06,App
C01346,East,Patna,22.60198,88.35985,2025-02-15,Web
C01347,West,Ahmedabad,19.07924,72.74194,2024-11-26,App
C01348,East,Bhubaneswar,22.59689,88.40551,2025-02-18,Web
C01349,South,Hyderabad,13.00559,77.58846,2025-02-02,App
C01350,South,Chennai,12.91598,77.6473,2025-10-02,App
C01351,West,Pune,19.09019,73.02439,2024-01-27,App
C01352,West,Mumbai,19.09151,72.90851,2025-07-17,App
C01353,South,Chennai,13.00178,77.51857,2024-09-02,App
C01354,South,Hyderabad,13.01468,77.63165,2025-09-10,App
C01355,West,Pune,19.08519,72.77338,2024-10-06,App
C01356,East,Bhubaneswar,22.53439,88.30384,2024-04-29,App
C01357,North,Chandigarh,28.60178,77.11743,2024-02-13,App
C01358,South,Bengaluru,12.94033,77.49744,2024-05-11,App
C01359,West,Ahmedabad,19.0916,72.8497,2025-04-11,App
C01360,East,Bhubaneswar,22.56426,88.32401,2025-06-24,App
C01361,West,Pune,19.03315,72.78279,2024-06-23,App
C01362,South,Hyderabad,12.9692,77.60907,2025-06-14,App
C01363,North,Delhi,28.72869,77.23509,2025-07-08,App
C01364,East,Bhubaneswar,22.49352,88.39505,2024-04-10,App
C01365,West,Pune,19.23666,73.03868,2024-06-04,Web
C01366,East,Patna,22.59841,88.44121,2024-12-13,App
C01367,East,Kolkata,22.47436,88.38606,2025-08-25,App
C01368,East,Bhubaneswar,22.62443,88.39369,2024-09-06,Web
C01369,North,Delhi,28.65621,77.28514,2024-06-13,App
C01370,West,Ahmedabad,19.14839,72.80768,2024-04-30,App
C01371,South,Chennai,13.01187,77.59304,2024-07-18,Web
C01372,South,Hyderabad,13.06087,77.69997,2024-05-09,App
C01373,South,Hyderabad,13.07044,77.6557,2025-07-26,App
C01374,North,Chandigarh,28.83939,77.27572,2024-06-23,App
C01375,West,Ahmedabad,19.13511,72.85325,2024-02-23,App
C01376,North,Chandigarh,28.64519,77.21963,2025-07-12,App
C01377,North,Chandigarh,28.59783,77.18613,2025-02-08,App
C01378,North,Delhi,28.62869,77.23549,2025-04-23,App
C01379,West,Mumbai,18.97267,72.83537,2024-05-23,App
C01380,West,Pune,19.15562,72.93179,2025-07-18,App
C01381,South,Chennai,13.09383,77.56907,2024-11-04,Web
C01382,South,Hyderabad,12.91897,77.50053,2024-08-11,App
C01383,South,Hyderabad,12.89721,77.6203,2025-05-27,App
C01384,South,Chennai,12.93078,77.69352,2025-07-15,App
C01385,North,Delhi,28.63136,77.19373,2024-02-03,App
C01386,West,Pune,19.05934,72.9645,2024-06-20,App
C01387,South,Chennai,13.03242,77.56609,2025-02-26,App
C01388,South,Hyderabad,13.01566,77.53632,2024-08-03,App
C01389,West,Pune,18.99865,73.05335,2024-09-30,Web
C01390,North,Unknown,28.61632,77.19741,2025-02-21,App
C01391,North,Delhi,28.61153,77.2261,2025-06-14,App
C01392,North,Delhi,28.61039,77.13419,2024-12-07,Web
C01393,South,Chennai,12.96929,77.53404,2025-06-14,App
C01394,North,Jaipur,28.62529,77.16334,2024-02-15,App
C01395,East,Patna,22.6811,88.38544,2025-05-25,App
C01396,West,Ahmedabad,19.02571,72.90661,2024-11-10,Web
C01397,West,Mumbai,19.0523,72.87289,2024-01-16,App
C01398,North,Jaipur,28.56612,77.23064,2025-02-21,App
C01399,East,Patna,22.55075,88.31117,2024-07-18,Web
C01400,South,Bengaluru,12.97903,77.63598,2025-09-29,App
C01401,East,Bhubaneswar,22.6205,88.41658,2024-10-11,Web
C01402,West,Pune,19.21555,73.02585,2024-05-13,Web
C01403,South,Chennai,12.79281,77.59699,2025-08-23,Web
C01404,North,Delhi,28.582,77.28216,2024-03-27,App
C01405,North,Delhi,28.6292,77.24256,2024-04-12,App
C01406,East,Kolkata,22.50615,88.25786,2025-06-03,App
C01407,South,Chennai,12.9094,77.57704,2025-03-05,Web
C01408,West,Ahmedabad,19.10831,72.90995,2025-06-08,App
C01409,West,Pune,18.98105,72.90862,2024-09-19,App
C01410,East,Bhubaneswar,22.59087,88.36929,2025-05-16,App
C01411,North,Delhi,28.49781,77.27396,2025-08-23,App
C01412,East,Patna,22.6824,88.37535,2024-12-08,App
C01413,North,Delhi,28.54895,77.27639,2025-05-03,App
C01414,South,Bengaluru,13.05851,77.6739,2024-07-19,App
C01415,North,Chandigarh,28.70076,77.24252,2025-08-12,App
C01416,South,Bengaluru,13.028,77.56992,2025-07-29,App
C01417,South,Bengaluru,12.8332,77.70501,2025-09-12,App
C01418,East,Kolkata,22.58297,88.40388,2025-05-10,App
C01419,East,Bhubaneswar,22.45846,88.3457,2024-05-24,App
C01420,West,Pune,19.07172,72.79823,2025-04-27,Web
C01421,South,Chennai,13.02714,77.59144,2024-02-11,App
C01422,South,Bengaluru,13.04047,77.52777,2024-06-26,App
C01423,North,Jaipur,28.55684,77.32111,2025-04-08,App
C01424,West,Pune,19.12233,72.76059,2024-09-20,App
C01425,East,Bhubaneswar,22.45838,88.18339,2024-01-26,Web
C01426,West,Ahmedabad,19.12551,72.92707,2025-07-19,Web
C01427,West,Pune,18.96474,72.83759,2025-02-10,Web
C01428,West,Ahmedabad,19.04027,72.83049,2025-04-20,Web
C01429,South,Unknown,13.00644,77.61013,2025-03-22,App
C01430,South,Chennai,13.00092,77.63463,2024-10-16,App
C01431,North,Chandigarh,28.65817,77.07775,2024-12-23,App
C01432,South,Bengaluru,12.94643,77.6077,2025-01-11,App
C01433,East,Bhubaneswar,22.56628,88.48336,2024-10-03,App
C01434,West,Mumbai,19.0726,72.88552,2024-09-07,App
C01435,East,Patna,22.65822,88.34694,2024-04-08,App
C01436,West,Mumbai,19.06427,72.86115,2025-07-30,App
C01437,East,Patna,22.38704,88.3416,2025-09-15,App
C01438,West,Ahmedabad,18.94837,72.84124,2025-09-11,App
C01439,West,Mumbai,18.98546,72.87414,2024-06-14,App
C01440,East,Kolkata,22.60215,88.48477,2024-01-17,App
C01441,South,Bengaluru,12.99311,77.68429,2024-06-02,App
C01442,West,Pune,19.07199,72.80741,2025-08-03,App
C01443,North,Jaipur,28.73042,77.28282,2024-08-23,App
C01444,South,Bengaluru,13.00073,77.69655,2025-07-12,App
C01445,West,Pune,19.15012,72.83917,2025-04-06,Web
C01446,West,Mumbai,19.16361,72.84481,2025-01-13,App
C01447,South,Bengaluru,12.91963,77.5345,2024-01-24,App
C01448,West,Mumbai,19.03819,72.75537,2025-05-29,App
C01449,East,Bhubaneswar,22.47438,88.42292,2025-10-10,App
C01450,West,Mumbai,19.14083,72.92675,2025-05-26,Web
C01451,South,Hyderabad,13.08829,77.42456,2025-09-15,App
C01452,East,Bhubaneswar,22.59112,88.38157,2025-04-04,App
C01453,North,Chandigarh,28.50843,77.10183,2024-10-14,App
C01454,North,Jaipur,28.66741,77.2448,2025-09-12,App
C01455,South,Hyderabad,13.11314,77.57321,2024-01-11,App
C01456,South,Chennai,13.02646,77.58463,2024-03-24,App
C01457,South,Hyderabad,13.02005,77.57503,2025-01-14,App
C01458,West,Ahmedabad,19.01463,72.85425,2024-08-01,App
C01459,North,Delhi,28.57467,77.19987,2025-06-09,App
C01460,North,Delhi,28.60574,77.24927,2025-03-06,App
C01461,West,Pune,19.12686,72.90966,2025-01-06,App
C01462,East,Kolkata,22.3721,88.38145,2024-05-07,Web
C01463,South,Hyderabad,13.06229,77.72561,2025-08-06,App
C01464,East,Kolkata,22.58813,88.3831,2024-05-11,App
C01465,North,Delhi,28.4924,77.2157,2025-04-28,App
C01466,West,Mumbai,19.0914,72.83478,2025-04-06,App
C01467,West,Mumbai,19.23142,73.04051,2024-06-22,App
C01468,East,Kolkata,22.49871,88.362,2025-05-23,App
C01469,North,Delhi,28.58658,77.157,2024-06-07,App
C01470,North,Jaipur,28.52973,77.16166,2024-11-17,App
C01471,South,Hyderabad,13.00342,77.53147,2025-08-30,App
C01472,North,Chandigarh,28.70226,77.20012,2024-12-02,App
C01473,East,Bhubaneswar,22.60069,88.27691,2024-01-05,Web
C01474,West,Ahmedabad,19.06136,72.94887,2024-11-01,App
C01475,West,Ahmedabad,19.04391,72.85743,2024-10-11,App
C01476,North,Jaipur,28.54755,77.3388,2024-03-10,App
C01477,West,Ahmedabad,19.05111,72.91944,2024-08-05,Web
C01478,South,Hyderabad,12.87581,77.67693,2024-05-23,App
C01479,West,Pune,18.94653,72.88787,2024-06-04,App
C01480,North,Jaipur,28.73223,77.12499,2024-01-25,App
C01481,South,Chennai,12.94757,77.62689,2024-03-06,App
C01482,West,Pune,19.11869,72.93305,2024-04-13,App
C01483,West,Ahmedabad,19.01119,72.93184,2024-02-18,App
C01484,West,Ahmedabad,19.17725,73.02877,2025-05-07,Web
C01485,West,Ahmedabad,18.96539,72.78881,2025-08-25,App
C01486,East,Patna,22.6271,88.28214,2024-06-24,Web
C01487,North,Chandigarh,28.5846,77.19296,2024-05-17,App
C01488,North,Jaipur,28.60224,77.18069,2024-01-20,App
C01489,North,Chandigarh,28.62911,77.22258,2024-01-16,App
C01490,North,Jaipur,28.5965,77.2468,2025-06-27,App
C01491,South,Hyderabad,12.96194,77.61605,2024-10-02,App
C01492,East,Patna,22.59652,88.29136,2025-07-19,App
C01493,North,Jaipur,28.54175,77.16991,2024-04-21,App
C01494,North,Delhi,28.52238,77.14715,2024-06-08,App
C01495,South,Hyderabad,13.0468,77.46162,2024-05-29,App
C01496,East,Patna,22.51507,88.3744,2024-01-21,App
C01497,South,Hyderabad,12.93225,77.64713,2024-05-11,App
C01498,South,Bengaluru,12.90604,77.66438,2025-06-18,App
C01499,North,Jaipur,28.54948,77.18658,2024-04-16,App
C01500,North,Jaipur,28.65046,77.21146,2024-11-24,App
C01501,South,Hyderabad,12.82196,77.55645,2024-08-07,App
C01502,South,Chennai,13.1081,77.59567,2024-04-27,App
C01503,East,Kolkata,22.47293,88.31733,2024-06-13,Web
C01504,North,Jaipur,28.61852,77.16428,2024-07-27,App
C01505,South,Hyderabad,12.91997,77.58584,2025-03-21,Web
C01506,West,Pune,18.9706,72.84325,2024-02-22,Web
C01507,North,Delhi,28.4685,77.18094,2025-07-22,App
C01508,North,Chandigarh,28.5733,77.27422,2024-11-24,App
C01509,North,Chandigarh,28.71693,77.17608,2025-01-09,App
C01510,South,Chennai,12.99854,77.6727,2024-03-26,App
C01511,East,Patna,22.55758,88.38834,2024-05-25,App
C01512,East,Bhubaneswar,22.55755,88.4081,2025-09-09,Web
C01513,North,Chandigarh,28.71918,77.0629,2024-09-24,App
C01514,East,Bhubaneswar,22.61142,88.4454,2024-12-21,App
C01515,North,Jaipur,28.60899,77.20088,2024-03-05,App
C01516,East,Kolkata,22.53586,88.3836,2024-10-12,App
C01517,North,Jaipur,28.49813,77.21124,2025-05-16,App
C01518,West,Mumbai,19.03017,72.78304,2024-03-14,App
C01519,East,Patna,22.55097,88.36283,2024-12-31,App
C01520,North,Chandigarh,28.66786,77.27922,2024-03-01,App
C01521,North,Chandigarh,28.58008,77.14245,2024-01-08,Web
C01522,North,Delhi,28.66317,77.23576,2024-12-22,App
C01523,North,Delhi,28.62103,77.19867,2025-08-28,App
C01524,South,Chennai,12.92599,77.58162,2024-12-02,App
C01525,East,Patna,22.53691,88.27917,2024-03-06,App
C01526,West,Mumbai,19.1423,72.8556,2025-03-01,App
C01527,South,Hyderabad,12.96683,77.66133,2024-07-12,App
C01528,East,Kolkata,22.61351,88.32787,2024-12-18,App
C01529,South,Hyderabad,12.92667,77.66161,2024-06-23,App
C01530,South,Chennai,13.00198,77.52891,2024-08-20,App
C01531,South,Bengaluru,12.98603,77.57484,2025-04-14,App
C01532,South,Hyderabad,13.06592,77.68331,2025-04-14,Web
C01533,North,Chandigarh,28.49115,77.21653,2025-02-07,App
C01534,South,Bengaluru,12.8356,77.47525,2024-01-03,App
C01535,South,Hyderabad,12.94356,77.61027,2024-08-28,App
C01536,West,Pune,19.03046,72.8835,2024-01-03,App
C01537,South,Chennai,13.031,77.59197,2025-02-20,App
C01538,West,Pune,18.98722,72.88,2024-03-26,App
C01539,North,Delhi,28.68291,77.20292,2025-10-01,App
C01540,North,Chandigarh,28.5095,77.28942,2024-12-21,App
C01541,South,Bengaluru,13.005,77.55955,2025-09-13,App
C01542,East,Patna,22.5071,88.32891,2024-01-03,Web
C01543,South,Chennai,13.02703,77.49981,2025-04-29,App
C01544,South,Chennai,13.07511,77.62115,2024-08-04,App
C01545,East,Patna,22.63485,88.38804,2024-07-17,App
C01546,West,Ahmedabad,19.14493,72.91528,2024-07-14,App
C01547,West,Ahmedabad,19.09125,72.82666,2025-07-06,Web
C01548,North,Delhi,28.69569,77.29557,2024-12-20,App
C01549,North,Chandigarh,28.60386,77.35309,2024-11-22,Web
C01550,South,Chennai,12.83596,77.5496,2024-07-27,App
C01551,East,Kolkata,22.56383,88.36573,2024-01-27,App
C01552,North,Delhi,28.60083,77.25526,2025-06-25,Web
C01553,South,Chennai,12.99601,77.54897,2024-11-16,App
C01554,East,Kolkata,22.60896,88.29036,2024-07-20,App
C01555,North,Delhi,28.55418,77.1754,2025-05-18,App
C01556,West,Ahmedabad,19.12577,72.81786,2024-03-11,App
C01557,South,Bengaluru,13.12065,77.58816,2024-09-02,App
C01558,South,Bengaluru,12.8776,77.64451,2024-01-16,App
C01559,West,Pune,19.01751,72.86112,2024-09-25,App
C01560,West,Ahmedabad,19.10887,72.83861,2024-03-19,App
C01561,West,Ahmedabad,19.10263,72.88406,2024-03-11,App
C01562,West,Ahmedabad,19.13957,72.87678,2025-02-25,App
C01563,North,Delhi,28.68135,77.25893,2025-05-19,App
C01564,East,Kolkata,22.57244,88.27287,2024-02-06,Web
C01565,North,Jaipur,28.58921,77.25069,2025-06-13,App
C01566,South,Chennai,13.07822,77.682,2024-10-07,App
C01567,East,Bhubaneswar,22.54304,88.39751,2024-04-11,App
C01568,East,Bhubaneswar,22.55843,88.32602,2024-01-31,App
C01569,East,Bhubaneswar,22.60268,88.42346,2025-02-14,App
C01570,East,Kolkata,22.63051,88.38678,2025-06-23,App
C01571,South,Bengaluru,13.00996,77.57742,2024-05-01,Web
C01572,North,Jaipur,28.6584,77.20404,2025-08-18,App
C01573,West,Pune,19.07839,72.85014,2024-09-05,Web
C01574,South,Chennai,12.9257,77.61687,2025-01-04,App
C01575,East,Kolkata,22.44853,88.38844,2024-07-04,App
C01576,East,Patna,22.47428,88.31771,2025-02-23,App
C01577,East,Patna,22.54877,88.27785,2024-08-27,App
C01578,South,Hyderabad,13.03292,77.40475,2024-02-03,App
C01579,East,Patna,22.6054,88.23813,2025-08-26,App
C01580,West,Mumbai,19.04163,72.9144,2024-11-03,App
C01581,South,Bengaluru,12.99597,77.51214,2025-05-07,App
C01582,South,Hyderabad,12.99408,77.50419,2024-02-28,App
C01583,West,Ahmedabad,19.06448,72.89382,2025-04-15,App
C01584,South,Bengaluru,12.90468,77.50339,2024-05-26,App
C01585,East,Bhubaneswar,22.60347,88.2342,2024-04-12,App
C01586,West,Mumbai,19.0443,72.79289,2024-01-14,App
C01587,South,Bengaluru,12.93843,77.61668,2024-01-14,App
C01588,North,Delhi,28.59889,77.26025,2025-08-09,App
C01589,North,Chandigarh,28.71444,77.30592,2025-01-29,App
C01590,West,Pune,18.94751,72.86923,2025-02-13,App
C01591,East,Kolkata,22.57202,88.2726,2025-08-21,App
C01592,South,Chennai,12.9933,77.54743,2025-09-12,App
C01593,West,Pune,19.01419,72.93911,2024-07-07,App
C01594,North,Delhi,28.51382,77.21354,2025-02-22,Web
C01595,West,Ahmedabad,19.06824,72.94982,2025-10-06,App
C01596,South,Hyderabad,12.77136,77.46181,2024-11-05,App
C01597,North,Delhi,28.62872,77.1743,2024-11-01,App
C01598,East,Kolkata,22.5426,88.42343,2024-01-20,Web
C01599,West,Pune,19.08058,72.82406,2025-06-01,App
C01600,North,Delhi,28.56751,77.29788,2024-09-14,App
C01601,South,Hyderabad,13.10646,77.68697,2024-03-21,App
C01602,North,Delhi,28.57863,77.18369,2024-10-09,App
C01603,West,Mumbai,19.15363,72.89193,2025-04-28,App
C01604,East,Bhubaneswar,22.57291,88.36556,2025-05-09,App
C01605,North,Delhi,28.49848,77.20526,2024-08-09,App
C01606,North,Jaipur,28.7328,77.28018,2025-03-29,App
C01607,West,Pune,19.16949,72.82338,2024-07-02,App
C01608,North,Chandigarh,28.73675,77.23125,2024-02-10,App
C01609,East,Bhubaneswar,22.51572,88.3188,2025-03-13,Web
C01610,West,Mumbai,19.06752,72.93795,2024-11-03,App
C01611,South,Bengaluru,12.95381,77.72786,2025-06-30,App
C01612,South,Chennai,13.03356,77.47222,2024-06-25,App
C01613,South,Hyderabad,12.90821,77.42219,2025-04-01,Web
C01614,East,Patna,22.51589,88.19613,2025-01-12,App
C01615,South,Hyderabad,12.88669,77.62,2024-12-29,App
C01616,North,Chandigarh,28.59086,77.20752,2024-02-05,App
C01617,North,Delhi,28.59438,77.17198,2024-08-15,App
C01618,West,Mumbai,19.09652,72.80357,2025-08-19,App
C01619,East,Patna,22.62008,88.39322,2024-12-27,App
C01620,East,Patna,22.56478,88.37463,2024-09-09,App
C01621,North,Jaipur,28.61398,77.21684,2024-08-09,App
C01622,South,Bengaluru,12.97979,77.60759,2025-06-24,App
C01623,West,Mumbai,19.03982,72.94159,2024-01-02,App
C01624,South,Bengaluru,13.01386,77.70482,2024-10-19,App
C01625,West,Ahmedabad,19.14931,72.84562,2025-09-23,App
C01626,North,Chandigarh,28.66054,77.21508,2025-07-01,App
C01627,West,Ahmedabad,19.1956,72.9139,2024-01-13,App
C01628,West,Mumbai,19.06588,72.90451,2025-01-20,App
C01629,North,Delhi,28.59358,77.21927,2024-12-21,App
C01630,West,Ahmedabad,18.95464,72.72425,2024-08-23,App
C01631,South,Chennai,12.92587,77.74101,2025-03-17,Web
C01632,South,Hyderabad,12.94588,77.63315,2025-07-23,Web
C01633,North,Delhi,28.5973,77.15222,2024-11-23,App
C01634,North,Chandigarh,28.59962,77.19814,2025-02-18,Web
C01635,West,Pune,19.21162,72.86684,2025-09-05,Web
C01636,South,Hyderabad,12.98134,77.57816,2024-10-23,Web
C01637,South,Hyderabad,12.98828,77.62917,2024-01-09,App
C01638,East,Kolkata,22.56016,88.33612,2024-09-11,App
C01639,South,Bengaluru,13.05971,77.54905,2024-12-23,App
C01640,North,Chandigarh,28.56228,77.2508,2024-05-25,App
C01641,East,Patna,22.6782,88.31524,2025-09-11,App
C01642,South,Hyderabad,13.02128,77.60184,2024-10-12,App
C01643,East,Kolkata,22.50266,88.33859,2025-09-01,App
C01644,South,Bengaluru,12.9993,77.65229,2024-02-24,App
C01645,South,Bengaluru,12.91941,77.66827,2024-04-11,App
C01646,West,Pune,19.12438,72.77921,2024-04-29,App
C01647,South,Hyderabad,12.90053,77.48445,2025-02-03,Web
C01648,South,Chennai,13.05314,77.58988,2025-09-11,App
C01649,South,Hyderabad,12.9791,77.63434,2024-04-24,App
C01650,South,Bengaluru,13.01253,77.56191,2025-06-16,App
C01651,North,Chandigarh,28.5573,77.2015,2024-07-19,Web
C01652,West,Ahmedabad,19.16925,72.78717,2024-06-17,App
C01653,South,Hyderabad,12.84888,77.49259,2024-02-13,App
C01654,South,Hyderabad,13.07524,77.55436,2024-01-23,App
C01655,West,Ahmedabad,19.08528,72.8203,2025-06-15,App
C01656,South,Chennai,12.93012,77.47632,2024-03-31,App
C01657,West,Mumbai,19.09832,72.96121,2024-02-07,Web
C01658,South,Chennai,12.91935,77.56188,2024-12-01,Web
C01659,South,Chennai,13.11207,77.51744,2025-02-26,Web
C01660,West,Ahmedabad,19.06633,72.81784,2024-04-05,App
C01661,South,Bengaluru,12.94191,77.6313,2025-09-23,App
C01662,South,Hyderabad,12.94656,77.60636,2024-11-28,App
C01663,South,Bengaluru,12.89873,77.71478,2024-05-21,Web
C01664,North,Chandigarh,28.62287,77.37927,2025-06-14,Web
C01665,West,Ahmedabad,19.13643,72.84629,2025-05-24,App
C01666,North,Chandigarh,28.72169,77.1264,2025-03-07,App
C01667,West,Ahmedabad,19.03137,72.78402,2024-03-09,App
C01668,North,Delhi,28.67876,77.13695,2024-01-03,App
C01669,East,Patna,22.59457,88.31848,2024-02-28,App
C01670,East,Patna,22.61225,88.41028,2024-02-29,Web
C01671,East,Patna,22.63114,88.40934,2024-07-02,App
C01672,East,Patna,22.53045,88.28083,2024-06-15,App
C01673,West,Mumbai,19.00431,73.00832,2024-01-28,Web
C01674,South,Hyderabad,12.99452,77.57939,2025-04-10,App
C01675,West,Pune,19.15093,72.88835,2025-07-25,App
C01676,South,Chennai,12.93157,77.53133,2024-05-25,App
C01677,East,Kolkata,22.74539,88.28772,2025-04-12,App
C01678,East,Kolkata,22.49385,88.34535,2024-12-04,App
C01679,East,Patna,22.49274,88.36428,2025-04-19,App
C01680,West,Ahmedabad,19.18809,72.8822,2024-05-27,Web
C01681,East,Patna,22.61582,88.25724,2024-03-19,App
C01682,South,Chennai,12.91149,77.55213,2024-10-20,App
C01683,South,Hyderabad,12.92761,77.59967,2024-08-23,App
C01684,West,Mumbai,19.06887,72.75065,2024-02-21,App
C01685,West,Ahmedabad,19.1016,72.91795,2025-04-22,App
C01686,South,Hyderabad,13.05347,77.61841,2024-01-13,App
C01687,North,Delhi,28.72914,77.25008,2025-05-04,Web
C01688,South,Hyderabad,12.89754,77.64704,2024-02-12,App
C01689,West,Mumbai,19.10286,72.89177,2025-07-28,App
C01690,West,Mumbai,19.07334,72.84988,2024-01-28,App
C01691,East,Patna,22.50076,88.42454,2024-09-19,App
C01692,North,Jaipur,28.63931,77.31596,2024-11-07,App
C01693,South,Bengaluru,12.99407,77.60065,2024-04-14,App
C01694,North,Jaipur,28.63118,77.10015,2024-08-08,App
C01695,South,Hyderabad,12.96326,77.43055,2025-07-06,Web
C01696,South,Chennai,12.855,77.63429,2025-09-26,App
C01697,East,Patna,22.54965,88.42158,2024-08-21,Web
C01698,East,Kolkata,22.50983,88.48005,2024-09-01,App
C01699,East,Bhubaneswar,22.57706,88.35074,2024-09-04,App
C01700,South,Bengaluru,12.92397,77.61912,2024-03-21,App
C01701,North,Chandigarh,28.6311,77.24987,2025-03-29,App
C01702,West,Mumbai,19.07789,72.79292,2024-12-07,Web
C01703,South,Hyderabad,12.9343,77.60394,2024-12-12,App
C01704,West,Ahmedabad,19.06882,72.8686,2025-02-15,App
C01705,West,Pune,19.07381,72.84975,2024-06-10,App
C01706,South,Bengaluru,12.98697,77.54341,2024-08-17,Web
C01707,East,Patna,22.48834,88.28842,2024-03-22,App
C01708,West,Ahmedabad,19.12759,72.7746,2024-08-03,App
C01709,North,Chandigarh,28.52292,77.21464,2025-10-10,App
C01710,West,Mumbai,19.05876,72.83721,2025-07-17,App
C01711,West,Pune,19.04136,73.02393,2024-11-07,Web
C01712,West,Mumbai,18.9924,72.87725,2024-05-28,App
C01713,East,Kolkata,22.5519,88.38711,2025-04-08,App
C01714,West,Mumbai,19.016,72.87349,2025-08-19,App
C01715,East,Kolkata,22.57302,88.43776,2025-01-14,App
C01716,South,Chennai,13.08614,77.55151,2024-08-27,App
C01717,North,Jaipur,28.72512,77.18036,2024-05-22,App
C01718,South,Hyderabad,12.99703,77.46044,2024-03-04,App
C01719,East,Bhubaneswar,22.55705,88.43469,2024-03-13,App
C01720,West,Ahmedabad,19.03947,72.84783,2025-10-02,App
C01721,South,Hyderabad,12.90396,77.51919,2025-09-16,App
C01722,West,Ahmedabad,19.19495,72.86332,2024-09-03,App
C01723,West,Pune,19.04712,72.96231,2024-11-03,App
C01724,West,Pune,19.12615,72.94113,2025-03-14,App
C01725,North,Jaipur,28.62213,77.23537,2025-05-30,App
C01726,North,Chandigarh,28.56228,77.21528,2024-10-27,App
C01727,North,Chandigarh,28.68662,77.24425,2025-05-12,App
C01728,West,Mumbai,19.08049,72.95575,2025-06-10,App
C01729,West,Ahmedabad,19.07471,72.95634,2024-08-09,Web
C01730,East,Kolkata,22.64719,88.24505,2024-10-23,App
C01731,West,Ahmedabad,19.05262,72.91562,2024-10-01,App
C01732,North,Delhi,28.61841,77.1775,2025-04-20,App
C01733,East,Bhubaneswar,22.60389,88.30324,2024-02-27,Web
C01734,South,Hyderabad,13.02388,77.58197,2025-10-05,App
C01735,South,Chennai,12.91762,77.63665,2024-06-20,App
C01736,West,Pune,19.16243,72.91503,2024-07-07,Web
C01737,South,Bengaluru,12.91032,77.56503,2024-12-26,App
C01738,East,Patna,22.52046,88.43298,2024-06-28,App
C01739,South,Bengaluru,13.07485,77.56865,2024-12-22,App
C01740,West,Mumbai,19.05689,72.92421,2025-05-25,App
C01741,North,Jaipur,28.51931,77.24097,2024-05-21,App
C01742,North,Delhi,28.60771,77.17099,2024-06-25,App
C01743,North,Chandigarh,28.65409,77.10262,2025-06-03,Web
C01744,North,Jaipur,28.7248,77.20598,2024-08-07,App
C01745,North,Delhi,28.68477,77.25663,2025-04-03,Web
C01746,South,Hyderabad,12.95296,77.50302,2025-02-15,App
C01747,West,Mumbai,19.09304,72.95432,2025-07-07,App
C01748,East,Bhubaneswar,22.58202,88.34764,2025-09-30,App
C01749,West,Pune,19.12349,72.85118,2025-06-23,Web
C01750,North,Jaipur,28.52948,77.28502,2024-11-03,App
C01751,West,Mumbai,19.01278,72.98587,2025-07-26,Web
C01752,North,Jaipur,28.55438,77.2845,2025-02-12,App
C01753,West,Mumbai,19.16279,72.91248,2025-09-08,App
C01754,South,Chennai,13.01274,77.64064,2025-10-07,App
C01755,South,Chennai,12.98069,77.57717,2024-11-30,Web
C01756,South,Chennai,12.94982,77.49953,2024-09-03,Web
C01757,North,Chandigarh,28.61644,77.2193,2024-02-19,App
C01758,East,Kolkata,22.5448,88.35214,2024-05-09,App
C01759,East,Patna,22.64906,88.41514,2025-07-30,Web
C01760,East,Patna,22.61214,88.47338,2024-06-14,Web
C01761,East,Bhubaneswar,22.61313,88.35346,2024-02-10,App
C01762,North,Delhi,28.48197,77.22674,2025-06-13,Web
C01763,North,Jaipur,28.71613,77.25188,2025-01-16,App
C01764,East,Patna,22.57952,88.36767,2025-08-05,App
C01765,South,Chennai,12.83353,77.68115,2024-08-05,App
C01766,East,Patna,22.55261,88.29046,2025-02-22,App
C01767,East,Kolkata,22.46987,88.33719,2025-05-02,App
C01768,East,Patna,22.58557,88.26458,2024-09-09,App
C01769,West,Pune,19.07028,72.87134,2024-01-08,Web
C01770,South,Bengaluru,12.94325,77.57674,2025-08-01,Web
C01771,South,Chennai,12.97374,77.58582,2024-10-15,App
C01772,West,Mumbai,19.05041,72.85562,2025-02-03,App
C01773,North,Chandigarh,28.71195,77.26044,2025-06-16,App
C01774,South,Hyderabad,13.00344,77.54225,2025-07-30,App
C01775,East,Bhubaneswar,22.63214,88.32783,2024-07-09,Web
C01776,East,Bhubaneswar,22.51282,88.40415,2024-03-27,App
C01777,East,Bhubaneswar,22.52384,88.41861,2024-04-14,Web
C01778,North,Chandigarh,28.58522,77.11075,2024-06-20,App
C01779,North,Chandigarh,28.58467,77.26683,2024-10-27,App
C01780,South,Hyderabad,12.98123,77.49676,2024-03-26,App
C01781,East,Bhubaneswar,22.59728,88.27843,2024-09-27,App
C01782,East,Bhubaneswar,22.60452,88.26756,2024-08-31,App
C01783,North,Jaipur,28.55634,77.32464,2025-02-18,Web
C01784,North,Jaipur,28.6661,77.26743,2025-07-23,App
C01785,North,Delhi,28.5212,77.22888,2025-01-19,App
C01786,West,Ahmedabad,18.99488,72.95504,2024-12-05,App
C01787,West,Mumbai,19.10841,72.77571,2024-01-31,App
C01788,West,Pune,19.05328,72.94298,2025-01-30,App
C01789,West,Ahmedabad,19.16224,73.00149,2024-04-22,App
C01790,South,Bengaluru,12.92097,77.68203,2024-07-07,Web
C01791,South,Hyderabad,12.93575,77.60924,2025-03-17,App
C01792,South,Hyderabad,12.9788,77.53241,2025-08-25,App
C01793,North,Chandigarh,28.62622,77.33851,2024-09-23,App
C01794,South,Bengaluru,13.00292,77.67388,2025-06-23,App
C01795,South,Bengaluru,12.89196,77.50535,2025-02-08,App
C01796,West,Mumbai,18.99621,72.8902,2024-09-01,App
C01797,West,Mumbai,19.13817,72.81917,2024-01-30,App
C01798,South,Chennai,12.90007,77.61012,2024-02-05,App
C01799,West,Pune,19.12561,72.81652,2024-02-08,App
C01800,South,Chennai,12.98042,77.66859,2024-10-17,App
C01801,South,Chennai,12.99587,77.5755,2024-10-28,Web
C01802,South,Chennai,12.98833,77.63529,2025-07-17,App
C01803,East,Patna,22.67701,88.41718,2024-11-15,App
C01804,South,Hyderabad,12.93691,77.64583,2024-05-11,App
C01805,South,Bengaluru,13.05638,77.58892,2025-10-09,App
C01806,West,Mumbai,19.09989,72.91273,2024-01-16,App
C01807,North,Chandigarh,28.65788,77.24305,2024-03-21,App
C01808,East,Kolkata,22.59494,88.41979,2024-08-20,App
C01809,West,Pune,19.1712,72.84463,2024-10-28,App
C01810,West,Mumbai,19.1285,72.67087,2024-05-24,App
C01811,East,Patna,22.58641,88.47791,2024-06-03,App
C01812,South,Chennai,12.97539,77.66699,2024-07-13,App
C01813,West,Pune,19.06605,72.96407,2025-08-13,App
C01814,North,Chandigarh,28.63743,77.24469,2024-04-12,App
C01815,South,Chennai,13.06704,77.50319,2024-08-22,App
C01816,South,Bengaluru,12.92651,77.56618,2024-04-26,App
C01817,North,Delhi,28.5794,77.18326,2024-06-02,App
C01818,West,Pune,19.03709,72.78009,2024-02-13,App
C01819,North,Jaipur,28.5476,77.12314,2025-07-18,App
C01820,South,Chennai,12.9001,77.67085,2025-05-25,App
C01821,West,Pune,18.97796,72.82113,2024-05-29,App
C01822,South,Bengaluru,12.99115,77.6678,2024-04-18,App
C01823,West,Pune,19.06247,72.94473,2024-09-17,Web
C01824,South,Hyderabad,12.96813,77.47946,2024-08-17,Web
C01825,South,Hyderabad,12.92224,77.6477,2024-12-06,App
C01826,South,Hyderabad,12.91868,77.69362,2025-09-22,App
C01827,South,Hyderabad,13.07961,77.60119,2025-09-27,App
C01828,West,Pune,19.08297,72.93031,2025-03-23,Web
C01829,West,Ahmedabad,19.07951,72.78222,2024-12-07,App
C01830,South,Chennai,12.98594,77.68692,2024-12-30,App
C01831,West,Pune,19.04901,72.89168,2024-02-01,App
C01832,East,Bhubaneswar,22.45396,88.33635,2024-03-17,App
C01833,East,Kolkata,22.6033,88.35336,2024-06-04,App
C01834,East,Bhubaneswar,22.57244,88.43609,2025-03-07,App
C01835,West,Mumbai,19.05731,72.89031,2025-01-06,App
C01836,East,Kolkata,22.56804,88.3439,2024-08-07,App
C01837,West,Pune,19.07111,72.90957,2024-11-03,Web
C01838,West,Mumbai,18.97941,72.85547,2024-05-30,Web
C01839,South,Hyderabad,12.91149,77.71135,2025-08-12,Web
C01840,South,Chennai,12.9445,77.56891,2024-02-05,App
C01841,West,Pune,19.13533,72.88697,2024-10-05,Web
C01842,South,Hyderabad,12.93751,77.6685,2025-01-14,App
C01843,West,Pune,19.04853,72.88421,2024-08-15,App
C01844,East,Bhubaneswar,22.69139,88.28158,2025-01-12,App
C01845,West,Mumbai,19.02826,72.89781,2025-06-15,App
C01846,North,Jaipur,28.58606,77.37751,2025-09-11,App
C01847,West,Ahmedabad,19.09134,72.69775,2024-07-04,App
C01848,South,Chennai,12.90089,77.62936,2024-07-14,App
C01849,West,Mumbai,19.08419,72.9423,2024-08-31,App
C01850,West,Mumbai,19.18436,72.80687,2024-03-12,App
C01851,North,Chandigarh,28.52858,77.27723,2025-01-08,App
C01852,West,Pune,18.96806,72.99564,2024-02-27,App
C01853,North,Jaipur,28.62059,77.22588,2025-02-16,App
C01854,North,Jaipur,28.64687,77.23033,2024-03-30,App
C01855,East,Bhubaneswar,22.60729,88.36514,2024-03-03,App
C01856,West,Pune,19.15308,72.92563,2024-09-27,App
C01857,South,Bengaluru,12.94482,77.63103,2024-01-30,App
C01858,West,Unknown,19.00517,72.84875,2025-01-13,App
C01859,South,Hyderabad,13.048,77.60505,2024-09-15,App
C01860,South,Hyderabad,12.98616,77.57678,2024-08-03,App
C01861,East,Patna,22.59937,88.38983,2024-02-09,App
C01862,South,Hyderabad,13.05528,77.43723,2024-10-14,App
C01863,South,Chennai,12.86016,77.56773,2024-09-04,App
C01864,East,Bhubaneswar,22.6175,88.19832,2025-04-20,Web
C01865,West,Ahmedabad,19.05022,72.86201,2024-03-14,App
C01866,North,Chandigarh,28.56126,77.27842,2024-11-08,App
C01867,North,Delhi,28.49021,77.29693,2025-07-15,App
C01868,East,Patna,22.55779,88.40047,2024-11-09,App
C01869,East,Kolkata,22.61239,88.33326,2025-10-04,Web
C01870,North,Jaipur,28.57439,77.27103,2024-09-02,App
C01871,North,Jaipur,28.51056,77.211,2025-02-21,App
C01872,West,Mumbai,18.97587,72.88448,2024-12-23,App
C01873,East,Kolkata,22.56138,88.45545,2025-07-02,Web
C01874,South,Chennai,12.99481,77.64083,2024-01-29,Web
C01875,North,Chandigarh,28.60575,77.21239,2024-04-22,App
C01876,South,Bengaluru,12.99029,77.54478,2025-05-22,App
C01877,North,Chandigarh,28.61992,77.15758,2024-06-04,App
C01878,South,Chennai,13.07902,77.52071,2025-03-25,App
C01879,North,Delhi,28.66476,77.38994,2025-04-20,App
C01880,South,Bengaluru,12.95365,77.48335,2024-10-13,App
C01881,South,Chennai,12.99801,77.62768,2024-06-29,App
C01882,South,Bengaluru,12.98854,77.52493,2025-06-20,App
C01883,South,Bengaluru,13.03716,77.61206,2024-09-13,App
C01884,South,Bengaluru,13.00965,77.54997,2025-03-30,Web
C01885,South,Chennai,12.95387,77.48815,2024-12-28,App
C01886,East,Kolkata,22.59646,88.34163,2024-09-30,App
C01887,West,Pune,19.05253,72.79516,2025-05-31,App
C01888,West,Mumbai,19.04498,72.77232,2024-08-16,App
C01889,West,Mumbai,19.20118,72.95008,2024-12-21,App
C01890,South,Hyderabad,12.9644,77.54348,2024-07-14,App
C01891,East,Kolkata,22.63223,88.41785,2024-09-16,App
C01892,East,Patna,22.73456,88.33419,2025-01-06,App
C01893,West,Mumbai,19.18038,72.95654,2025-02-27,App
C01894,North,Jaipur,28.566,77.3017,2025-04-19,App
C01895,South,Hyderabad,12.94987,77.62245,2025-03-30,App
C01896,West,Pune,19.05794,72.91852,2025-09-09,App
C01897,West,Mumbai,19.10491,72.94038,2024-03-14,App
C01898,West,Ahmedabad,19.09462,72.91384,2024-03-24,Web
C01899,West,Pune,18.93674,72.97047,2024-01-13,App
C01900,South,Bengaluru,12.8397,77.59297,2024-09-13,App
C01901,West,Ahmedabad,19.06896,72.95294,2025-07-23,Web
C01902,West,Ahmedabad,19.10787,72.94339,2024-05-07,App
C01903,North,Delhi,28.634,77.34029,2025-10-08,App
C01904,South,Chennai,12.91768,77.45238,2024-06-01,App
C01905,North,Chandigarh,28.60933,77.24665,2025-04-20,App
C01906,East,Kolkata,22.63071,88.30237,2024-10-21,App
C01907,South,Bengaluru,13.01875,77.6314,2024-03-15,Web
C01908,North,Delhi,28.57912,77.22846,2025-01-22,App
C01909,South,Chennai,12.93906,77.64052,2024-11-06,App
C01910,North,Chandigarh,28.54047,77.13213,2024-09-25,App
C01911,South,Chennai,12.94227,77.53194,2024-07-20,App
C01912,North,Delhi,28.60778,77.13041,2025-09-29,App
C01913,West,Pune,19.02197,72.93739,2024-10-30,Web
C01914,East,Kolkata,22.60358,88.33219,2024-12-17,App
C01915,North,Delhi,28.60144,77.21821,2024-03-08,App
C01916,South,Bengaluru,12.98115,77.56599,2025-07-18,App
C01917,South,Chennai,12.98493,77.46281,2025-01-29,App
C01918,East,Kolkata,22.48116,88.29986,2025-04-01,App
C01919,East,Bhubaneswar,22.59821,88.3902,2024-12-06,App
C01920,South,Chennai,12.96542,77.64831,2025-10-06,App
C01921,South,Chennai,13.0019,77.54068,2024-12-25,App
C01922,West,Ahmedabad,19.08567,72.97475,2025-02-02,App
C01923,West,Pune,19.0884,72.90842,2024-07-25,App
C01924,North,Chandigarh,28.5891,77.28907,2024-04-16,App
C01925,West,Ahmedabad,19.01418,72.77137,2024-05-13,App
C01926,South,Hyderabad,13.10586,77.65195,2025-06-10,App
C01927,North,Chandigarh,28.56509,77.16961,2024-10-16,App
C01928,North,Jaipur,28.74738,77.22361,2025-07-08,App
C01929,North,Chandigarh,28.60707,77.21496,2024-05-17,App
C01930,South,Hyderabad,13.08547,77.62866,2025-02-14,App
C01931,East,Kolkata,22.57551,88.35213,2024-04-24,App
C01932,West,Pune,19.12727,72.87027,2025-09-18,Web
C01933,West,Pune,18.97382,73.00011,2024-12-25,App
C01934,North,Jaipur,28.68738,77.26649,2025-04-27,App
C01935,East,Bhubaneswar,22.47643,88.30005,2024-02-14,App
C01936,West,Pune,19.02674,72.89141,2024-07-15,App
C01937,East,Kolkata,22.56012,88.31818,2025-06-13,Web
C01938,West,Mumbai,19.1427,72.91874,2024-12-06,App
C01939,South,Chennai,12.99028,77.56589,2024-05-02,Web
C01940,North,Chandigarh,28.65547,77.19806,2025-04-10,Web
C01941,East,Bhubaneswar,22.59191,88.29893,2024-01-22,App
C01942,North,Chandigarh,28.54848,77.24713,2024-05-02,App
C01943,West,Mumbai,19.17039,72.97792,2025-01-28,App
C01944,South,Bengaluru,12.95295,77.56115,2024-11-15,App
C01945,North,Chandigarh,28.50831,77.16671,2024-10-09,App
C01946,West,Pune,19.00995,72.76519,2024-08-29,Web
C01947,North,Jaipur,28.70915,77.10918,2024-03-01,App
C01948,South,Hyderabad,13.06177,77.64698,2025-03-09,App
C01949,West,Pune,19.05973,72.86949,2024-02-28,App
C01950,South,Chennai,12.97412,77.5942,2025-01-22,App
C01951,South,Chennai,13.04841,77.64572,2024-05-08,App
C01952,South,Chennai,13.0691,77.48002,2024-07-03,App
C01953,West,Ahmedabad,19.13172,72.79449,2025-10-01,App
C01954,West,Mumbai,19.08068,72.89462,2024-09-03,App
C01955,South,Hyderabad,12.99085,77.66357,2025-05-29,App
C01956,North,Jaipur,28.61437,77.08269,2025-05-27,App
C01957,South,Bengaluru,13.00759,77.58504,2024-07-02,App
C01958,North,Delhi,28.7073,77.25776,2024-12-10,Web
C01959,North,Jaipur,28.51496,77.24262,2024-12-10,App
C01960,West,Mumbai,19.07813,72.95302,2024-10-18,App
C01961,East,Kolkata,22.614,88.39945,2024-10-04,App
C01962,West,Mumbai,18.96028,72.85538,2025-05-15,App
C01963,South,Bengaluru,12.86956,77.62035,2024-11-16,App
C01964,East,Bhubaneswar,22.53547,88.37216,2025-01-27,App
C01965,South,Bengaluru,12.99525,77.6973,2024-03-11,App
C01966,South,Chennai,13.03343,77.56416,2025-02-22,App
C01967,West,Pune,18.99001,72.80572,2024-07-03,Web
C01968,South,Bengaluru,12.87059,77.57667,2025-09-20,Web
C01969,East,Patna,22.58788,88.39658,2024-11-27,App
C01970,South,Chennai,12.96036,77.59262,2025-03-03,Web
C01971,North,Delhi,28.49421,77.31126,2025-01-12,App
C01972,South,Bengaluru,13.03452,77.56438,2025-02-03,App
C01973,North,Chandigarh,28.5193,77.23956,2024-03-22,App
C01974,East,Bhubaneswar,22.5657,88.38954,2024-01-19,Web
C01975,West,Mumbai,19.00015,72.93896,2025-01-25,App
C01976,East,Patna,22.60359,88.3567,2024-01-31,Web
C01977,West,Ahmedabad,19.09041,72.89259,2025-07-24,App
C01978,North,Delhi,28.57375,77.27,2024-08-29,App
C01979,South,Chennai,12.9964,77.62864,2025-06-26,App
C01980,North,Jaipur,28.57419,77.10782,2024-08-09,App
C01981,North,Chandigarh,28.58186,77.18025,2024-08-13,App
C01982,West,Mumbai,19.14804,72.80133,2024-12-06,Web
C01983,West,Ahmedabad,19.09597,72.92571,2025-05-09,App
C01984,South,Bengaluru,12.8547,77.57036,2025-08-26,Web
C01985,South,Hyderabad,13.07318,77.60123,2025-07-16,Web
C01986,West,Mumbai,19.11029,72.80787,2024-01-12,App
C01987,North,Delhi,28.63101,77.04929,2024-07-27,App
C01988,West,Ahmedabad,19.1308,72.86256,2025-07-07,Web
C01989,North,Chandigarh,28.63318,77.23947,2024-10-25,App
C01990,East,Kolkata,22.61841,88.37224,2024-04-18,App
C01991,East,Bhubaneswar,22.60218,88.43467,2025-04-25,App
C01992,North,Delhi,28.61367,77.19198,2024-05-27,App
C01993,South,Hyderabad,12.96719,77.59211,2024-03-06,App
C01994,East,Kolkata,22.49895,88.36743,2024-08-07,App
C01995,South,Hyderabad,12.97012,77.55275,2024-02-05,App
C01996,North,Chandigarh,28.66917,77.10028,2024-03-02,App
C01997,West,Ahmedabad,19.04095,72.85746,2024-12-07,App
C01998,South,Chennai,13.06341,77.69166,2024-11-27,App
C01999,South,Hyderabad,13.02214,77.51805,2025-07-06,App
C02000,South,Chennai,13.05674,77.56399,2024-08-18,App
C02001,West,Pune,19.11277,72.96069,2024-02-24,App
C02002,South,Hyderabad,12.97161,77.62612,2025-07-21,App
C02003,West,Ahmedabad,19.21352,72.94948,2025-05-01,App
C02004,West,Pune,18.99959,72.76961,2025-03-10,App
C02005,South,Chennai,12.88517,77.61121,2024-03-18,Web
C02006,South,Hyderabad,13.02925,77.61652,2024-05-12,Web
C02007,West,Mumbai,19.06548,72.84664,2025-06-25,App
C02008,North,Jaipur,28.57633,77.22083,2024-03-25,Web
C02009,North,Delhi,28.52042,77.28125,2024-07-01,App
C02010,South,Hyderabad,13.07099,77.54892,2024-10-19,App
C02011,North,Chandigarh,28.67349,77.27308,2025-02-08,App
C02012,East,Patna,22.48821,88.37419,2025-01-15,App
C02013,North,Delhi,28.67292,77.25248,2025-01-21,Web
C02014,South,Bengaluru,13.04236,77.58617,2025-02-25,App
C02015,East,Kolkata,22.57306,88.36303,2024-11-26,App
C02016,North,Delhi,28.57614,77.2798,2024-05-16,Web
C02017,North,Delhi,28.58577,77.25084,2025-06-09,App
C02018,South,Hyderabad,12.99322,77.70354,2024-03-22,App
C02019,South,Chennai,12.83611,77.52831,2025-04-30,App
C02020,East,Kolkata,22.551,88.3406,2025-08-31,App
C02021,West,Pune,19.05928,72.96447,2025-02-16,App
C02022,West,Pune,19.0857,72.81041,2024-09-21,App
C02023,West,Mumbai,19.02902,72.81609,2024-08-17,App
C02024,South,Chennai,12.89347,77.63563,2024-10-19,App
C02025,South,Bengaluru,12.91147,77.69883,2024-11-24,App
C02026,West,Mumbai,19.02144,72.80377,2024-03-17,App
C02027,East,Bhubaneswar,22.54972,88.37208,2024-06-08,Web
C02028,South,Chennai,12.98225,77.69152,2024-11-03,Web
C02029,South,Chennai,12.92424,77.65509,2024-05-29,App
C02030,South,Bengaluru,12.94027,77.55117,2024-01-31,App
C02031,West,Pune,19.08718,72.85146,2024-04-19,App
C02032,West,Pune,19.05873,72.9475,2024-08-26,App
C02033,West,Ahmedabad,19.05537,72.81872,2025-01-14,Web
C02034,East,Kolkata,22.6187,88.33838,2024-02-03,App
C02035,South,Chennai,12.93691,77.64623,2025-06-11,App
C02036,North,Jaipur,28.55673,77.24278,2024-02-12,App
C02037,South,Hyderabad,12.93482,77.62128,2024-10-29,App
C02038,North,Delhi,28.54579,77.21252,2025-07-16,App
C02039,West,Mumbai,19.03541,72.88052,2025-07-06,App
C02040,North,Delhi,28.57683,77.17682,2024-11-17,App
C02041,East,Kolkata,22.48391,88.25833,2024-11-17,App
C02042,West,Ahmedabad,19.06784,72.85493,2024-09-19,App
C02043,West,Pune,19.25204,72.89402,2024-12-15,App
C02044,South,Chennai,12.94708,77.57666,2024-08-04,App
C02045,East,Kolkata,22.55519,88.43852,2024-11-03,App
C02046,South,Chennai,13.04968,77.71016,2024-06-13,App
C02047,East,Kolkata,22.485,88.29705,2024-05-14,App
C02048,East,Kolkata,22.48019,88.32185,2024-01-22,App
C02049,North,Delhi,28.46311,77.25375,2025-01-10,App
C02050,South,Bengaluru,12.98983,77.58798,2024-09-13,App
C02051,South,Bengaluru,12.99172,77.62659,2025-06-01,Web
C02052,South,Chennai,12.96302,77.705,2025-01-06,App
C02053,East,Kolkata,22.44268,88.3889,2024-07-04,App
C02054,South,Hyderabad,12.9982,77.48676,2024-10-09,App
C02055,South,Bengaluru,13.01693,77.58799,2024-10-19,App
C02056,South,Chennai,12.97784,77.63202,2024-04-19,App
C02057,West,Pune,19.09079,72.82439,2025-07-17,App
C02058,North,Jaipur,28.59221,77.31009,2025-08-29,App
C02059,East,Patna,22.43554,88.40501,2025-05-23,App
C02060,South,Chennai,12.94085,77.47739,2024-06-27,Web
C02061,West,Pune,19.05444,72.8503,2024-01-30,Web
C02062,East,Patna,22.47847,88.39919,2025-01-24,App
C02063,South,Chennai,12.93188,77.59163,2025-07-26,App
C02064,East,Kolkata,22.60736,88.47504,2025-06-16,App
C02065,West,Mumbai,19.13915,72.88199,2024-12-11,App
C02066,West,Mumbai,19.11428,72.92245,2024-02-03,App
C02067,East,Kolkata,22.52097,88.34987,2025-01-20,App
C02068,West,Pune,19.06128,72.8891,2024-01-19,App
C02069,East,Patna,22.51097,88.42701,2025-05-12,App
C02070,South,Bengaluru,12.95658,77.68456,2025-06-10,App
C02071,West,Pune,19.20225,72.91179,2024-06-28,Web
C02072,North,Jaipur,28.61359,77.0512,2024-12-11,App
C02073,North,Chandigarh,28.60975,77.18979,2024-08-08,App
C02074,West,Ahmedabad,19.10616,72.82533,2024-02-13,App
C02075,East,Kolkata,22.43978,88.37599,2024-03-29,App
C02076,North,Jaipur,28.63095,77.16693,2025-07-21,App
C02077,South,Bengaluru,12.97564,77.63079,2025-07-12,App
C02078,North,Chandigarh,28.67671,77.25347,2024-11-04,App
C02079,East,Bhubaneswar,22.68322,88.33682,2024-08-17,App
C02080,North,Chandigarh,28.56302,77.24318,2025-03-15,App
C02081,South,Bengaluru,13.07751,77.5307,2025-09-07,App
C02082,East,Bhubaneswar,22.59405,88.3613,2025-05-01,Web
C02083,West,Mumbai,18.97562,72.82973,2024-06-21,App
C02084,North,Delhi,28.64262,77.20394,2024-01-20,Web
C02085,North,Chandigarh,28.56324,77.20907,2024-07-12,App
C02086,West,Ahmedabad,19.06723,72.91842,2024-09-02,App
C02087,West,Mumbai,19.06983,73.00579,2025-02-19,App
C02088,West,Pune,19.15822,72.89716,2025-03-21,App
C02089,West,Mumbai,18.99655,72.88769,2024-08-23,Web
C02090,East,Patna,22.59545,88.36395,2025-02-07,Web
C02091,West,Pune,19.10296,72.87392,2024-10-02,App
C02092,North,Jaipur,28.6106,77.14509,2025-07-20,App
C02093,North,Chandigarh,28.51952,77.23773,2025-03-30,App
C02094,East,Kolkata,22.69921,88.48399,2024-09-16,Web
C02095,West,Mumbai,19.01647,72.81025,2025-08-10,App
C02096,West,Pune,19.11126,72.88778,2024-01-26,App
C02097,North,Chandigarh,28.66065,77.17316,2024-12-29,App
C02098,South,Bengaluru,13.02271,77.63826,2025-04-18,App
C02099,South,Bengaluru,12.92284,77.65741,2025-02-08,App
C02100,East,Kolkata,22.55209,88.39355,2024-10-29,Web
C02101,West,Pune,19.14925,72.93712,2024-05-26,App
C02102,North,Jaipur,28.57415,77.1757,2025-02-10,App
C02103,North,Delhi,28.53673,77.19991,2024-07-07,App
C02104,North,Jaipur,28.58359,77.25013,2025-08-18,App
C02105,East,Patna,22.52623,88.32684,2025-09-05,App
C02106,North,Unknown,28.57093,77.24142,2025-03-07,App
C02107,East,Patna,22.67741,88.39652,2025-09-02,App
C02108,South,Hyderabad,12.98707,77.63596,2024-05-25,Web
C02109,South,Hyderabad,12.95856,77.7049,2024-06-10,Web
C02110,West,Mumbai,19.01422,72.86506,2025-01-18,App
C02111,South,Hyderabad,12.86812,77.64337,2024-03-19,App
C02112,South,Bengaluru,13.16897,77.57883,2025-08-22,Web
C02113,North,Jaipur,28.60047,77.22391,2024-01-07,App
C02114,East,Bhubaneswar,22.47743,88.36826,2024-10-13,App
C02115,East,Kolkata,22.52873,88.41686,2024-04-24,App
C02116,South,Unknown,13.01424,77.6252,2024-10-01,App
C02117,South,Bengaluru,12.97408,77.57654,2024-06-02,App
C02118,South,Hyderabad,13.00525,77.47468,2025-03-06,App
C02119,South,Bengaluru,12.92908,77.44951,2024-03-05,App
C02120,North,Delhi,28.6174,77.21057,2024-06-14,App
C02121,East,Bhubaneswar,22.44337,88.36087,2024-12-28,App
C02122,North,Delhi,28.60914,77.08471,2024-10-30,App
C02123,West,Mumbai,19.05484,72.84993,2024-06-04,Web
C02124,North,Chandigarh,28.58942,77.31507,2024-08-12,App
C02125,South,Hyderabad,12.92714,77.67076,2024-11-04,App
C02126,East,Kolkata,22.55331,88.42857,2024-05-24,App
C02127,South,Bengaluru,13.03136,77.70445,2024-09-02,App
C02128,South,Chennai,12.96184,77.54537,2024-03-22,App
C02129,South,Chennai,12.91503,77.5845,2025-01-06,App
C02130,North,Chandigarh,28.58011,77.19847,2025-09-05,App
C02131,North,Chandigarh,28.62258,77.23721,2025-01-21,App
C02132,South,Bengaluru,12.84403,77.50305,2025-09-24,App
C02133,West,Mumbai,19.11979,72.81593,2024-03-19,App
C02134,North,Chandigarh,28.5597,77.13929,2024-07-24,Web
C02135,West,Pune,19.03552,73.00406,2025-06-16,App
C02136,West,Ahmedabad,19.1386,72.82295,2024-10-28,App
C02137,North,Delhi,28.64606,77.284,2024-09-09,App
C02138,North,Jaipur,28.66348,77.14288,2025-09-23,App
C02139,West,Mumbai,19.06805,72.93385,2025-07-07,App
C02140,East,Patna,22.44861,88.23702,2025-02-25,App
C02141,West,Ahmedabad,19.07596,72.88671,2024-10-27,Web
C02142,South,Hyderabad,12.84196,77.56174,2024-03-17,App
C02143,South,Chennai,13.02301,77.47369,2024-08-17,App
C02144,South,Hyderabad,13.00123,77.63725,2024-06-06,Web
C02145,North,Chandigarh,28.60424,77.13779,2024-04-30,App
C02146,East,Bhubaneswar,22.61727,88.27565,2025-03-04,App
C02147,East,Kolkata,22.47496,88.38307,2025-01-02,App
C02148,West,Pune,19.10555,72.82925,2024-12-26,App
C02149,West,Pune,19.22374,72.96379,2024-07-16,App
C02150,North,Jaipur,28.65267,77.10378,2024-11-25,App
C02151,East,Bhubaneswar,22.43508,88.44217,2025-04-19,App
C02152,South,Bengaluru,13.02475,77.51924,2024-05-19,App
C02153,North,Chandigarh,28.79209,77.3125,2024-01-15,App
C02154,East,Bhubaneswar,22.63018,88.35287,2024-12-02,Web
C02155,North,Jaipur,28.61864,77.20472,2024-06-12,App
C02156,West,Pune,19.1343,72.91247,2025-05-15,Web
C02157,West,Mumbai,19.13749,72.83184,2024-08-23,App
C02158,North,Delhi,28.66563,77.17274,2025-08-11,App
C02159,South,Hyderabad,12.86422,77.55473,2025-02-17,App
C02160,North,Delhi,28.69948,77.28453,2024-07-16,App
C02161,West,Ahmedabad,19.10952,72.87729,2024-01-28,App
C02162,North,Jaipur,28.50067,77.31025,2025-09-22,App
C02163,East,Patna,22.7393,88.4095,2024-08-26,App
C02164,East,Kolkata,22.64933,88.20075,2025-08-26,Web
C02165,South,Hyderabad,13.09568,77.54547,2024-03-05,Web
C02166,East,Patna,22.68655,88.36816,2024-11-21,Web
C02167,East,Bhubaneswar,22.5582,88.33641,2025-02-06,Web
C02168,North,Chandigarh,28.51072,77.32435,2024-10-23,App
C02169,West,Pune,19.0506,72.89313,2025-06-16,App
C02170,South,Chennai,12.99767,77.63855,2024-11-19,App
C02171,West,Pune,19.21137,72.87082,2025-02-26,Web
C02172,West,Mumbai,19.24846,72.77508,2024-08-04,Web
C02173,South,Chennai,13.12788,77.55565,2024-03-20,Web
C02174,East,Patna,22.54623,88.34911,2025-02-06,Web
C02175,South,Bengaluru,12.9437,77.6096,2025-08-26,App
C02176,South,Chennai,12.95318,77.65946,2025-05-20,App
C02177,West,Pune,19.07424,72.96957,2024-06-28,Web
C02178,North,Delhi,28.74967,77.17372,2024-04-01,App
C02179,South,Bengaluru,13.00983,77.54207,2024-06-04,App
C02180,East,Bhubaneswar,22.57162,88.26697,2024-12-29,App
C02181,South,Hyderabad,12.84499,77.69,2024-03-15,App
C02182,South,Chennai,12.92233,77.53388,2025-09-26,Web
C02183,South,Bengaluru,12.98296,77.68401,2025-05-09,Web
C02184,South,Hyderabad,12.94367,77.5401,2024-10-23,App
C02185,West,Ahmedabad,19.03049,72.73107,2024-07-11,App
C02186,North,Chandigarh,28.53795,77.20163,2025-06-05,App
C02187,North,Chandigarh,28.51833,77.30804,2024-08-24,App
C02188,South,Bengaluru,12.90498,77.69908,2024-09-24,App
C02189,South,Hyderabad,12.96526,77.46685,2025-02-26,Web
C02190,East,Patna,22.5596,88.35494,2025-10-08,App
C02191,West,Ahmedabad,18.91099,72.87057,2025-10-09,App
C02192,East,Kolkata,22.56209,88.29271,2025-03-22,App
C02193,East,Kolkata,22.62863,88.41166,2024-03-10,App
C02194,East,Bhubaneswar,22.70042,88.49331,2024-12-01,Web
C02195,North,Delhi,28.60944,77.25412,2025-04-02,App
C02196,East,Kolkata,22.46579,88.40035,2024-10-05,App
C02197,South,Chennai,12.87726,77.57682,2025-04-26,App
C02198,West,Ahmedabad,19.07243,72.91139,2025-01-25,App
C02199,East,Bhubaneswar,22.65104,88.35688,2025-06-04,App
C02200,North,Chandigarh,28.67615,77.17309,2024-09-25,App
C02201,West,Ahmedabad,19.11332,72.87694,2025-08-06,App
C02202,West,Pune,19.17453,72.83364,2024-11-29,Web
C02203,South,Chennai,12.98471,77.65498,2024-10-19,App
C02204,South,Chennai,13.02698,77.48771,2025-10-03,Web
C02205,West,Ahmedabad,19.10419,72.85941,2024-08-25,App
C02206,North,Chandigarh,28.65296,77.17353,2025-03-11,App
C02207,West,Mumbai,19.0637,72.88269,2025-03-13,App
C02208,North,Jaipur,28.52652,77.15889,2025-09-29,Web
C02209,East,Bhubaneswar,22.58676,88.33388,2024-06-11,App
C02210,North,Chandigarh,28.58893,77.18473,2025-02-11,App
C02211,East,Kolkata,22.61119,88.43554,2024-09-19,App
C02212,North,Jaipur,28.66858,77.1607,2025-05-13,App
C02213,West,Mumbai,19.15145,72.96704,2025-02-03,App
C02214,West,Pune,19.07862,72.87674,2024-12-10,App
C02215,East,Kolkata,22.66566,88.4024,2024-05-14,Web
C02216,South,Bengaluru,12.81849,77.58089,2024-12-28,App
C02217,West,Pune,19.12221,72.83453,2025-04-27,App
C02218,West,Ahmedabad,19.02709,72.91414,2025-06-28,Web
C02219,West,Mumbai,19.11828,72.92594,2024-08-10,App
C02220,West,Mumbai,18.99188,72.93767,2025-09-17,Web
C02221,East,Kolkata,22.51423,88.25163,2025-06-20,Web
C02222,South,Chennai,13.06442,77.61955,2025-07-07,App
C02223,South,Bengaluru,12.95358,77.65166,2025-02-03,App
C02224,North,Jaipur,28.57348,77.31264,2025-02-17,Web
C02225,North,Chandigarh,28.5269,77.15798,2025-03-25,App
C02226,South,Hyderabad,12.96883,77.61679,2025-06-26,Web
C02227,South,Hyderabad,12.91814,77.7,2025-02-10,App
C02228,South,Bengaluru,12.95312,77.60422,2025-06-27,Web
C02229,West,Ahmedabad,19.06391,72.99208,2024-11-25,App
C02230,North,Chandigarh,28.51166,77.04799,2025-06-29,App
C02231,South,Hyderabad,13.01289,77.53719,2024-04-29,App
C02232,North,Chandigarh,28.53296,77.20297,2025-04-04,App
C02233,South,Hyderabad,12.95196,77.4892,2024-02-07,App
C02234,West,Ahmedabad,19.09024,72.83836,2025-10-01,App
C02235,South,Chennai,12.86523,77.60881,2024-01-08,App
C02236,North,Jaipur,28.59894,77.28107,2024-07-30,Web
C02237,South,Hyderabad,13.01914,77.58111,2025-02-20,App
C02238,South,Bengaluru,12.9387,77.59315,2025-03-03,App
C02239,East,Bhubaneswar,22.50965,88.49078,2024-08-19,App
C02240,North,Delhi,28.78844,77.12412,2024-07-08,App
C02241,North,Delhi,28.63338,77.16103,2025-08-03,App
C02242,West,Ahmedabad,19.15653,72.96054,2024-05-18,App
C02243,South,Bengaluru,12.91872,77.47614,2025-06-26,Web
C02244,North,Jaipur,28.68337,77.18639,2024-04-12,App
C02245,South,Bengaluru,13.024,77.5442,2024-03-22,Web
C02246,South,Hyderabad,13.02014,77.58262,2024-07-15,App
C02247,West,Ahmedabad,19.10177,72.90292,2025-07-25,App
C02248,West,Ahmedabad,19.03922,72.80337,2025-04-13,App
C02249,South,Bengaluru,12.87802,77.49623,2024-03-30,App
C02250,West,Pune,19.08647,72.80551,2024-08-20,App
C02251,North,Jaipur,28.71667,77.19585,2025-05-25,App
C02252,West,Ahmedabad,19.02514,72.89066,2024-05-14,App
C02253,South,Chennai,12.92173,77.59324,2024-07-10,App
C02254,South,Hyderabad,12.94121,77.63231,2025-07-24,App
C02255,North,Chandigarh,28.51075,77.21121,2024-03-27,Web
C02256,West,Ahmedabad,19.24678,72.81103,2025-10-02,App
C02257,East,Patna,22.652,88.35502,2025-08-05,App
C02258,East,Kolkata,22.6092,88.42579,2024-07-07,App
C02259,South,Hyderabad,13.12099,77.74038,2025-09-16,App
C02260,South,Chennai,12.91802,77.55224,2024-06-18,App
C02261,East,Kolkata,22.50479,88.28752,2024-10-28,App
C02262,North,Delhi,28.61476,77.17153,2025-03-13,App
C02263,West,Pune,19.06522,72.8237,2024-05-15,App
C02264,North,Jaipur,28.53214,77.12147,2024-05-12,App
C02265,North,Chandigarh,28.76845,77.3376,2025-09-21,Web
C02266,South,Chennai,12.84067,77.48757,2024-12-26,App
C02267,South,Chennai,12.94826,77.5522,2024-05-09,App
C02268,South,Hyderabad,13.038,77.72333,2025-08-18,App
C02269,West,Pune,19.01995,72.93482,2025-09-09,App
C02270,North,Jaipur,28.54892,77.22465,2025-08-26,App
C02271,North,Jaipur,28.6976,77.08015,2024-09-24,App
C02272,West,Pune,18.9901,72.9397,2025-10-04,App
C02273,South,Chennai,12.88111,77.53031,2024-01-28,Web
C02274,North,Delhi,28.59819,77.20615,2025-05-16,App
C02275,North,Chandigarh,28.55959,77.27156,2025-09-15,App
C02276,West,Ahmedabad,18.8923,72.90089,2024-03-29,App
C02277,North,Delhi,28.55859,77.13046,2024-07-24,App
C02278,South,Hyderabad,12.80896,77.54648,2025-08-14,Web
C02279,West,Pune,19.04968,72.95415,2025-09-04,App
C02280,East,Kolkata,22.36862,88.41112,2025-04-18,App
C02281,North,Jaipur,28.60586,77.1625,2024-03-13,Web
C02282,West,Pune,19.1512,72.96099,2024-08-21,App
C02283,South,Chennai,13.03708,77.57059,2024-05-24,Web
C02284,North,Delhi,28.65608,77.22264,2024-03-09,Web
C02285,West,Mumbai,19.06504,72.8561,2025-04-18,App
C02286,North,Delhi,28.6598,77.19176,2024-02-24,Web
C02287,South,Hyderabad,12.92996,77.49708,2025-09-06,Web
C02288,South,Bengaluru,12.81932,77.54679,2025-08-30,App
C02289,West,Ahmedabad,19.07213,72.961,2024-12-20,App
C02290,East,Patna,22.67083,88.38387,2025-06-12,App
C02291,South,Hyderabad,12.97366,77.54921,2025-08-02,App
C02292,North,Jaipur,28.51057,77.17913,2024-04-20,App
C02293,East,Patna,22.5276,88.37676,2025-05-11,App
C02294,East,Bhubaneswar,22.63356,88.40921,2024-08-17,App
C02295,South,Hyderabad,12.85359,77.62024,2024-08-26,App
C02296,West,Pune,19.17586,72.78562,2025-05-07,Web
C02297,West,Mumbai,19.06902,72.85063,2024-07-18,Web
C02298,North,Chandigarh,28.70965,77.29432,2024-02-27,App
C02299,West,Pune,19.07484,72.93114,2024-09-08,App
C02300,North,Chandigarh,28.57572,77.24484,2024-05-01,App
C02301,West,Ahmedabad,19.12995,72.8602,2025-08-11,App
C02302,South,Bengaluru,13.01033,77.55404,2024-01-01,App
C02303,South,Hyderabad,12.93271,77.69438,2024-10-23,App
C02304,South,Bengaluru,13.00087,77.64546,2025-08-05,App
C02305,North,Chandigarh,28.64411,77.22213,2025-02-13,App
C02306,West,Mumbai,18.98082,72.81458,2025-08-25,App
C02307,South,Bengaluru,12.95753,77.56997,2024-03-20,App
C02308,North,Delhi,28.58746,77.27737,2025-04-29,App
C02309,North,Jaipur,28.78039,77.22025,2024-12-05,App
C02310,South,Hyderabad,12.99081,77.59471,2024-06-12,App
C02311,West,Pune,19.08441,72.82877,2025-01-09,Web
C02312,East,Kolkata,22.50123,88.31302,2024-04-25,App
C02313,North,Chandigarh,28.46859,77.27492,2025-04-11,App
C02314,West,Ahmedabad,19.15689,72.82078,2024-11-12,App
C02315,South,Chennai,12.94827,77.58002,2024-12-04,Web
C02316,South,Bengaluru,12.91368,77.63023,2024-05-02,Web
C02317,North,Delhi,28.68312,77.23473,2024-04-24,App
C02318,East,Bhubaneswar,22.6149,88.36762,2024-02-01,App
C02319,South,Hyderabad,12.95918,77.6311,2024-02-18,App
C02320,South,Bengaluru,13.09906,77.62299,2025-01-25,App
C02321,South,Chennai,13.04153,77.57657,2025-06-27,App
C02322,North,Delhi,28.61194,77.20491,2024-02-21,App
C02323,West,Pune,19.04649,72.95973,2024-11-26,App
C02324,East,Kolkata,22.59935,88.28953,2025-05-14,App
C02325,East,Kolkata,22.70656,88.38862,2024-03-30,App
C02326,North,Chandigarh,28.68107,77.35919,2024-11-28,App
C02327,North,Delhi,28.60203,77.20781,2025-06-07,App
C02328,South,Chennai,12.88186,77.56155,2025-01-05,App
C02329,South,Chennai,12.978,77.67108,2024-08-29,Web
C02330,North,Jaipur,28.58108,77.13788,2024-06-18,Web
C02331,South,Chennai,12.86071,77.58327,2024-10-01,Web
C02332,South,Bengaluru,12.88697,77.69793,2024-03-06,App
C02333,West,Pune,19.16162,72.91933,2025-08-07,App
C02334,North,Delhi,28.59178,77.19015,2025-08-17,App
C02335,West,Ahmedabad,19.14568,72.82577,2025-02-24,App
C02336,East,Bhubaneswar,22.52508,88.34966,2025-06-18,App
C02337,West,Pune,19.03343,72.9332,2025-07-02,App
C02338,North,Chandigarh,28.58532,77.28488,2025-01-27,Web
C02339,East,Unknown,22.49337,88.3265,2024-01-18,App
C02340,West,Ahmedabad,19.08173,72.89197,2024-05-15,Web
C02341,West,Mumbai,19.11965,72.84474,2025-03-21,App
C02342,South,Chennai,12.88042,77.68251,2025-05-26,Web
C02343,West,Pune,19.05853,72.73831,2025-05-03,App
C02344,South,Hyderabad,12.96631,77.51728,2024-08-31,App
C02345,West,Ahmedabad,19.06787,72.78719,2024-07-23,App
C02346,South,Bengaluru,13.0002,77.50609,2025-04-29,App
C02347,West,Pune,19.13815,73.03868,2025-05-13,App
C02348,East,Kolkata,22.60962,88.39825,2024-10-16,App
C02349,South,Hyderabad,12.99844,77.72475,2025-05-24,App
C02350,West,Pune,19.10816,72.77153,2025-09-14,App
C02351,South,Chennai,13.04204,77.5579,2025-08-05,App
C02352,West,Mumbai,18.97598,72.80765,2025-04-20,App
C02353,North,Chandigarh,28.59644,77.17758,2025-02-05,App
C02354,East,Kolkata,22.53506,88.43055,2024-08-01,App
C02355,West,Ahmedabad,19.06489,72.95471,2024-12-30,App
C02356,North,Delhi,28.6938,77.26043,2024-04-02,App
C02357,South,Chennai,12.94235,77.50278,2024-03-04,Web
C02358,East,Bhubaneswar,22.5729,88.33002,2024-04-07,App
C02359,North,Jaipur,28.64611,77.26184,2024-05-19,App
C02360,North,Chandigarh,28.49928,77.18347,2024-11-12,Web
C02361,North,Delhi,28.59956,77.14613,2024-06-25,App
C02362,East,Kolkata,22.53143,88.32189,2024-11-27,App
C02363,East,Bhubaneswar,22.51699,88.46122,2024-05-24,App
C02364,East,Bhubaneswar,22.58216,88.3559,2024-07-18,App
C02365,South,Bengaluru,13.08883,77.63797,2025-02-19,App
C02366,North,Chandigarh,28.59154,77.05237,2025-04-12,App
C02367,South,Chennai,13.1353,77.58498,2024-02-13,App
C02368,North,Delhi,28.49498,77.20788,2024-03-23,Web
C02369,North,Delhi,28.44996,77.24704,2024-08-26,App
C02370,West,Pune,19.03606,72.89332,2024-03-15,App
C02371,South,Chennai,12.95206,77.6261,2024-03-02,App
C02372,South,Bengaluru,13.04041,77.50884,2024-12-21,App
C02373,West,Pune,19.04795,73.03165,2025-05-25,Web
C02374,South,Hyderabad,13.05424,77.47719,2025-06-15,App
C02375,South,Bengaluru,12.95616,77.46936,2024-10-27,App
C02376,North,Delhi,28.64161,77.22511,2024-02-01,App
C02377,South,Bengaluru,12.96682,77.65126,2025-04-29,App
C02378,North,Chandigarh,28.54038,77.14826,2025-08-28,Web
C02379,East,Kolkata,22.57871,88.41228,2025-10-08,App
C02380,West,Pune,19.06092,72.86918,2024-05-11,App
C02381,East,Patna,22.50687,88.36816,2025-07-29,App
C02382,South,Hyderabad,12.87825,77.7477,2025-10-01,App
C02383,North,Chandigarh,28.63394,77.215,2025-03-16,App
C02384,West,Ahmedabad,19.04618,72.99479,2024-05-20,App
C02385,North,Delhi,28.63825,77.29186,2024-11-14,App
C02386,South,Chennai,12.97346,77.66455,2024-01-17,Web
C02387,West,Mumbai,19.07578,72.78537,2025-09-08,App
C02388,West,Pune,19.21674,72.75603,2025-07-27,App
C02389,East,Patna,22.59401,88.39396,2025-06-25,App
C02390,North,Chandigarh,28.58084,77.09564,2025-03-17,Web
C02391,East,Bhubaneswar,22.60147,88.34196,2024-09-26,App
C02392,North,Delhi,28.64547,77.24515,2025-06-11,App
C02393,South,Hyderabad,13.00195,77.66689,2024-05-29,App
C02394,South,Chennai,13.00295,77.70267,2025-06-02,App
C02395,South,Hyderabad,12.92959,77.55729,2024-07-13,App
C02396,South,Chennai,12.90412,77.69465,2025-01-02,Web
C02397,South,Chennai,12.90997,77.66428,2025-03-18,App
C02398,West,Mumbai,19.05773,72.95322,2025-03-31,App
C02399,East,Kolkata,22.56359,88.32812,2024-12-13,App
C02400,North,Delhi,28.66065,77.15498,2024-01-10,App
C02401,South,Bengaluru,13.08337,77.55826,2024-01-21,Web
C02402,North,Delhi,28.58945,77.19525,2025-06-15,App
C02403,East,Kolkata,22.56736,88.33605,2024-06-01,Web
C02404,South,Hyderabad,12.95773,77.56401,2024-08-07,App
C02405,South,Hyderabad,13.01332,77.58778,2025-06-08,Web
C02406,North,Jaipur,28.55815,77.2602,2025-06-13,App
C02407,North,Jaipur,28.62032,77.24482,2025-09-03,App
C02408,South,Bengaluru,12.8989,77.52531,2024-06-06,Web
C02409,South,Hyderabad,12.97856,77.54427,2025-02-21,App
C02410,South,Bengaluru,13.02078,77.6474,2024-07-23,App
C02411,North,Chandigarh,28.72225,77.18914,2025-08-12,App
C02412,North,Chandigarh,28.61311,77.25429,2024-05-21,App
C02413,West,Mumbai,19.06817,72.79778,2025-08-17,App
C02414,West,Ahmedabad,19.0343,72.87481,2024-05-23,App
C02415,South,Hyderabad,12.93025,77.71089,2024-09-05,App
C02416,West,Ahmedabad,19.03389,72.91681,2025-08-17,App
C02417,East,Patna,22.63593,88.3441,2024-12-04,App
C02418,South,Bengaluru,12.91528,77.7024,2024-06-09,Web
C02419,South,Bengaluru,12.87308,77.64152,2024-03-04,App
C02420,West,Mumbai,19.0596,72.82312,2024-06-01,App
C02421,West,Ahmedabad,19.13693,72.85954,2025-04-25,App
C02422,West,Mumbai,19.10119,72.88784,2025-04-17,App
C02423,South,Hyderabad,13.01305,77.52132,2024-09-01,App
C02424,East,Patna,22.60216,88.38629,2024-10-04,App
C02425,North,Jaipur,28.71352,77.26387,2024-03-07,Web
C02426,West,Ahmedabad,19.00337,72.87855,2025-02-23,Web
C02427,West,Ahmedabad,19.10233,72.929,2024-03-15,App
C02428,South,Chennai,12.98635,77.46571,2025-03-24,App
C02429,East,Bhubaneswar,22.59873,88.46975,2024-09-21,App
C02430,East,Kolkata,22.51187,88.34763,2025-09-26,App
C02431,West,Ahmedabad,19.07196,72.96824,2024-11-06,App
C02432,North,Delhi,28.66762,77.20567,2025-10-08,Web
C02433,West,Mumbai,18.93542,72.87536,2024-11-02,App
C02434,North,Chandigarh,28.67419,77.18683,2024-07-17,App
C02435,North,Delhi,28.51086,77.22945,2025-08-26,App
C02436,East,Kolkata,22.52947,88.36378,2025-04-25,App
C02437,East,Bhubaneswar,22.41674,88.31197,2025-03-14,App
C02438,West,Mumbai,19.02036,72.89203,2025-02-24,Web
C02439,South,Hyderabad,13.03378,77.60747,2025-05-24,App
C02440,North,Chandigarh,28.54317,77.19957,2025-09-21,App
C02441,West,Mumbai,19.22001,72.90577,2025-07-29,App
C02442,East,Patna,22.54219,88.2399,2025-02-23,App
C02443,South,Hyderabad,13.09913,77.5803,2025-08-20,Web
C02444,North,Delhi,28.65973,77.18772,2025-01-16,App
C02445,South,Hyderabad,12.89125,77.64427,2024-08-10,App
C02446,West,Ahmedabad,18.99235,72.97084,2024-05-15,App
C02447,South,Chennai,12.88715,77.52149,2025-05-20,App
C02448,North,Jaipur,28.65724,77.26117,2025-07-02,Web
C02449,North,Delhi,28.63987,77.24752,2024-05-21,App
C02450,South,Chennai,12.87569,77.53346,2024-05-15,App
C02451,South,Chennai,13.04791,77.65185,2024-07-23,App
C02452,South,Chennai,12.9495,77.68103,2024-06-12,App
C02453,West,Pune,19.07477,72.93851,2024-07-26,App
C02454,East,Kolkata,22.52001,88.37143,2025-03-04,App
C02455,North,Chandigarh,28.49273,77.11293,2024-09-11,App
C02456,West,Pune,19.08368,72.81721,2024-05-03,App
C02457,South,Hyderabad,12.91721,77.53901,2025-07-01,App
C02458,North,Chandigarh,28.62316,77.23361,2025-03-18,Web
C02459,North,Delhi,28.53985,77.21503,2025-08-10,Web
C02460,North,Delhi,28.6678,77.28317,2024-05-21,App
C02461,North,Jaipur,28.618,77.13387,2025-01-15,Web
C02462,South,Hyderabad,13.08246,77.61934,2025-06-11,Web
C02463,South,Hyderabad,12.89322,77.66636,2025-04-27,App
C02464,North,Delhi,28.48787,77.22637,2025-01-13,App
C02465,North,Delhi,28.64173,77.16798,2024-08-27,App
C02466,South,Chennai,13.02504,77.6355,2025-08-11,Web
C02467,West,Ahmedabad,19.1631,72.91553,2025-03-09,App
C02468,West,Mumbai,19.15524,72.86821,2025-01-28,App
C02469,North,Chandigarh,28.63819,77.18351,2024-06-04,App
C02470,West,Ahmedabad,19.16628,72.86297,2024-04-07,App
C02471,East,Patna,22.41816,88.46914,2025-04-01,App
C02472,East,Bhubaneswar,22.41763,88.42614,2025-03-23,App
C02473,East,Patna,22.53991,88.39683,2024-06-28,App
C02474,West,Mumbai,18.9974,72.84074,2025-03-28,App
C02475,West,Pune,19.09425,72.91395,2025-01-20,App
C02476,East,Bhubaneswar,22.43911,88.42538,2025-04-09,App
C02477,South,Chennai,12.91221,77.63581,2025-02-15,App
C02478,West,Pune,19.13262,73.01236,2024-08-28,App
C02479,West,Ahmedabad,19.12898,72.88853,2025-06-20,App
C02480,East,Bhubaneswar,22.61325,88.30753,2024-05-16,App
C02481,South,Chennai,12.96624,77.5667,2025-03-27,App
C02482,North,Jaipur,28.68409,77.22507,2024-07-11,App
C02483,East,Bhubaneswar,22.53259,88.26395,2024-11-21,App
C02484,South,Chennai,12.98074,77.72211,2024-09-08,App
C02485,West,Ahmedabad,19.06335,72.87026,2025-04-09,App
C02486,South,Bengaluru,13.0423,77.54588,2025-04-10,Web
C02487,East,Kolkata,22.6283,88.4086,2025-10-11,App
C02488,East,Kolkata,22.56126,88.37375,2024-10-10,App
C02489,West,Mumbai,19.10725,72.97414,2025-08-25,App
C02490,South,Hyderabad,12.87973,77.52755,2024-06-23,App
C02491,West,Ahmedabad,19.02993,72.85712,2025-02-09,App
C02492,West,Ahmedabad,19.06307,72.9531,2024-06-09,App
C02493,East,Bhubaneswar,22.55698,88.33563,2025-05-01,App
C02494,South,Chennai,12.97284,77.52513,2025-07-01,App
C02495,West,Mumbai,19.06253,72.82324,2024-11-01,App
C02496,North,Jaipur,28.60241,77.10552,2025-08-15,App
C02497,West,Mumbai,18.99603,72.87507,2024-12-31,App
C02498,East,Patna,22.57522,88.35979,2025-01-08,App
C02499,North,Chandigarh,28.62449,77.17245,2025-04-01,Web
C02500,East,Kolkata,22.52714,88.26718,2024-04-13,Web
C02501,East,Patna,22.51098,88.406,2024-07-11,App
C02502,West,Pune,19.11292,72.881,2025-07-09,App
C02503,West,Ahmedabad,19.02975,72.90619,2025-06-08,App
C02504,East,Kolkata,22.49173,88.41414,2024-06-30,Web
C02505,North,Chandigarh,28.6482,77.20903,2024-03-12,App
C02506,East,Bhubaneswar,22.69887,88.27054,2024-04-28,App
C02507,East,Kolkata,22.55825,88.36338,2025-08-29,App
C02508,West,Pune,19.08827,72.90964,2025-01-03,App
C02509,South,Bengaluru,13.00839,77.65285,2024-04-27,Web
C02510,West,Ahmedabad,19.033,72.83835,2024-04-22,App
C02511,North,Chandigarh,28.46533,77.21776,2024-11-04,App
C02512,West,Ahmedabad,19.1573,72.98155,2025-02-02,App
C02513,East,Kolkata,22.76144,88.34389,2024-10-02,Web
C02514,South,Chennai,12.94229,77.49011,2025-09-23,App
C02515,North,Chandigarh,28.72426,77.28518,2025-01-19,App
C02516,North,Jaipur,28.69936,77.30009,2024-11-21,Web
C02517,South,Chennai,12.9343,77.59389,2024-01-17,App
C02518,West,Pune,19.13827,72.82245,2025-03-16,App
C02519,South,Chennai,12.91978,77.6586,2025-04-06,App
C02520,West,Ahmedabad,19.07141,72.89777,2024-01-13,App
C02521,East,Bhubaneswar,22.49172,88.27528,2025-01-14,App
C02522,North,Delhi,28.58064,77.15142,2024-12-19,App
C02523,East,Patna,22.55442,88.3091,2025-05-09,App
C02524,North,Delhi,28.63116,77.15939,2024-05-09,App
C02525,West,Pune,19.12186,72.83851,2025-04-08,App
C02526,West,Ahmedabad,19.13308,72.91586,2024-06-21,App
C02527,West,Pune,19.2033,72.93718,2025-09-05,App
C02528,East,Kolkata,22.54735,88.43597,2025-03-30,App
C02529,West,Mumbai,19.06406,72.94416,2024-04-21,Web
C02530,West,Mumbai,18.97611,72.78896,2024-11-11,Web
C02531,South,Hyderabad,12.9661,77.57355,2024-01-01,App
C02532,West,Pune,19.18521,73.03202,2025-03-20,App
C02533,East,Kolkata,22.64987,88.31266,2024-10-07,App
C02534,South,Bengaluru,13.01993,77.55632,2025-05-30,App
C02535,South,Hyderabad,13.04428,77.68738,2025-07-21,App
C02536,East,Bhubaneswar,22.50939,88.32385,2024-07-27,App
C02537,East,Bhubaneswar,22.57967,88.3221,2025-03-21,App
C02538,West,Mumbai,19.14089,72.92813,2024-05-31,Web
C02539,North,Delhi,28.65354,77.23139,2024-07-02,App
C02540,South,Chennai,13.09794,77.59863,2025-06-19,App
C02541,South,Chennai,12.90287,77.63613,2025-02-21,App
C02542,West,Pune,19.07566,72.92643,2025-01-05,App
C02543,North,Jaipur,28.60592,77.29681,2024-05-11,App
C02544,North,Delhi,28.5596,77.20805,2025-01-17,App
C02545,South,Hyderabad,12.92763,77.59774,2025-01-28,App
C02546,South,Hyderabad,12.81669,77.58041,2024-04-04,App
C02547,East,Patna,22.59848,88.4241,2025-09-07,App
C02548,West,Ahmedabad,19.18228,72.87461,2024-07-04,App
C02549,East,Patna,22.56637,88.28062,2024-10-01,App
C02550,North,Jaipur,28.66619,77.23903,2024-01-17,App
C02551,North,Chandigarh,28.49374,77.2906,2024-01-11,App
C02552,North,Jaipur,28.66168,77.19355,2024-03-19,App
C02553,North,Chandigarh,28.65415,77.21126,2024-05-29,App
C02554,East,Patna,22.61528,88.3045,2024-10-09,App
C02555,South,Hyderabad,13.09753,77.59854,2024-03-21,App
C02556,West,Mumbai,19.14682,72.91506,2024-04-05,Web
C02557,East,Kolkata,22.48458,88.43977,2024-12-22,Web
C02558,North,Chandigarh,28.70965,77.18281,2024-01-31,App
C02559,East,Kolkata,22.55134,88.43598,2025-02-20,Web
C02560,North,Chandigarh,28.6741,77.23282,2024-08-27,App
C02561,South,Hyderabad,13.05946,77.48486,2024-08-03,App
C02562,West,Pune,19.10639,72.89667,2025-04-13,App
C02563,West,Mumbai,19.05949,72.92554,2024-03-27,App
C02564,South,Chennai,12.97802,77.69358,2024-08-20,App
C02565,North,Jaipur,28.65163,77.2432,2024-07-23,App
C02566,West,Pune,19.01383,72.871,2024-09-06,App
C02567,South,Hyderabad,13.04606,77.68005,2024-10-24,App
C02568,North,Jaipur,28.59151,77.12967,2024-06-15,Web
C02569,South,Hyderabad,12.96008,77.51907,2024-05-23,App
C02570,West,Ahmedabad,19.16829,72.78355,2025-02-04,App
C02571,South,Bengaluru,12.91615,77.60112,2025-04-26,Web
C02572,North,Jaipur,28.46826,77.10634,2024-08-26,App
C02573,East,Bhubaneswar,22.61087,88.28719,2024-07-06,App
C02574,North,Jaipur,28.56233,77.18683,2024-09-09,App
C02575,West,Mumbai,19.05211,72.94113,2025-05-14,App
C02576,North,Chandigarh,28.49412,77.24404,2025-01-10,Web
C02577,West,Pune,19.11936,72.81177,2025-07-28,Web
C02578,North,Delhi,28.54444,77.20798,2024-08-06,App
C02579,North,Delhi,28.60568,77.20419,2025-04-21,App
C02580,South,Chennai,12.94892,77.48132,2024-01-28,App
C02581,North,Jaipur,28.57928,77.18216,2024-02-07,App
C02582,West,Pune,19.03413,72.84285,2024-11-05,App
C02583,North,Delhi,28.71873,77.15651,2025-03-03,App
C02584,East,Bhubaneswar,22.76302,88.48388,2025-06-11,Web
C02585,South,Hyderabad,12.97711,77.65845,2025-06-01,App
C02586,North,Delhi,28.63255,77.23827,2024-06-25,App
C02587,North,Delhi,28.71315,77.15833,2025-02-01,App
C02588,West,Pune,19.0825,72.88128,2025-03-01,App
C02589,West,Ahmedabad,19.07135,72.87029,2024-11-18,App
C02590,East,Bhubaneswar,22.47127,88.29108,2025-08-17,Web
C02591,North,Delhi,28.50533,77.23631,2025-07-26,App
C02592,West,Pune,19.15165,72.97243,2024-02-01,App
C02593,East,Bhubaneswar,22.44508,88.29488,2025-01-08,App
C02594,North,Jaipur,28.63952,77.20233,2024-08-26,Web
C02595,West,Pune,19.03345,72.87483,2024-07-26,App
C02596,North,Chandigarh,28.63164,77.29836,2024-12-14,Web
C02597,North,Chandigarh,28.5212,77.35892,2025-03-17,App
C02598,West,Ahmedabad,19.1106,72.95139,2025-01-15,App
C02599,West,Pune,19.04901,72.9962,2025-07-07,App
C02600,West,Ahmedabad,18.95379,72.91265,2025-01-05,Web
C02601,West,Mumbai,18.97455,72.80969,2024-11-10,Web
C02602,South,Hyderabad,13.0871,77.63209,2024-07-05,App
C02603,West,Mumbai,19.11208,72.88796,2024-06-08,App
C02604,East,Kolkata,22.64046,88.30978,2024-12-30,App
C02605,East,Kolkata,22.53935,88.33705,2024-10-12,App
C02606,South,Hyderabad,12.97201,77.49988,2024-05-17,App
C02607,West,Mumbai,19.04595,72.79674,2024-07-30,App
C02608,West,Mumbai,19.01473,72.86944,2024-03-10,App
C02609,East,Kolkata,22.58568,88.3015,2024-02-23,App
C02610,East,Kolkata,22.61354,88.35709,2025-02-11,App
C02611,East,Patna,22.59842,88.344,2025-05-01,Web
C02612,South,Bengaluru,12.89716,77.57262,2024-04-05,App
C02613,West,Pune,19.07802,72.93296,2025-09-24,Web
C02614,East,Bhubaneswar,22.55013,88.40544,2025-07-02,App
C02615,South,Hyderabad,12.86112,77.60869,2025-08-21,App
C02616,South,Chennai,13.06625,77.66756,2024-12-11,App
C02617,West,Pune,19.06172,72.88949,2025-01-18,Web
C02618,West,Mumbai,19.05217,72.91741,2024-08-07,App
C02619,East,Kolkata,22.46189,88.24685,2024-01-12,App
C02620,East,Patna,22.54406,88.3773,2025-04-26,App
C02621,East,Kolkata,22.61142,88.37192,2024-09-26,Web
C02622,East,Kolkata,22.61026,88.37027,2024-01-01,App
C02623,West,Ahmedabad,19.04541,72.89029,2024-05-22,App
C02624,East,Bhubaneswar,22.50378,88.28946,2024-02-04,Web
C02625,North,Chandigarh,28.69247,77.1476,2025-08-30,App
C02626,West,Mumbai,19.09702,72.78921,2025-09-23,App
C02627,North,Delhi,28.53723,77.14653,2025-04-06,App
C02628,East,Patna,22.6334,88.46937,2024-10-18,App
C02629,East,Kolkata,22.54775,88.37296,2024-12-18,App
C02630,South,Bengaluru,12.8788,77.57519,2025-07-16,App
C02631,South,Hyderabad,12.97621,77.56475,2025-08-16,App
C02632,East,Kolkata,22.58448,88.27962,2025-06-18,App
C02633,West,Mumbai,19.10551,72.80666,2024-06-27,App
C02634,West,Mumbai,19.16213,72.96011,2025-01-05,App
C02635,North,Chandigarh,28.64565,77.23985,2024-09-23,App
C02636,West,Mumbai,19.00849,72.99683,2025-08-03,App
C02637,West,Ahmedabad,19.15589,72.91435,2025-08-09,Web
C02638,South,Bengaluru,12.93662,77.6083,2025-10-05,App
C02639,East,Patna,22.55818,88.27221,2024-08-09,App
C02640,East,Patna,22.67077,88.30916,2025-02-10,App
C02641,South,Chennai,12.94006,77.59068,2025-07-29,App
C02642,West,Pune,18.989,72.84298,2024-02-05,App
C02643,West,Mumbai,19.11566,72.95123,2025-07-20,App
C02644,North,Chandigarh,28.5996,77.22283,2025-02-13,App
C02645,West,Pune,19.08739,72.80988,2025-07-18,App
C02646,East,Patna,22.54255,88.35851,2025-07-27,App
C02647,North,Jaipur,28.63131,77.21881,2025-07-30,App
C02648,West,Pune,19.06552,72.77923,2025-04-12,App
C02649,West,Mumbai,19.03923,72.85735,2024-01-30,App
C02650,South,Bengaluru,13.03461,77.56153,2024-07-21,App
C02651,East,Patna,22.46716,88.34138,2025-06-21,App
C02652,West,Pune,19.07538,72.81452,2025-01-31,App
C02653,North,Jaipur,28.5977,77.13377,2024-06-28,App
C02654,South,Chennai,13.05481,77.57826,2024-10-15,App
C02655,East,Bhubaneswar,22.62365,88.27759,2025-05-23,Web
C02656,East,Kolkata,22.50239,88.39896,2024-01-18,App
C02657,North,Jaipur,28.5093,77.10619,2025-04-18,App
C02658,East,Patna,22.65838,88.32679,2024-01-27,App
C02659,West,Mumbai,19.17284,72.95784,2024-07-28,App
C02660,West,Pune,19.08837,72.94679,2024-07-23,App
C02661,East,Bhubaneswar,22.48737,88.35999,2025-01-06,Web
C02662,South,Bengaluru,12.91916,77.60715,2025-02-02,Web
C02663,South,Hyderabad,12.98567,77.537,2025-04-25,App
C02664,North,Chandigarh,28.66284,77.24411,2024-12-25,App
C02665,North,Delhi,28.5529,77.15122,2024-09-27,App
C02666,East,Bhubaneswar,22.62139,88.43577,2024-03-22,App
C02667,North,Jaipur,28.58071,77.29451,2025-03-10,App
C02668,West,Ahmedabad,18.93018,72.83606,2024-12-14,App
C02669,North,Chandigarh,28.63985,77.24289,2024-12-06,App
C02670,East,Bhubaneswar,22.57855,88.44661,2024-01-29,App
C02671,South,Hyderabad,13.04529,77.64145,2024-08-10,App
C02672,North,Chandigarh,28.70824,77.13355,2025-01-29,App
C02673,West,Pune,19.03998,72.95045,2024-06-23,App
C02674,South,Hyderabad,12.96819,77.62474,2024-07-11,App
C02675,East,Kolkata,22.5997,88.48108,2025-03-13,App
C02676,West,Ahmedabad,19.03909,72.95511,2025-04-29,Web
C02677,East,Bhubaneswar,22.60274,88.35826,2024-10-26,App
C02678,South,Bengaluru,12.99968,77.60833,2025-07-07,App
C02679,South,Bengaluru,13.07269,77.58911,2024-02-11,App
C02680,North,Delhi,28.56583,77.24387,2025-03-16,App
C02681,North,Delhi,28.62575,77.24019,2025-06-06,App
C02682,West,Pune,19.15476,72.8834,2025-05-27,App
C02683,West,Pune,19.13812,72.81548,2024-03-01,Web
C02684,West,Ahmedabad,19.04433,73.00486,2025-02-12,App
C02685,East,Bhubaneswar,22.57312,88.35502,2025-03-24,App
C02686,West,Ahmedabad,19.02042,72.89998,2024-04-16,App
C02687,South,Bengaluru,13.10928,77.67031,2025-05-23,App
C02688,West,Pune,19.12141,72.91702,2025-08-14,App
C02689,North,Jaipur,28.52935,77.20473,2025-02-26,App
C02690,East,Patna,22.6346,88.28311,2025-08-04,App
C02691,East,Patna,22.53062,88.4426,2025-02-12,App
C02692,West,Pune,19.1013,72.9051,2024-06-30,Web
C02693,South,Bengaluru,12.90933,77.57361,2024-11-17,App
C02694,South,Hyderabad,13.13074,77.60952,2025-08-31,Web
C02695,East,Patna,22.54766,88.35846,2025-08-26,App
C02696,West,Mumbai,19.15905,72.8836,2024-09-28,App
C02697,East,Patna,22.75248,88.32854,2024-09-22,App
C02698,North,Chandigarh,28.73308,77.12955,2024-11-02,App
C02699,East,Bhubaneswar,22.61261,88.3011,2025-01-28,App
C02700,South,Hyderabad,13.05493,77.63213,2024-03-21,App
C02701,East,Bhubaneswar,22.66164,88.35469,2024-05-23,Web
C02702,East,Patna,22.54617,88.3475,2024-09-30,App
C02703,West,Ahmedabad,19.03056,72.97436,2025-04-07,App
C02704,North,Chandigarh,28.52966,77.18313,2025-06-03,App
C02705,West,Mumbai,19.05661,72.87211,2024-09-26,App
C02706,North,Chandigarh,28.51584,77.15766,2024-08-12,App
C02707,South,Hyderabad,13.06252,77.58473,2024-01-15,Web
C02708,West,Pune,18.94573,72.82376,2025-06-14,App
C02709,South,Hyderabad,12.92006,77.68238,2024-02-05,App
C02710,West,Mumbai,18.98368,72.89085,2025-03-13,App
C02711,North,Delhi,28.70494,77.27205,2024-04-18,Web
C02712,South,Bengaluru,12.9939,77.59923,2024-10-24,App
C02713,West,Ahmedabad,19.1617,72.84027,2025-07-12,App
C02714,West,Ahmedabad,19.12837,72.85018,2025-08-13,Web
C02715,North,Chandigarh,28.56987,77.31794,2024-08-20,App
C02716,South,Hyderabad,12.96046,77.59931,2024-02-10,App
C02717,West,Pune,18.98324,72.96516,2024-01-19,App
C02718,South,Hyderabad,13.0262,77.5789,2024-12-04,App
C02719,South,Chennai,13.02437,77.5595,2024-11-22,App
C02720,East,Kolkata,22.49831,88.43356,2025-10-10,App
C02721,East,Kolkata,22.58002,88.37319,2024-03-14,App
C02722,South,Chennai,12.91626,77.5945,2024-01-28,App
C02723,North,Jaipur,28.48216,77.29182,2024-11-11,App
C02724,North,Jaipur,28.61907,77.28519,2024-07-16,Web
C02725,South,Bengaluru,13.04321,77.59235,2025-09-08,App
C02726,North,Delhi,28.56288,77.1899,2025-06-07,App
C02727,North,Jaipur,28.59431,77.24513,2024-02-21,App
C02728,West,Mumbai,19.06077,72.82627,2024-07-19,App
C02729,South,Chennai,12.98265,77.60887,2025-09-20,App
C02730,East,Patna,22.59037,88.40233,2024-01-16,App
C02731,South,Bengaluru,12.97285,77.55465,2024-12-10,App
C02732,South,Hyderabad,13.02368,77.68716,2024-01-18,App
C02733,South,Chennai,12.88165,77.58046,2025-06-14,App
C02734,West,Pune,19.06228,72.85722,2025-04-27,App
C02735,West,Ahmedabad,19.00947,72.90727,2024-08-18,App
C02736,South,Hyderabad,13.06728,77.48586,2024-03-27,App
C02737,East,Bhubaneswar,22.59548,88.39442,2024-01-31,App
C02738,North,Delhi,28.66566,77.15925,2025-08-21,App
C02739,South,Bengaluru,12.93826,77.58386,2024-06-25,App
C02740,West,Ahmedabad,19.10091,72.90959,2025-02-23,App
C02741,North,Chandigarh,28.62103,77.22841,2025-08-16,App
C02742,East,Patna,22.59681,88.35477,2024-06-18,Web
C02743,South,Chennai,13.03429,77.54865,2024-01-03,App
C02744,North,Delhi,28.57706,77.19986,2024-10-18,App
C02745,South,Hyderabad,13.07964,77.5928,2025-10-03,App
C02746,North,Jaipur,28.67939,77.12161,2024-10-05,App
C02747,West,Pune,19.07413,72.88696,2024-08-20,App
C02748,West,Pune,19.10538,72.92538,2025-04-07,App
C02749,East,Patna,22.54092,88.44971,2025-10-06,App
C02750,East,Patna,22.60636,88.25734,2025-07-25,App
C02751,South,Bengaluru,12.98327,77.63061,2025-05-29,Web
C02752,North,Chandigarh,28.67233,77.06879,2025-08-11,App
C02753,West,Pune,19.07514,72.8501,2025-06-29,App
C02754,South,Chennai,13.02106,77.50054,2024-04-07,Web
C02755,North,Chandigarh,28.65198,77.11217,2024-08-28,App
C02756,East,Bhubaneswar,22.50448,88.45408,2024-05-22,App
C02757,South,Chennai,13.12414,77.59513,2025-02-26,App
C02758,West,Pune,19.06543,72.86033,2024-11-03,App
C02759,West,Ahmedabad,19.16329,72.97535,2025-07-13,App
C02760,West,Ahmedabad,19.15228,72.95897,2025-04-14,App
C02761,South,Bengaluru,13.01822,77.61258,2025-01-04,App
C02762,South,Hyderabad,12.9964,77.46236,2025-10-08,Web
C02763,South,Hyderabad,12.92629,77.59406,2024-11-05,App
C02764,East,Patna,22.59207,88.33104,2025-03-06,App
C02765,East,Bhubaneswar,22.58525,88.37401,2024-09-04,App
C02766,North,Delhi,28.54011,77.33028,2024-12-17,App
C02767,West,Ahmedabad,18.96206,72.88577,2024-05-05,App
C02768,North,Jaipur,28.58018,77.21192,2024-02-28,Web
C02769,North,Jaipur,28.59792,77.23477,2024-02-03,App
C02770,South,Bengaluru,12.99373,77.61273,2025-02-22,App
C02771,East,Kolkata,22.58307,88.36967,2025-04-02,App
C02772,West,Pune,19.13701,72.87404,2025-06-23,App
C02773,East,Kolkata,22.60584,88.50159,2025-08-21,App
C02774,East,Kolkata,22.54537,88.33272,2025-09-23,App
C02775,East,Bhubaneswar,22.52374,88.37504,2024-08-27,Web
C02776,West,Ahmedabad,19.10692,72.89781,2024-07-28,App
C02777,North,Chandigarh,28.65744,77.09711,2024-06-02,App
C02778,East,Bhubaneswar,22.592,88.39046,2024-05-08,App
C02779,South,Chennai,12.93497,77.5681,2024-11-14,App
C02780,South,Chennai,13.03779,77.70579,2025-08-18,App
C02781,West,Ahmedabad,19.11683,72.88682,2025-09-05,App
C02782,West,Ahmedabad,19.1124,72.76511,2024-09-01,App
C02783,East,Patna,22.61224,88.33965,2024-03-12,App
C02784,North,Delhi,28.59608,77.17603,2024-08-05,Web
C02785,East,Bhubaneswar,22.56461,88.43978,2024-12-17,App
C02786,South,Chennai,12.92828,77.49341,2024-07-01,App
C02787,West,Ahmedabad,18.97381,72.81926,2025-03-20,App
C02788,North,Jaipur,28.70494,77.14725,2024-11-05,App
C02789,South,Bengaluru,12.92987,77.5507,2024-08-28,App
C02790,South,Hyderabad,12.83434,77.52997,2025-08-12,App
C02791,East,Bhubaneswar,22.57493,88.30755,2024-08-24,App
C02792,South,Bengaluru,12.95453,77.63681,2024-09-13,App
C02793,North,Chandigarh,28.64386,77.15696,2025-06-02,App
C02794,West,Pune,19.13101,72.82306,2024-12-29,App
C02795,West,Pune,19.02794,72.89318,2024-12-22,App
C02796,East,Kolkata,22.49986,88.47809,2024-12-28,App
C02797,West,Ahmedabad,19.1676,72.90794,2025-05-13,App
C02798,South,Hyderabad,13.08036,77.56107,2025-03-16,App
C02799,South,Chennai,12.88488,77.65627,2025-07-02,App
C02800,South,Hyderabad,12.96854,77.59571,2025-06-09,App
C02801,North,Delhi,28.47323,77.24891,2025-04-18,App
C02802,South,Hyderabad,13.01801,77.61875,2024-06-26,App
C02803,South,Chennai,12.85371,77.44516,2024-11-03,App
C02804,South,Chennai,12.99442,77.55531,2025-05-22,App
C02805,South,Bengaluru,12.99253,77.53095,2025-08-10,App
C02806,South,Chennai,12.91267,77.61455,2024-09-19,App
C02807,West,Pune,19.19397,72.8903,2025-06-13,App
C02808,West,Pune,19.14465,72.85883,2024-07-27,App
C02809,South,Hyderabad,12.91035,77.48538,2025-03-03,App
C02810,West,Pune,19.12948,72.86436,2025-04-03,App
C02811,West,Ahmedabad,19.13809,72.9959,2024-07-12,App
C02812,East,Patna,22.57484,88.30256,2025-08-01,App
C02813,West,Ahmedabad,19.09871,72.86514,2024-05-13,App
C02814,South,Chennai,13.1059,77.53022,2024-05-23,App
C02815,West,Mumbai,19.12611,72.93117,2025-01-19,App
C02816,North,Jaipur,28.7055,77.14952,2025-05-24,App
C02817,South,Hyderabad,12.83977,77.60093,2024-10-28,App
C02818,South,Bengaluru,12.88434,77.52963,2025-01-24,App
C02819,East,Bhubaneswar,22.52119,88.36161,2025-04-02,App
C02820,West,Mumbai,19.07894,72.83792,2024-12-14,App
C02821,North,Unknown,28.56986,77.26198,2025-02-01,App
C02822,South,Hyderabad,12.93185,77.64263,2024-06-26,App
C02823,North,Jaipur,28.54867,77.28861,2024-07-12,App
C02824,South,Bengaluru,12.92669,77.62654,2025-04-04,Web
C02825,West,Mumbai,19.10536,72.86735,2024-12-07,App
C02826,North,Delhi,28.53789,77.25901,2025-09-29,App
C02827,South,Chennai,13.017,77.5853,2025-08-23,App
C02828,South,Hyderabad,12.90557,77.59389,2025-04-27,App
C02829,East,Bhubaneswar,22.62377,88.32359,2025-02-05,Web
C02830,South,Chennai,12.91277,77.56264,2025-07-03,App
C02831,South,Chennai,12.97585,77.63669,2025-06-27,App
C02832,East,Bhubaneswar,22.56342,88.2301,2024-10-23,App
C02833,East,Patna,22.5567,88.31231,2025-04-14,App
C02834,East,Patna,22.561,88.37951,2024-07-04,Web
C02835,South,Bengaluru,12.84134,77.5919,2024-04-19,App
C02836,North,Chandigarh,28.75566,77.23712,2024-06-16,App
C02837,West,Pune,19.07281,72.86002,2025-03-20,Web
C02838,East,Patna,22.52766,88.3188,2024-11-23,App
C02839,South,Hyderabad,12.90505,77.61106,2025-05-29,App
C02840,West,Ahmedabad,19.1213,72.97641,2024-09-14,Web
C02841,West,Pune,18.91064,72.90343,2024-09-28,App
C02842,South,Bengaluru,13.05326,77.61453,2024-01-17,App
C02843,East,Bhubaneswar,22.55683,88.48633,2025-03-17,App
C02844,West,Pune,19.0836,72.83322,2024-08-03,App
C02845,East,Bhubaneswar,22.55907,88.46207,2024-05-20,App
C02846,South,Chennai,12.91548,77.55207,2024-06-23,App
C02847,West,Ahmedabad,19.11576,72.92428,2025-03-09,App
C02848,East,Bhubaneswar,22.63035,88.34742,2025-05-10,App
C02849,West,Ahmedabad,18.91211,72.91764,2024-02-10,App
C02850,East,Kolkata,22.47624,88.35808,2025-05-14,Web
C02851,East,Patna,22.66512,88.34448,2025-03-07,App
C02852,West,Ahmedabad,19.02289,72.91045,2024-05-28,Web
C02853,East,Kolkata,22.51476,88.36434,2024-01-05,App
C02854,West,Mumbai,19.12427,72.92333,2025-05-29,Web
C02855,West,Mumbai,19.12379,72.87338,2025-05-27,App
C02856,North,Jaipur,28.54664,77.2144,2024-05-31,App
C02857,West,Mumbai,19.10967,72.80495,2024-05-22,App
C02858,East,Patna,22.51276,88.33597,2025-04-14,Web
C02859,South,Bengaluru,13.00585,77.53287,2025-06-28,App
C02860,West,Pune,19.11743,72.95645,2024-07-04,App
C02861,South,Hyderabad,12.88652,77.56941,2024-11-27,Web
C02862,East,Patna,22.6788,88.44921,2024-10-09,App
C02863,North,Chandigarh,28.55985,77.17675,2024-03-07,App
C02864,East,Bhubaneswar,22.61174,88.36341,2025-01-18,Web
C02865,North,Chandigarh,28.60802,77.22276,2025-09-15,App
C02866,South,Chennai,12.97566,77.38228,2025-04-21,App
C02867,South,Hyderabad,12.95299,77.67592,2025-02-06,App
C02868,East,Bhubaneswar,22.56694,88.37351,2025-01-07,App
C02869,West,Mumbai,19.05409,72.83347,2025-09-15,App
C02870,East,Kolkata,22.5993,88.35875,2025-02-25,App
C02871,West,Mumbai,19.13634,72.9296,2024-07-30,App
C02872,West,Mumbai,19.15192,72.86105,2024-11-16,App
C02873,West,Pune,19.14008,72.91705,2024-11-21,App
C02874,South,Hyderabad,12.96885,77.59663,2025-02-19,App
C02875,North,Delhi,28.62499,77.24409,2024-12-01,App
C02876,North,Jaipur,28.59219,77.21875,2024-08-18,App
C02877,North,Jaipur,28.63556,77.2493,2024-09-22,App
C02878,North,Chandigarh,28.60098,77.12846,2025-01-16,App
C02879,West,Ahmedabad,19.10726,72.87293,2024-03-29,App
C02880,South,Bengaluru,13.05058,77.56743,2024-10-07,App
C02881,North,Jaipur,28.64597,77.24239,2025-07-15,Web
C02882,North,Delhi,28.65536,77.18678,2025-05-23,App
C02883,North,Jaipur,28.58796,77.15738,2024-12-26,App
C02884,South,Hyderabad,13.09362,77.56294,2025-05-05,Web
C02885,South,Bengaluru,12.96133,77.5272,2025-04-06,App
C02886,West,Pune,19.06613,72.95265,2025-04-28,App
C02887,East,Patna,22.60262,88.34703,2025-01-24,App
C02888,South,Hyderabad,12.99232,77.61043,2024-10-29,App
C02889,South,Chennai,12.8715,77.57163,2024-06-13,App
C02890,South,Hyderabad,12.98057,77.53911,2025-08-17,App
C02891,East,Kolkata,22.50757,88.43679,2025-08-27,App
C02892,West,Pune,19.07726,72.877,2024-05-26,App
C02893,South,Hyderabad,12.94244,77.61914,2024-06-23,App
C02894,South,Bengaluru,12.89795,77.51989,2024-10-22,App
C02895,East,Bhubaneswar,22.58541,88.40493,2024-05-05,App
C02896,South,Hyderabad,12.87304,77.55368,2024-06-17,App
C02897,South,Chennai,13.01348,77.52924,2025-09-16,App
C02898,South,Bengaluru,13.01612,77.5707,2024-12-25,App
C02899,West,Ahmedabad,19.1874,72.89705,2025-02-25,App
C02900,North,Jaipur,28.51918,77.19759,2024-10-11,App
C02901,South,Bengaluru,12.86217,77.54208,2025-05-20,App
C02902,West,Pune,19.22805,72.83047,2025-04-06,App
C02903,West,Pune,19.18647,72.92409,2025-05-13,App
C02904,East,Bhubaneswar,22.59212,88.29679,2024-01-05,App
C02905,North,Jaipur,28.71578,77.11342,2025-08-25,App
C02906,South,Bengaluru,12.99891,77.64857,2024-08-19,App
C02907,East,Patna,22.53024,88.23254,2024-09-06,App
C02908,West,Pune,19.10346,72.96835,2024-09-21,Web
C02909,East,Kolkata,22.5037,88.34834,2025-09-01,App
C02910,West,Ahmedabad,19.12621,72.92966,2025-03-04,App
C02911,South,Bengaluru,12.96708,77.50777,2024-09-13,App
C02912,East,Patna,22.5608,88.34819,2024-05-28,App
C02913,West,Ahmedabad,19.06392,72.83193,2024-02-25,App
C02914,South,Hyderabad,13.02592,77.58887,2024-03-27,App
C02915,West,Mumbai,19.03309,72.92058,2024-06-10,App
C02916,West,Mumbai,19.15442,72.79583,2025-03-26,App
C02917,East,Patna,22.66483,88.45698,2024-08-25,App
C02918,South,Bengaluru,12.84799,77.62391,2024-08-12,App
C02919,East,Kolkata,22.64074,88.30286,2024-10-05,App
C02920,South,Hyderabad,12.92363,77.56904,2024-01-23,App
C02921,North,Chandigarh,28.68268,77.23968,2025-09-18,App
C02922,South,Chennai,12.91774,77.66266,2024-08-27,App
C02923,North,Jaipur,28.66262,77.15262,2024-05-31,App
C02924,North,Delhi,28.63472,77.2398,2024-10-14,App
C02925,South,Chennai,13.0202,77.65694,2025-06-06,App
C02926,West,Mumbai,19.13685,72.90798,2024-08-19,App
C02927,South,Chennai,12.8908,77.6376,2024-10-11,App
C02928,West,Mumbai,19.08608,72.79875,2024-10-23,App
C02929,West,Ahmedabad,19.09987,72.8283,2024-04-02,Web
C02930,East,Kolkata,22.61352,88.33984,2024-06-30,App
C02931,North,Jaipur,28.65094,77.20218,2025-07-20,App
C02932,West,Ahmedabad,19.1444,73.03229,2024-05-21,App
C02933,South,Hyderabad,12.97941,77.71127,2025-01-18,App
C02934,East,Kolkata,22.54903,88.35119,2025-04-16,App
C02935,West,Ahmedabad,19.14586,72.91123,2025-03-27,App
C02936,North,Delhi,28.63992,77.22819,2025-02-25,App
C02937,North,Delhi,28.5177,77.27409,2024-06-11,App
C02938,South,Bengaluru,13.02833,77.48702,2024-07-11,App
C02939,East,Bhubaneswar,22.66258,88.39857,2025-08-29,Web
C02940,South,Chennai,12.98702,77.54774,2024-12-18,App
C02941,West,Mumbai,18.9938,72.98959,2025-10-05,App
C02942,West,Mumbai,19.23676,72.81066,2024-06-27,App
C02943,South,Bengaluru,12.98535,77.69802,2024-05-25,App
C02944,North,Chandigarh,28.6125,77.21177,2025-09-01,App
C02945,North,Jaipur,28.56961,77.22488,2025-05-01,App
C02946,West,Pune,19.10756,72.91057,2024-06-17,App
C02947,East,Kolkata,22.4053,88.44887,2024-09-30,App
C02948,North,Chandigarh,28.6365,77.24536,2024-11-23,Web
C02949,North,Jaipur,28.6335,77.12626,2025-06-30,App
C02950,South,Bengaluru,12.90042,77.70765,2025-06-24,App
C02951,North,Jaipur,28.63233,77.19988,2025-04-16,App
C02952,South,Bengaluru,13.02958,77.63401,2024-10-31,App
C02953,West,Mumbai,19.15207,72.90193,2025-08-16,Web
C02954,South,Chennai,12.97666,77.70685,2024-05-15,App
C02955,South,Hyderabad,12.92863,77.6883,2024-11-24,App
C02956,West,Pune,19.00469,72.84014,2024-08-06,App
C02957,West,Ahmedabad,19.05797,72.79895,2025-04-23,App
C02958,West,Ahmedabad,19.07139,72.92885,2024-01-29,App
C02959,South,Chennai,13.02092,77.50951,2025-05-20,App
C02960,West,Mumbai,19.16816,72.84667,2025-08-10,App
C02961,South,Hyderabad,12.89449,77.55101,2024-06-06,App
C02962,North,Chandigarh,28.5781,77.14955,2025-05-22,App
C02963,South,Bengaluru,12.94363,77.58647,2025-06-16,App
C02964,West,Ahmedabad,18.9957,72.92384,2024-06-13,Web
C02965,North,Delhi,28.56915,77.19712,2024-09-16,App
C02966,West,Pune,19.07299,72.87902,2025-01-14,App
C02967,West,Pune,19.0884,72.83385,2025-07-15,App
C02968,North,Jaipur,28.62836,77.18219,2024-02-28,Web
C02969,North,Delhi,28.74019,77.16043,2024-06-08,App
C02970,South,Bengaluru,13.03785,77.59501,2025-08-29,App
C02971,East,Bhubaneswar,22.61533,88.29499,2025-07-07,App
C02972,East,Bhubaneswar,22.59693,88.43309,2024-11-18,App
C02973,South,Hyderabad,13.04884,77.58664,2024-01-10,Web
C02974,East,Kolkata,22.51327,88.22206,2024-02-04,App
C02975,West,Pune,19.0269,72.93412,2024-01-07,App
C02976,East,Patna,22.70643,88.34282,2025-06-01,App
C02977,West,Mumbai,19.06934,72.8226,2024-08-01,App
C02978,South,Hyderabad,13.03809,77.68531,2025-01-26,App
C02979,East,Kolkata,22.54006,88.41027,2025-06-24,App
C02980,North,Delhi,28.54134,77.2639,2025-04-16,App
C02981,North,Delhi,28.50393,77.21033,2024-11-08,App
C02982,South,Chennai,13.06926,77.55731,2024-01-17,App
C02983,East,Patna,22.48759,88.43624,2024-09-21,App
C02984,West,Pune,19.08111,72.77588,2024-12-20,App
C02985,South,Hyderabad,12.94275,77.65906,2024-03-10,Web
C02986,North,Delhi,28.69848,77.34363,2024-07-23,App
C02987,West,Mumbai,19.06558,72.93374,2025-02-01,App
C02988,North,Delhi,28.67313,77.149,2025-09-03,App
C02989,South,Hyderabad,12.9927,77.70363,2025-09-14,App
C02990,North,Delhi,28.67227,77.21269,2025-02-25,App
C02991,West,Mumbai,19.11607,72.93847,2024-06-27,App
C02992,West,Pune,19.13949,72.82365,2025-04-11,App
C02993,East,Bhubaneswar,22.49891,88.37702,2025-08-26,App
C02994,North,Chandigarh,28.6125,77.18122,2025-01-31,App
C02995,South,Chennai,13.03372,77.63336,2025-08-30,App
C02996,East,Patna,22.52251,88.45862,2024-05-07,App
C02997,South,Bengaluru,12.86399,77.67588,2024-10-03,App
C02998,West,Pune,18.9751,72.91568,2024-03-11,Web
C02999,South,Chennai,12.90499,77.50262,2024-01-23,App
C03000,North,Delhi,28.59354,77.19416,2025-01-16,Web
C03001,East,Kolkata,22.57947,88.43922,2025-04-03,Web
C03002,South,Bengaluru,12.90019,77.5324,2025-03-31,Web
C03003,West,Mumbai,19.00659,72.90539,2024-10-07,Web
C03004,East,Kolkata,22.53437,88.32143,2024-07-26,Web
C03005,South,Chennai,12.99923,77.46781,2024-02-21,Web
C03006,West,Mumbai,19.16993,72.74134,2025-02-15,App
C03007,South,Hyderabad,13.10648,77.53688,2025-07-18,App
C03008,North,Jaipur,28.56745,77.20524,2024-12-19,App
C03009,West,Mumbai,19.10994,72.8564,2025-09-06,App
C03010,West,Pune,19.10976,72.80568,2025-08-27,App
C03011,West,Pune,19.12848,72.85923,2024-02-12,Web
C03012,South,Bengaluru,13.05613,77.57645,2025-08-28,App
C03013,West,Mumbai,19.04543,72.94878,2025-05-05,App
C03014,North,Chandigarh,28.64444,77.19458,2024-10-24,App
C03015,East,Patna,22.47297,88.42687,2025-03-13,App
C03016,West,Pune,19.02009,72.7786,2024-07-02,App
C03017,South,Hyderabad,13.04113,77.37873,2025-08-20,App
C03018,West,Pune,19.21729,72.89736,2024-04-07,App
C03019,West,Mumbai,19.11115,72.85192,2024-03-31,App
C03020,West,Ahmedabad,19.14765,72.90135,2024-07-27,App
C03021,North,Delhi,28.67181,77.18398,2025-02-12,App
C03022,South,Bengaluru,13.0929,77.65182,2024-06-10,App
C03023,South,Chennai,12.88068,77.54143,2025-01-30,App
C03024,North,Delhi,28.64874,77.08366,2024-07-17,App
C03025,North,Jaipur,28.64454,77.14981,2025-04-04,App
C03026,North,Delhi,28.52993,77.00855,2024-08-26,App
C03027,South,Bengaluru,12.96172,77.69142,2025-01-30,App
C03028,South,Bengaluru,12.9984,77.70142,2024-09-12,App
C03029,West,Pune,19.06285,72.86759,2024-08-26,App
C03030,South,Chennai,12.97527,77.57618,2024-03-21,Web
C03031,West,Ahmedabad,19.0613,72.94948,2024-05-02,App
C03032,South,Bengaluru,12.91365,77.67435,2024-02-05,Web
C03033,West,Mumbai,19.07514,72.7251,2024-02-15,Web
C03034,South,Bengaluru,12.95443,77.63107,2024-01-03,Web
C03035,North,Delhi,28.57401,77.15941,2025-04-21,App
C03036,East,Kolkata,22.6063,88.39075,2024-05-20,App
C03037,West,Pune,19.08659,72.88722,2025-06-20,App
C03038,West,Ahmedabad,19.01208,72.94797,2024-01-19,App
C03039,West,Ahmedabad,18.99715,72.85716,2025-01-31,Web
C03040,West,Mumbai,19.17959,72.86179,2024-12-15,Web
C03041,West,Mumbai,19.11392,72.8988,2024-07-30,App
C03042,North,Chandigarh,28.62074,77.23743,2024-08-24,App
C03043,North,Chandigarh,28.64622,77.26114,2024-05-07,App
C03044,East,Kolkata,22.51544,88.35198,2025-04-25,App
C03045,West,Mumbai,19.04814,72.96405,2024-10-13,App
C03046,West,Mumbai,19.06988,72.85382,2025-07-29,App
C03047,West,Pune,19.01745,72.9115,2024-04-12,Web
C03048,North,Delhi,28.71005,77.15633,2025-03-10,App
C03049,West,Ahmedabad,19.13272,72.82131,2024-02-21,Web
C03050,North,Jaipur,28.68949,77.19901,2025-01-09,App
C03051,West,Mumbai,19.17868,72.91836,2025-04-12,Web
C03052,South,Hyderabad,12.85177,77.52225,2024-07-16,App
C03053,West,Pune,19.07383,72.83381,2024-10-18,App
C03054,South,Chennai,13.01444,77.56342,2024-02-10,App
C03055,West,Mumbai,18.98059,72.78312,2024-11-12,App
C03056,West,Ahmedabad,19.15531,72.92527,2024-02-23,App
C03057,South,Bengaluru,13.0217,77.63116,2025-06-22,App
C03058,West,Ahmedabad,19.03682,72.91317,2024-10-03,App
C03059,North,Delhi,28.6309,77.20801,2024-11-27,App
C03060,West,Mumbai,19.0946,72.99216,2025-02-07,Web
C03061,West,Pune,19.12717,72.89733,2025-10-11,App
C03062,West,Pune,19.0655,72.90839,2025-05-20,App
C03063,North,Chandigarh,28.61743,77.13347,2025-05-03,App
C03064,West,Mumbai,19.06274,72.7964,2025-03-23,App
C03065,South,Bengaluru,12.95885,77.57677,2025-06-21,App
C03066,South,Hyderabad,12.96282,77.53047,2024-05-10,App
C03067,South,Bengaluru,13.04926,77.60079,2025-03-07,App
C03068,West,Ahmedabad,19.14477,72.88398,2024-09-25,App
C03069,West,Ahmedabad,19.08107,72.91517,2024-02-02,App
C03070,North,Chandigarh,28.51557,77.21361,2024-02-03,App
C03071,South,Hyderabad,13.01227,77.54123,2024-12-26,App
C03072,West,Mumbai,19.11824,72.85464,2025-05-02,App
C03073,East,Patna,22.56668,88.30293,2025-04-28,App
C03074,East,Bhubaneswar,22.53795,88.26479,2024-06-19,Web
C03075,East,Bhubaneswar,22.64364,88.36531,2024-09-17,App
C03076,South,Chennai,12.97283,77.79413,2024-06-14,App
C03077,East,Bhubaneswar,22.56028,88.40376,2024-02-04,App
C03078,South,Hyderabad,13.00558,77.52472,2024-03-19,App
C03079,West,Ahmedabad,19.07904,72.84266,2025-10-05,App
C03080,East,Kolkata,22.61658,88.50794,2024-06-13,App
C03081,South,Hyderabad,13.06673,77.54138,2024-08-30,App
C03082,North,Chandigarh,28.60517,77.29432,2024-01-13,App
C03083,North,Delhi,28.5585,77.20994,2025-05-17,App
C03084,North,Chandigarh,28.6636,77.26267,2025-06-13,App
C03085,East,Patna,22.5708,88.39186,2025-01-16,App
C03086,West,Ahmedabad,19.08004,72.90847,2024-12-13,App
C03087,West,Pune,19.06292,72.90511,2024-01-10,App
C03088,East,Bhubaneswar,22.6345,88.372,2024-11-30,App
C03089,South,Chennai,12.87493,77.66431,2025-03-03,App
C03090,West,Ahmedabad,19.14737,72.87106,2025-04-30,App
C03091,East,Kolkata,22.57765,88.34615,2024-04-20,App
C03092,South,Hyderabad,12.89888,77.59418,2024-08-26,Web
C03093,North,Delhi,28.67155,77.166,2025-01-17,App
C03094,South,Hyderabad,12.87656,77.58234,2025-07-14,Web
C03095,South,Bengaluru,12.97801,77.61875,2024-11-22,App
C03096,South,Hyderabad,12.89805,77.56018,2024-01-18,App
C03097,North,Delhi,28.76726,77.25447,2024-05-11,App
C03098,East,Kolkata,22.57875,88.29791,2024-09-16,App
C03099,West,Ahmedabad,19.09984,72.86606,2024-03-20,App
C03100,South,Bengaluru,13.00582,77.50883,2025-03-01,Web
C03101,West,Ahmedabad,19.03971,72.90346,2025-02-19,Web
C03102,West,Mumbai,19.15314,72.8228,2024-11-29,App
C03103,West,Mumbai,19.14046,72.9858,2025-07-17,App
C03104,North,Jaipur,28.64016,77.21465,2025-04-23,App
C03105,West,Pune,19.2199,72.93708,2024-10-16,App
C03106,East,Patna,22.48795,88.35815,2024-12-12,App
C03107,West,Mumbai,19.13807,72.93856,2024-08-24,App
C03108,West,Pune,19.1635,72.92798,2025-09-17,App
C03109,East,Bhubaneswar,22.55797,88.31859,2025-03-27,App
C03110,West,Mumbai,19.04686,72.8081,2024-08-21,App
C03111,East,Patna,22.50547,88.29976,2024-10-29,App
C03112,South,Bengaluru,12.85875,77.44829,2024-11-11,Web
C03113,South,Hyderabad,12.97299,77.55524,2025-01-30,Web
C03114,East,Kolkata,22.66628,88.30708,2024-03-30,App
C03115,West,Ahmedabad,19.04295,72.92543,2024-05-07,App
C03116,West,Pune,19.09015,72.92445,2025-04-11,App
C03117,East,Patna,22.48638,88.51957,2024-01-19,App
C03118,South,Hyderabad,13.00585,77.65319,2025-08-15,App
C03119,North,Delhi,28.68488,77.24968,2024-04-25,App
C03120,West,Pune,19.05859,72.89657,2025-08-28,App
C03121,West,Ahmedabad,19.20307,72.8446,2024-08-27,App
C03122,East,Kolkata,22.57897,88.29304,2025-06-06,App
C03123,West,Ahmedabad,19.08953,72.90935,2024-10-06,App
C03124,South,Bengaluru,12.98732,77.61563,2025-04-19,App
C03125,East,Patna,22.4216,88.34393,2024-04-16,App
C03126,East,Bhubaneswar,22.62503,88.37989,2024-08-06,App
C03127,East,Kolkata,22.65424,88.248,2025-06-09,App
C03128,West,Ahmedabad,19.10023,72.91083,2024-06-19,App
C03129,North,Chandigarh,28.48189,77.308,2025-01-07,Web
C03130,West,Ahmedabad,19.05344,72.92903,2024-02-13,App
C03131,South,Bengaluru,13.05447,77.63595,2025-02-28,App
C03132,South,Bengaluru,12.95058,77.655,2025-08-08,App
C03133,North,Jaipur,28.58478,77.30446,2024-03-23,App
C03134,West,Pune,19.11644,72.8708,2024-05-04,App
C03135,North,Jaipur,28.72509,77.2235,2024-03-20,App
C03136,East,Patna,22.60156,88.36904,2024-06-17,App
C03137,West,Mumbai,19.10516,72.97297,2025-06-18,App
C03138,North,Delhi,28.66366,77.27212,2024-12-23,App
C03139,North,Chandigarh,28.59911,77.24553,2024-08-09,App
C03140,East,Patna,22.69216,88.28032,2024-01-20,App
C03141,North,Chandigarh,28.57374,77.24949,2025-09-10,App
C03142,South,Chennai,12.93827,77.47555,2025-07-18,App
C03143,West,Ahmedabad,19.02492,72.9706,2025-07-14,App
C03144,East,Patna,22.62763,88.38446,2025-01-09,App
C03145,West,Pune,19.11942,72.99607,2024-02-16,App
C03146,East,Patna,22.56974,88.41724,2025-06-05,App
C03147,South,Hyderabad,12.89939,77.49381,2024-11-22,Web
C03148,West,Mumbai,19.16608,72.98847,2024-06-19,Web
C03149,West,Ahmedabad,19.05084,72.89404,2025-02-11,App
C03150,South,Bengaluru,13.04427,77.50061,2024-10-16,Web
C03151,South,Chennai,13.0267,77.58189,2024-11-28,App
C03152,West,Pune,19.06423,72.96758,2025-08-05,App
C03153,North,Delhi,28.61105,77.23689,2024-08-09,App
C03154,West,Ahmedabad,19.14436,72.80663,2025-08-19,App
C03155,East,Kolkata,22.60668,88.39618,2024-12-12,App
C03156,South,Bengaluru,12.92677,77.55056,2024-10-19,App
C03157,West,Mumbai,19.06303,72.81305,2024-09-21,App
C03158,West,Mumbai,19.16295,72.83275,2024-10-26,App
C03159,West,Unknown,19.14794,72.88479,2024-09-12,App
C03160,North,Delhi,28.50305,77.2344,2024-04-22,App
C03161,West,Pune,19.05146,72.88604,2024-07-14,App
C03162,South,Chennai,12.9834,77.59419,2025-08-07,App
C03163,East,Bhubaneswar,22.57531,88.37589,2025-06-26,App
C03164,East,Kolkata,22.52608,88.47048,2024-02-27,App
C03165,South,Bengaluru,13.00662,77.5944,2025-08-06,App
C03166,East,Kolkata,22.44845,88.21054,2024-10-28,App
C03167,South,Chennai,12.98104,77.62372,2024-12-07,App
C03168,West,Mumbai,19.0944,72.67887,2025-03-11,App
C03169,South,Hyderabad,12.94093,77.62012,2025-08-02,App
C03170,South,Chennai,12.98167,77.68817,2024-10-13,App
C03171,North,Jaipur,28.59399,77.2124,2025-01-15,App
C03172,North,Jaipur,28.67639,77.2584,2024-02-05,App
C03173,North,Chandigarh,28.60217,77.30854,2025-07-31,App
C03174,South,Bengaluru,12.87728,77.61338,2025-05-06,Web
C03175,North,Jaipur,28.6136,77.25856,2024-02-09,App
C03176,West,Mumbai,19.14128,72.85863,2025-05-11,App
C03177,East,Kolkata,22.60811,88.33457,2024-11-14,App
C03178,North,Jaipur,28.55222,77.2729,2025-05-01,App
C03179,West,Ahmedabad,18.99041,72.88301,2024-12-17,App
C03180,West,Mumbai,18.99364,72.88911,2025-03-07,App
C03181,South,Chennai,13.02406,77.61281,2025-04-06,Web
C03182,East,Patna,22.50006,88.39347,2024-09-06,Web
C03183,South,Bengaluru,12.95695,77.52466,2024-11-07,App
C03184,South,Bengaluru,13.04414,77.51199,2024-09-19,Web
C03185,South,Bengaluru,12.99862,77.63569,2024-08-01,App
C03186,North,Delhi,28.54334,77.23721,2025-08-11,App
C03187,West,Pune,19.06665,72.68948,2025-06-13,App
C03188,South,Chennai,13.09825,77.59824,2025-01-28,App
C03189,North,Jaipur,28.65897,77.18466,2025-09-12,App
C03190,North,Chandigarh,28.51345,77.23595,2025-07-26,App
C03191,South,Hyderabad,13.03082,77.69432,2025-03-13,Web
C03192,West,Mumbai,18.98615,72.86195,2025-07-16,App
C03193,North,Delhi,28.6637,77.25284,2024-11-20,App
C03194,East,Bhubaneswar,22.51235,88.33651,2025-06-21,App
C03195,West,Mumbai,19.06425,72.88655,2025-03-10,App
C03196,West,Pune,19.18755,72.95837,2024-04-20,App
C03197,West,Mumbai,19.02535,72.7695,2025-01-10,Web
C03198,East,Kolkata,22.58777,88.34987,2024-07-12,App
C03199,West,Mumbai,18.98624,72.8788,2025-04-05,App
C03200,North,Chandigarh,28.63427,77.29826,2024-09-18,App
C03201,East,Kolkata,22.52362,88.32282,2024-12-27,App
C03202,West,Pune,19.04945,73.04183,2025-01-29,App
C03203,North,Jaipur,28.62967,77.31761,2025-06-11,App
C03204,West,Ahmedabad,19.11074,72.75728,2024-01-27,App
C03205,South,Hyderabad,12.90417,77.56491,2024-02-02,App
C03206,North,Jaipur,28.66075,77.2808,2024-09-03,Web
C03207,South,Hyderabad,12.84497,77.57933,2025-01-29,App
C03208,North,Jaipur,28.48725,77.2817,2024-10-05,Web
C03209,South,Bengaluru,12.95988,77.69808,2024-06-05,App
C03210,North,Jaipur,28.69457,77.28664,2024-09-10,App
C03211,North,Delhi,28.69116,77.18579,2024-07-16,Web
C03212,West,Mumbai,19.08187,72.92522,2024-01-01,App
C03213,South,Hyderabad,12.98244,77.61887,2025-05-21,Web
C03214,West,Mumbai,19.15277,72.87018,2024-10-07,Web
C03215,North,Chandigarh,28.64462,77.22404,2025-02-17,App
C03216,East,Bhubaneswar,22.50288,88.23522,2024-10-18,App
C03217,North,Delhi,28.52568,77.20396,2025-06-23,App
C03218,South,Bengaluru,12.90219,77.47577,2024-10-18,App
C03219,South,Chennai,12.99022,77.54344,2024-11-04,App
C03220,West,Ahmedabad,19.10498,72.82982,2024-04-16,App
C03221,East,Patna,22.6057,88.52576,2024-11-06,App
C03222,North,Delhi,28.58642,77.2135,2025-07-12,Web
C03223,North,Jaipur,28.5554,77.11981,2024-03-27,App
C03224,East,Kolkata,22.49538,88.23187,2024-12-31,App
C03225,South,Bengaluru,12.9658,77.52496,2024-07-12,App
C03226,South,Hyderabad,12.89178,77.64691,2024-03-06,Web
C03227,North,Delhi,28.58982,77.18127,2024-07-02,App
C03228,East,Patna,22.60895,88.37498,2025-04-27,App
C03229,North,Delhi,28.55965,77.09984,2025-06-17,App
C03230,West,Ahmedabad,19.19768,72.88189,2024-10-13,App
C03231,North,Chandigarh,28.54338,77.24937,2025-07-20,App
C03232,West,Pune,19.12875,73.04426,2025-06-28,App
C03233,West,Mumbai,19.05668,72.8483,2025-05-16,Web
C03234,North,Delhi,28.6119,77.26234,2024-08-10,App
C03235,West,Pune,19.00565,72.968,2024-09-18,App
C03236,South,Bengaluru,12.87808,77.52652,2025-02-20,App
C03237,West,Pune,19.18217,72.77781,2025-08-28,Web
C03238,West,Ahmedabad,19.09225,72.87603,2024-09-12,App
C03239,East,Patna,22.56143,88.33538,2024-09-15,App
C03240,North,Chandigarh,28.4705,77.11872,2024-11-10,App
C03241,East,Patna,22.53206,88.42413,2025-09-29,Web
C03242,North,Delhi,28.66933,77.25941,2024-11-12,App
C03243,North,Chandigarh,28.67524,77.11489,2025-07-13,Web
C03244,East,Patna,22.42728,88.35178,2025-06-12,Web
C03245,East,Patna,22.69042,88.36041,2024-05-10,Web
C03246,North,Jaipur,28.5288,77.13729,2024-01-17,Web
C03247,North,Chandigarh,28.55068,77.24244,2025-02-23,Web
C03248,North,Delhi,28.63962,77.19411,2024-03-02,App
C03249,North,Jaipur,28.64613,77.09097,2024-07-17,App
C03250,West,Pune,19.03482,72.86457,2025-02-14,App
C03251,South,Bengaluru,12.94385,77.51043,2025-03-27,App
C03252,West,Ahmedabad,18.99175,72.93899,2024-04-28,App
C03253,West,Pune,19.02643,72.93394,2025-06-01,App
C03254,South,Hyderabad,12.90684,77.6002,2025-07-13,Web
C03255,West,Ahmedabad,19.0248,72.97751,2024-07-14,App
C03256,West,Pune,19.0185,72.88788,2025-01-25,App
C03257,North,Delhi,28.64435,77.23815,2024-04-22,App
C03258,South,Bengaluru,12.99036,77.48059,2025-06-21,App
C03259,West,Pune,19.10464,72.93195,2025-09-18,App
C03260,North,Delhi,28.58195,77.20048,2024-08-30,App
C03261,East,Bhubaneswar,22.55231,88.28332,2024-03-19,Web
C03262,South,Chennai,12.8874,77.68812,2024-08-17,App
C03263,South,Bengaluru,12.99822,77.55588,2024-12-02,App
C03264,West,Mumbai,18.96185,72.86357,2024-09-25,App
C03265,West,Pune,19.06804,72.96587,2024-08-22,App
C03266,East,Bhubaneswar,22.61377,88.28651,2024-11-18,Web
C03267,West,Ahmedabad,18.99618,72.78662,2025-10-07,App
C03268,South,Hyderabad,13.00582,77.61331,2024-03-21,App
C03269,North,Jaipur,28.74089,77.25682,2024-06-17,App
C03270,South,Bengaluru,12.89465,77.64306,2024-10-01,App
C03271,East,Bhubaneswar,22.63399,88.35257,2024-05-21,Web
C03272,North,Delhi,28.5953,77.14128,2024-11-01,Web
C03273,South,Chennai,12.91275,77.64344,2025-08-19,Web
C03274,West,Ahmedabad,19.1245,72.92038,2024-09-09,App
C03275,South,Hyderabad,12.91129,77.47871,2024-03-18,App
C03276,South,Bengaluru,12.93059,77.5162,2024-09-23,App
C03277,East,Kolkata,22.55298,88.2777,2025-01-21,App
C03278,West,Ahmedabad,19.07836,72.88461,2024-01-25,App
C03279,West,Ahmedabad,19.20549,72.78506,2024-03-19,App
C03280,South,Chennai,12.97812,77.65621,2025-05-17,App
C03281,South,Hyderabad,13.02597,77.70915,2024-02-04,Web
C03282,North,Jaipur,28.51386,77.20134,2024-09-02,App
C03283,East,Bhubaneswar,22.54981,88.32316,2025-06-21,Web
C03284,West,Ahmedabad,19.21472,72.91782,2025-01-16,App
C03285,South,Chennai,13.08409,77.57583,2024-02-08,App
C03286,West,Pune,19.0381,72.80119,2025-10-06,App
C03287,North,Chandigarh,28.63674,77.1299,2025-08-06,App
C03288,West,Pune,19.15109,72.88305,2025-04-25,Web
C03289,West,Ahmedabad,19.13925,72.84799,2024-07-15,App
C03290,East,Bhubaneswar,22.5999,88.2799,2025-05-10,App
C03291,West,Mumbai,19.1181,72.84006,2024-06-01,Web
C03292,West,Ahmedabad,18.98954,73.02564,2024-09-08,App
C03293,South,Hyderabad,12.91718,77.64755,2025-04-22,App
C03294,East,Patna,22.48248,88.30734,2024-01-02,App
C03295,East,Bhubaneswar,22.41883,88.2971,2024-10-11,Web
C03296,North,Chandigarh,28.59029,77.06464,2025-03-02,App
C03297,West,Mumbai,19.18172,72.85228,2024-05-09,App
C03298,North,Delhi,28.66217,77.21862,2024-12-22,App
C03299,East,Patna,22.53422,88.29744,2024-02-03,App
C03300,West,Ahmedabad,19.08533,72.8617,2024-05-26,App
C03301,West,Ahmedabad,18.92078,72.84246,2024-03-23,App
C03302,North,Chandigarh,28.56862,77.18214,2024-12-27,App
C03303,South,Hyderabad,13.03947,77.61147,2024-10-02,App
C03304,East,Kolkata,22.63385,88.33201,2024-01-22,App
C03305,North,Delhi,28.63835,77.18715,2025-02-10,App
C03306,West,Pune,19.14398,72.84701,2025-07-21,App
C03307,West,Pune,19.13422,72.80681,2025-06-19,App
C03308,East,Patna,22.55031,88.2939,2025-07-03,App
C03309,West,Mumbai,19.03368,72.89898,2024-02-06,Web
C03310,West,Mumbai,19.25867,72.89502,2024-05-18,App
C03311,South,Hyderabad,12.90999,77.66848,2025-02-10,App
C03312,West,Pune,19.05682,72.81884,2025-04-28,App
C03313,West,Ahmedabad,19.02126,72.83595,2024-09-26,App
C03314,West,Ahmedabad,18.97828,72.84029,2025-07-29,App
C03315,West,Mumbai,19.10786,72.77437,2025-08-21,App
C03316,East,Bhubaneswar,22.65403,88.43507,2025-05-21,App
C03317,West,Mumbai,19.08833,72.85868,2024-12-15,App
C03318,East,Patna,22.57718,88.36864,2025-05-01,App
C03319,South,Chennai,12.98376,77.64283,2025-09-18,App
C03320,South,Bengaluru,12.95055,77.59116,2024-09-18,App
C03321,West,Ahmedabad,19.2409,72.8375,2024-12-30,App
C03322,East,Kolkata,22.54589,88.3814,2025-02-18,App
C03323,South,Hyderabad,13.00535,77.62085,2024-07-31,Web
C03324,South,Hyderabad,12.97336,77.46183,2025-09-08,App
C03325,West,Ahmedabad,19.15649,72.79556,2024-03-04,App
C03326,West,Pune,19.02484,72.96352,2024-03-13,App
C03327,South,Hyderabad,12.95986,77.58102,2024-05-16,App
C03328,North,Delhi,28.61021,77.3532,2025-03-23,App
C03329,North,Jaipur,28.50895,77.16008,2024-04-04,App
C03330,South,Chennai,12.95251,77.64098,2024-06-15,App
C03331,South,Hyderabad,12.97909,77.63349,2025-05-30,App
C03332,South,Chennai,12.94264,77.63627,2025-04-04,App
C03333,West,Pune,19.03255,72.89716,2024-01-17,App
C03334,South,Hyderabad,12.8812,77.66744,2025-05-29,App
C03335,West,Pune,18.99608,72.85271,2025-06-19,App
C03336,South,Chennai,12.99182,77.4805,2024-09-01,Web
C03337,North,Chandigarh,28.47728,77.32683,2025-10-07,Web
C03338,South,Chennai,12.89443,77.61226,2025-03-31,App
C03339,South,Bengaluru,13.04036,77.59735,2024-11-17,App
C03340,North,Jaipur,28.76583,77.25399,2025-06-13,App
C03341,North,Chandigarh,28.53973,77.21495,2024-05-25,App
C03342,East,Bhubaneswar,22.58541,88.23339,2025-04-17,Web
C03343,East,Bhubaneswar,22.5399,88.32362,2024-12-03,Web
C03344,North,Delhi,28.59829,77.20716,2024-02-18,App
C03345,South,Hyderabad,13.03418,77.67728,2025-06-28,App
C03346,East,Bhubaneswar,22.55242,88.42238,2024-08-22,App
C03347,West,Pune,19.05179,72.9046,2025-09-27,Web
C03348,West,Pune,19.09807,72.85222,2024-10-05,App
C03349,South,Hyderabad,12.99135,77.60562,2024-06-20,App
C03350,North,Delhi,28.61677,77.1973,2024-11-15,App
C03351,West,Mumbai,19.03316,72.71014,2025-07-02,App
C03352,West,Pune,19.20517,72.86908,2025-01-18,App
C03353,West,Ahmedabad,19.09157,72.96007,2024-05-03,App
C03354,East,Patna,22.57667,88.24151,2024-06-01,App
C03355,South,Hyderabad,12.98795,77.56695,2025-07-01,App
C03356,North,Jaipur,28.52118,77.25766,2025-01-16,App
C03357,West,Mumbai,19.16452,72.96256,2024-11-06,App
C03358,North,Chandigarh,28.63077,77.15429,2025-06-03,App
C03359,West,Pune,19.18879,72.83328,2024-12-14,App
C03360,South,Hyderabad,12.93217,77.53349,2024-08-20,App
C03361,East,Patna,22.66146,88.3517,2024-05-26,App
C03362,East,Unknown,22.62742,88.40004,2025-09-15,App
C03363,West,Pune,19.08871,72.9983,2024-05-29,Web
C03364,North,Jaipur,28.60861,77.19313,2024-01-09,Web
C03365,South,Bengaluru,12.87258,77.78084,2024-01-11,Web
C03366,South,Hyderabad,13.05277,77.58099,2024-12-10,Web
C03367,West,Mumbai,18.91312,72.92311,2025-04-09,App
C03368,North,Delhi,28.62339,77.13832,2024-06-27,App
C03369,South,Hyderabad,12.94716,77.62996,2024-12-03,App
C03370,South,Chennai,12.85862,77.53333,2024-05-30,App
C03371,West,Mumbai,19.03691,72.92781,2025-02-27,App
C03372,East,Kolkata,22.55607,88.38097,2025-02-06,App
C03373,South,Bengaluru,13.04186,77.5119,2024-04-01,App
C03374,North,Jaipur,28.52311,77.28814,2024-10-20,App
C03375,South,Bengaluru,12.91223,77.63713,2024-08-08,App
C03376,North,Delhi,28.65394,77.26626,2025-09-14,Web
C03377,North,Jaipur,28.66362,77.21791,2024-10-22,Web
C03378,East,Bhubaneswar,22.48245,88.32522,2024-11-15,App
C03379,East,Bhubaneswar,22.58415,88.34887,2024-07-21,App
C03380,North,Jaipur,28.6211,77.23813,2025-08-05,App
C03381,East,Patna,22.47095,88.41977,2025-01-29,Web
C03382,East,Bhubaneswar,22.68689,88.4191,2024-07-18,Web
C03383,East,Kolkata,22.62785,88.42038,2025-03-05,Web
C03384,East,Patna,22.48899,88.41406,2024-11-26,App
C03385,West,Ahmedabad,19.06762,72.99798,2024-08-26,App
C03386,East,Bhubaneswar,22.45946,88.28693,2025-02-16,App
C03387,South,Hyderabad,12.89783,77.56098,2025-06-27,Web
C03388,North,Chandigarh,28.67276,77.23371,2025-06-17,App
C03389,West,Ahmedabad,19.11502,72.77063,2025-08-11,Web
C03390,North,Jaipur,28.6364,77.1445,2025-08-11,App
C03391,West,Mumbai,19.0036,72.93419,2024-03-28,Web
C03392,East,Bhubaneswar,22.59213,88.41798,2024-08-08,App
C03393,South,Chennai,12.97611,77.56509,2025-07-19,App
C03394,South,Hyderabad,12.96217,77.45219,2025-01-06,App
C03395,West,Ahmedabad,19.01901,72.78013,2024-12-18,App
C03396,South,Hyderabad,13.1429,77.60476,2025-08-12,App
C03397,East,Patna,22.56708,88.37993,2024-09-27,Web
C03398,North,Jaipur,28.61965,77.26229,2024-05-25,App
C03399,South,Chennai,13.04047,77.6247,2024-11-06,App
C03400,West,Pune,19.16454,72.9138,2024-07-28,App
C03401,North,Chandigarh,28.73727,77.20898,2025-01-31,App
C03402,South,Bengaluru,12.90003,77.72656,2024-06-19,App
C03403,South,Hyderabad,12.85565,77.57598,2024-11-17,App
C03404,South,Hyderabad,13.09681,77.74483,2024-08-07,App
C03405,West,Mumbai,19.09479,72.88651,2024-11-24,App
C03406,South,Bengaluru,12.94217,77.66878,2024-01-30,App
C03407,North,Chandigarh,28.56282,77.28862,2024-09-05,Web
C03408,West,Mumbai,19.177,72.90732,2025-02-18,Web
C03409,East,Patna,22.53298,88.37991,2024-04-08,App
C03410,West,Pune,18.92608,72.96852,2024-04-23,App
C03411,South,Chennai,13.04278,77.59209,2024-03-23,App
C03412,East,Patna,22.64069,88.3482,2025-01-22,App
C03413,West,Mumbai,19.08233,72.94603,2024-06-27,App
C03414,South,Chennai,12.87464,77.57235,2025-07-23,App
C03415,North,Jaipur,28.66508,77.20011,2024-11-11,App
C03416,West,Pune,19.09624,72.88132,2025-02-13,Web
C03417,North,Delhi,28.51041,77.2575,2025-08-29,Web
C03418,West,Pune,19.10783,72.81378,2025-03-30,App
C03419,South,Bengaluru,13.00442,77.45825,2025-03-19,App
C03420,West,Mumbai,19.10726,72.87433,2024-01-06,App
C03421,North,Jaipur,28.54823,77.17906,2024-04-09,App
C03422,South,Bengaluru,12.96364,77.70807,2024-08-04,App
C03423,North,Jaipur,28.68428,77.14472,2025-08-14,App
C03424,East,Patna,22.54342,88.39486,2024-04-28,App
C03425,South,Hyderabad,13.03663,77.58972,2025-02-25,Web
C03426,West,Pune,19.09441,72.91172,2024-08-06,App
C03427,West,Mumbai,19.08135,72.93815,2025-04-14,App
C03428,West,Ahmedabad,19.05275,72.86599,2025-10-02,App
C03429,South,Chennai,13.00659,77.6239,2025-01-08,App
C03430,South,Hyderabad,12.97032,77.51962,2024-04-19,App
C03431,East,Bhubaneswar,22.55422,88.31492,2024-07-15,App
C03432,South,Bengaluru,12.96147,77.64042,2025-02-16,App
C03433,East,Bhubaneswar,22.66252,88.28357,2024-04-27,Web
C03434,South,Unknown,12.96021,77.68528,2025-04-07,App
C03435,West,Pune,19.05509,72.84944,2024-12-22,App
C03436,West,Pune,19.01686,72.93089,2025-08-22,App
C03437,South,Chennai,13.03375,77.65585,2025-06-12,Web
C03438,East,Bhubaneswar,22.52403,88.42728,2025-07-14,App
C03439,South,Bengaluru,12.9414,77.53709,2024-05-11,App
C03440,North,Jaipur,28.57036,77.2516,2025-02-19,Web
C03441,West,Pune,19.18973,72.89916,2024-10-24,App
C03442,West,Ahmedabad,19.02024,72.85619,2025-01-24,Web
C03443,East,Bhubaneswar,22.5564,88.48021,2024-06-01,App
C03444,South,Bengaluru,13.04065,77.56463,2025-08-03,App
C03445,North,Jaipur,28.57229,77.25862,2025-01-07,App
C03446,South,Chennai,12.89013,77.54693,2024-04-15,Web
C03447,South,Chennai,13.03449,77.72234,2024-06-05,App
C03448,North,Delhi,28.5829,77.26679,2025-04-06,App
C03449,West,Ahmedabad,19.0758,73.02505,2025-05-17,App
C03450,North,Jaipur,28.58709,77.22794,2024-03-23,App
C03451,East,Patna,22.70567,88.34379,2025-09-13,App
C03452,South,Chennai,12.89655,77.59553,2024-06-30,App
C03453,West,Pune,18.97689,72.9521,2024-10-09,App
C03454,West,Mumbai,19.04034,72.87774,2024-11-14,App
C03455,East,Kolkata,22.55157,88.44231,2024-07-21,App
C03456,West,Pune,19.05368,72.89478,2024-01-18,App
C03457,East,Kolkata,22.49912,88.35978,2024-10-26,App
C03458,East,Patna,22.52738,88.29,2024-07-30,App
C03459,East,Kolkata,22.6159,88.33349,2024-08-03,App
C03460,North,Delhi,28.51586,77.09219,2024-09-27,App
C03461,South,Bengaluru,13.05484,77.6136,2024-07-12,App
C03462,North,Delhi,28.64119,77.16362,2025-04-20,App
C03463,North,Chandigarh,28.7176,77.19987,2025-02-13,App
C03464,North,Chandigarh,28.58898,77.23557,2024-02-14,App
C03465,South,Bengaluru,12.95826,77.67671,2025-04-03,App
C03466,West,Ahmedabad,19.09733,72.8907,2024-07-17,App
C03467,North,Delhi,28.58108,77.12703,2024-06-10,App
C03468,South,Bengaluru,12.96143,77.47856,2025-02-15,App
C03469,West,Pune,19.09162,73.0283,2024-02-10,App
C03470,South,Bengaluru,12.87833,77.64342,2024-06-17,App
C03471,North,Delhi,28.7178,77.13758,2025-05-19,App
C03472,West,Pune,19.02193,72.92121,2025-03-25,App
C03473,South,Chennai,12.90534,77.56614,2024-04-07,App
C03474,South,Bengaluru,13.04299,77.51745,2025-08-21,App
C03475,North,Jaipur,28.56476,77.33048,2024-10-04,App
C03476,North,Delhi,28.70689,77.21569,2025-03-16,Web
C03477,North,Delhi,28.49432,77.3125,2025-06-06,App
C03478,East,Kolkata,22.51553,88.35158,2025-08-02,App
C03479,East,Kolkata,22.77904,88.35155,2024-10-03,App
C03480,East,Patna,22.57271,88.31611,2025-08-09,App
C03481,East,Kolkata,22.5128,88.31906,2024-08-05,App
C03482,South,Chennai,13.06503,77.55896,2025-01-03,App
C03483,East,Bhubaneswar,22.50662,88.26161,2025-02-06,App
C03484,South,Hyderabad,12.84283,77.56821,2025-06-19,App
C03485,West,Ahmedabad,19.08788,72.9204,2025-03-25,App
C03486,West,Pune,19.13961,72.91734,2025-08-07,App
C03487,West,Mumbai,19.07996,72.89915,2025-10-01,Web
C03488,West,Mumbai,19.20284,72.86727,2024-03-11,App
C03489,North,Unknown,28.66397,77.34916,2024-04-02,App
C03490,North,Jaipur,28.61094,77.12082,2025-01-01,App
C03491,East,Bhubaneswar,22.57943,88.42398,2024-11-11,Web
C03492,West,Pune,18.98962,72.85831,2024-09-19,App
C03493,West,Ahmedabad,19.1275,72.86106,2024-06-08,App
C03494,North,Jaipur,28.5895,77.21227,2025-05-29,App
C03495,South,Bengaluru,12.96131,77.6882,2025-08-16,App
C03496,South,Bengaluru,12.98721,77.5969,2024-06-17,App
C03497,North,Chandigarh,28.55821,77.25078,2024-12-09,App
C03498,West,Ahmedabad,19.09409,72.9077,2024-08-01,App
C03499,East,Patna,22.61593,88.30389,2025-07-10,App
C03500,North,Delhi,28.60664,77.26644,2025-08-01,App
C03501,East,Kolkata,22.57315,88.37607,2024-03-27,App
C03502,North,Delhi,28.725,77.21542,2024-06-05,Web
C03503,West,Mumbai,19.11922,72.80985,2024-09-26,App
C03504,West,Mumbai,19.02834,72.81606,2024-05-08,App
C03505,West,Mumbai,19.05787,72.85456,2024-08-02,App
C03506,North,Delhi,28.51659,77.22745,2024-09-18,Web
C03507,West,Ahmedabad,19.14488,72.90116,2024-10-13,App
C03508,South,Hyderabad,12.85958,77.60229,2025-05-01,App
C03509,South,Hyderabad,12.94368,77.56949,2025-08-09,Web
C03510,West,Ahmedabad,19.14153,72.90243,2025-02-02,App
C03511,West,Ahmedabad,19.01942,72.95701,2024-11-12,App
C03512,South,Bengaluru,13.01614,77.56385,2024-07-10,App
C03513,South,Bengaluru,13.00183,77.60926,2024-12-25,App
C03514,South,Chennai,12.97616,77.50026,2025-04-18,App
C03515,East,Patna,22.55488,88.37072,2024-01-22,App
C03516,West,Pune,19.11968,72.9506,2024-07-22,App
C03517,West,Mumbai,19.13216,72.94157,2025-07-01,App
C03518,South,Bengaluru,12.95865,77.59988,2024-09-04,App
C03519,West,Pune,19.06882,72.96445,2025-02-22,App
C03520,South,Chennai,12.92702,77.54075,2024-02-26,Web
C03521,North,Jaipur,28.62801,77.26253,2025-06-06,App
C03522,East,Kolkata,22.71007,88.38063,2024-03-27,App
C03523,South,Bengaluru,12.98638,77.59468,2025-06-16,App
C03524,West,Ahmedabad,18.935,72.90921,2024-10-10,App
C03525,West,Mumbai,18.98845,72.93695,2024-10-23,App
C03526,East,Kolkata,22.60732,88.41965,2025-06-20,App
C03527,South,Bengaluru,12.84476,77.60801,2025-05-01,App
C03528,South,Bengaluru,12.93519,77.6839,2024-10-30,App
C03529,South,Chennai,13.07259,77.56027,2024-08-09,Web
C03530,East,Patna,22.58012,88.40549,2025-03-22,Web
C03531,North,Jaipur,28.65708,77.14033,2024-04-07,App
C03532,East,Kolkata,22.58189,88.27822,2024-08-26,App
C03533,North,Jaipur,28.63163,77.3395,2025-02-09,Web
C03534,West,Mumbai,19.12506,72.90616,2025-04-30,App
C03535,North,Jaipur,28.65222,77.29839,2025-04-30,App
C03536,South,Bengaluru,12.96709,77.61195,2024-10-03,App
C03537,South,Chennai,12.99708,77.58892,2025-03-09,App
C03538,North,Jaipur,28.58719,77.33549,2024-04-14,App
C03539,West,Ahmedabad,19.1467,72.95589,2024-01-15,App
C03540,South,Bengaluru,13.00127,77.68874,2024-10-06,Web
C03541,North,Jaipur,28.69441,77.11722,2024-05-21,App
C03542,North,Jaipur,28.64436,77.21204,2024-02-22,App
C03543,East,Kolkata,22.57413,88.34222,2025-01-22,App
C03544,North,Delhi,28.62113,77.16748,2024-10-13,App
C03545,North,Jaipur,28.64136,77.22066,2024-02-12,App
C03546,South,Chennai,12.99668,77.636,2024-04-23,Web
C03547,South,Bengaluru,12.9087,77.57074,2024-02-05,App
C03548,West,Pune,19.04733,72.84656,2025-02-17,App
C03549,West,Ahmedabad,19.01226,72.90648,2025-07-26,App
C03550,South,Bengaluru,12.95749,77.64543,2024-09-27,App
C03551,West,Pune,19.03003,72.85732,2025-01-31,App
C03552,East,Kolkata,22.5088,88.38545,2024-12-21,App
C03553,South,Bengaluru,12.986,77.55662,2025-06-30,Web
C03554,North,Jaipur,28.69728,77.16664,2025-09-28,App
C03555,South,Bengaluru,12.91055,77.56895,2025-03-26,App
C03556,East,Kolkata,22.68436,88.42105,2025-01-15,App
C03557,South,Hyderabad,12.92494,77.54121,2024-03-18,App
C03558,North,Chandigarh,28.6805,77.13924,2024-12-14,App
C03559,South,Hyderabad,13.13355,77.64855,2024-03-19,Web
C03560,South,Bengaluru,12.96141,77.52963,2024-05-09,App
C03561,North,Jaipur,28.60102,77.2918,2025-09-18,App
C03562,North,Jaipur,28.51444,77.1594,2024-05-22,App
C03563,West,Mumbai,19.01025,72.88488,2024-07-03,App
C03564,South,Bengaluru,12.95845,77.50504,2024-05-27,App
C03565,North,Jaipur,28.7019,77.20724,2024-05-28,App
C03566,West,Mumbai,19.07181,72.92282,2024-10-07,Web
C03567,West,Ahmedabad,19.06512,73.01559,2025-09-03,App
C03568,East,Bhubaneswar,22.65693,88.30861,2024-12-16,App
C03569,West,Ahmedabad,19.10298,72.84777,2025-09-30,Web
C03570,East,Kolkata,22.57268,88.40237,2024-08-06,App
C03571,South,Bengaluru,12.93655,77.5562,2024-06-10,App
C03572,South,Hyderabad,13.04081,77.67159,2024-06-13,App
C03573,East,Bhubaneswar,22.69796,88.38696,2025-03-21,App
C03574,South,Chennai,13.00281,77.70309,2025-02-02,Web
C03575,North,Jaipur,28.55772,77.3378,2025-04-15,App
C03576,East,Patna,22.64452,88.32724,2025-08-18,App
C03577,West,Unknown,19.11864,72.92131,2025-05-07,App
C03578,South,Hyderabad,13.01274,77.55061,2024-06-29,App
C03579,East,Kolkata,22.57255,88.3675,2025-05-26,App
C03580,East,Bhubaneswar,22.68593,88.37754,2024-12-24,App
C03581,North,Delhi,28.61075,77.26678,2024-09-24,App
C03582,West,Ahmedabad,19.01116,72.92312,2025-05-23,Web
C03583,South,Chennai,13.05288,77.64472,2024-09-16,App
C03584,South,Chennai,13.01762,77.71579,2024-06-25,App
C03585,West,Ahmedabad,19.02827,72.96066,2025-08-19,App
C03586,North,Chandigarh,28.66501,77.21142,2025-09-08,App
C03587,North,Chandigarh,28.68986,77.17413,2024-12-27,App
C03588,West,Ahmedabad,19.03539,72.85646,2024-08-16,App
C03589,North,Delhi,28.5086,77.28746,2024-08-07,Web
C03590,West,Ahmedabad,19.09101,72.81645,2024-02-01,App
C03591,West,Ahmedabad,19.14688,72.84419,2024-03-29,App
C03592,West,Ahmedabad,19.04898,72.86487,2024-07-25,App
C03593,South,Hyderabad,13.00841,77.485,2024-07-06,App
C03594,South,Hyderabad,12.89601,77.54557,2024-06-05,App
C03595,South,Bengaluru,12.95624,77.66281,2024-06-08,App
C03596,West,Pune,19.09252,72.9555,2025-02-03,Web
C03597,North,Chandigarh,28.67883,77.28617,2024-11-17,Web
C03598,South,Bengaluru,13.00238,77.54625,2024-07-03,App
C03599,North,Jaipur,28.63301,77.13417,2024-11-13,App
C03600,South,Chennai,13.09191,77.58849,2025-05-01,App
C03601,South,Bengaluru,13.02152,77.58655,2025-07-25,App
C03602,East,Patna,22.67873,88.37771,2024-12-16,App
C03603,North,Jaipur,28.63552,77.28229,2025-09-11,App
C03604,South,Hyderabad,13.0257,77.58934,2025-06-26,App
C03605,East,Patna,22.55575,88.3969,2025-07-28,App
C03606,South,Chennai,12.97001,77.58568,2025-07-22,App
C03607,East,Bhubaneswar,22.53976,88.39641,2024-10-05,App
C03608,West,Pune,19.08164,72.83501,2025-05-09,App
C03609,East,Kolkata,22.67993,88.47009,2024-08-12,Web
C03610,West,Pune,19.13568,72.92171,2025-03-22,App
C03611,North,Delhi,28.58417,77.17356,2025-06-14,App
C03612,North,Chandigarh,28.72012,77.10877,2025-03-25,App
C03613,South,Chennai,12.9656,77.54577,2025-06-17,Web
C03614,South,Bengaluru,12.91061,77.44588,2025-03-29,App
C03615,East,Bhubaneswar,22.5225,88.33382,2024-12-08,App
C03616,West,Pune,19.09387,72.85537,2024-12-15,App
C03617,South,Chennai,13.02264,77.63863,2024-12-27,App
C03618,East,Bhubaneswar,22.54991,88.4025,2025-05-06,App
C03619,West,Mumbai,18.9922,72.84353,2025-04-13,Web
C03620,West,Ahmedabad,18.97936,72.83947,2025-03-20,App
C03621,South,Chennai,13.01593,77.55987,2025-03-06,Web
C03622,West,Mumbai,19.0234,72.85206,2024-12-22,Web
C03623,South,Hyderabad,12.89848,77.58937,2025-08-30,App
C03624,West,Mumbai,19.1362,72.92584,2024-11-23,App
C03625,North,Chandigarh,28.65758,77.28288,2025-10-04,App
C03626,South,Chennai,12.9481,77.63951,2024-03-07,App
C03627,North,Jaipur,28.58363,77.27274,2025-04-24,App
C03628,North,Chandigarh,28.67492,77.31693,2024-01-19,App
C03629,East,Bhubaneswar,22.61713,88.45208,2025-03-27,Web
C03630,North,Delhi,28.66531,77.1902,2024-08-14,Web
C03631,East,Kolkata,22.56029,88.34081,2025-05-22,App
C03632,South,Hyderabad,12.91336,77.59811,2025-03-20,App
C03633,South,Bengaluru,12.89183,77.50005,2025-06-05,App
C03634,West,Mumbai,19.15968,72.74286,2025-06-21,App
C03635,West,Ahmedabad,19.06161,72.86016,2025-06-11,App
C03636,North,Chandigarh,28.70057,77.12174,2024-03-19,App
C03637,South,Bengaluru,12.93383,77.56783,2025-04-17,App
C03638,North,Jaipur,28.59934,77.17621,2025-06-21,App
C03639,South,Hyderabad,12.98225,77.45064,2024-05-07,App
C03640,North,Chandigarh,28.77837,77.26754,2025-02-23,Web
C03641,South,Bengaluru,13.03095,77.6,2025-04-24,App
C03642,West,Pune,19.04607,72.78672,2024-12-23,App
C03643,East,Patna,22.5399,88.42256,2025-04-06,App
C03644,North,Delhi,28.66177,77.16734,2025-04-09,App
C03645,East,Bhubaneswar,22.62551,88.42169,2024-02-27,App
C03646,East,Patna,22.61522,88.36776,2024-09-25,App
C03647,North,Delhi,28.57907,77.17598,2024-12-08,App
C03648,West,Ahmedabad,19.16405,72.80478,2025-07-09,App
C03649,East,Patna,22.5894,88.39367,2024-02-26,App
C03650,South,Bengaluru,12.99228,77.61278,2024-04-16,App
C03651,West,Mumbai,19.12048,72.96767,2024-05-08,App
C03652,West,Pune,18.94584,72.96474,2025-01-18,App
C03653,West,Pune,19.09832,72.87284,2025-08-11,App
C03654,West,Ahmedabad,19.0784,72.91148,2025-03-07,App
C03655,North,Delhi,28.56726,77.26829,2025-09-15,App
C03656,West,Pune,19.03649,72.92642,2024-07-21,App
C03657,South,Chennai,12.93,77.53133,2024-05-16,App
C03658,West,Ahmedabad,19.09991,72.84119,2024-06-21,App
C03659,North,Delhi,28.67158,77.278,2024-11-18,App
C03660,East,Patna,22.69273,88.33901,2025-04-03,App
C03661,West,Pune,19.00115,72.86214,2024-09-29,App
C03662,East,Kolkata,22.57661,88.27855,2025-09-01,App
C03663,North,Jaipur,28.66318,77.27164,2024-07-13,App
C03664,West,Ahmedabad,19.0292,72.89525,2025-03-08,App
C03665,South,Hyderabad,12.99601,77.68114,2024-01-21,Web
C03666,West,Mumbai,19.10784,73.03189,2025-03-13,App
C03667,West,Pune,19.03098,72.81593,2025-09-08,App
C03668,North,Chandigarh,28.54414,77.28389,2024-05-31,App
C03669,North,Chandigarh,28.66519,77.19639,2024-02-16,App
C03670,East,Kolkata,22.61972,88.36014,2024-05-05,App
C03671,North,Jaipur,28.59604,77.26983,2024-07-13,App
C03672,West,Pune,19.06646,72.93616,2025-08-04,Web
C03673,South,Chennai,12.93188,77.64664,2024-12-04,Web
C03674,North,Delhi,28.6854,77.22226,2024-04-23,Web
C03675,North,Delhi,28.67104,77.17259,2024-10-07,App
C03676,North,Delhi,28.58927,77.21861,2024-11-23,App
C03677,South,Chennai,12.93466,77.56433,2025-09-09,App
C03678,North,Delhi,28.61087,77.22682,2025-09-16,App
C03679,North,Delhi,28.67179,77.22095,2024-06-28,App
C03680,East,Bhubaneswar,22.50815,88.32008,2024-04-08,App
C03681,West,Pune,18.97256,72.77701,2025-08-21,Web
C03682,East,Kolkata,22.61072,88.441,2025-07-05,App
C03683,South,Hyderabad,12.9902,77.58482,2024-05-12,App
C03684,East,Patna,22.58496,88.35622,2025-06-16,App
C03685,West,Ahmedabad,19.15776,72.87686,2025-10-10,App
C03686,East,Bhubaneswar,22.52342,88.43796,2025-03-16,App
C03687,South,Hyderabad,13.00346,77.50909,2025-07-03,App
C03688,West,Mumbai,19.13107,72.82789,2025-05-03,App
C03689,North,Delhi,28.49376,77.29508,2025-06-11,App
C03690,West,Pune,18.98179,72.74478,2025-08-24,Web
C03691,West,Ahmedabad,19.02831,72.95559,2024-05-15,App
C03692,West,Pune,19.03971,72.83678,2025-07-15,App
C03693,North,Delhi,28.50972,77.2893,2024-12-18,App
C03694,East,Bhubaneswar,22.61682,88.45916,2024-12-12,App
C03695,South,Bengaluru,13.06867,77.71264,2024-09-09,App
C03696,West,Pune,19.01096,72.87464,2024-10-13,App
C03697,South,Chennai,13.01466,77.69343,2024-08-02,App
C03698,West,Pune,19.05089,72.88269,2024-01-03,App
C03699,South,Bengaluru,12.9601,77.65479,2024-05-07,App
C03700,East,Kolkata,22.578,88.51523,2025-08-26,App
C03701,West,Ahmedabad,19.06164,72.81837,2024-03-28,App
C03702,North,Chandigarh,28.70599,77.22227,2024-08-13,App
C03703,West,Mumbai,19.11231,73.0029,2024-05-04,App
C03704,South,Hyderabad,13.01596,77.60152,2024-11-04,App
C03705,North,Chandigarh,28.60993,77.25719,2024-03-05,App
C03706,West,Mumbai,19.17702,72.90398,2025-01-17,Web
C03707,West,Pune,19.0841,72.90368,2025-07-01,App
C03708,East,Patna,22.46379,88.42415,2024-05-08,App
C03709,South,Chennai,12.95222,77.73586,2024-12-09,App
C03710,East,Patna,22.57475,88.392,2024-05-18,App
C03711,West,Ahmedabad,19.01137,72.92993,2024-11-22,App
C03712,East,Patna,22.50151,88.4491,2024-02-20,App
C03713,South,Bengaluru,12.91311,77.53942,2024-11-13,App
C03714,West,Mumbai,18.99745,72.84051,2024-09-01,App
C03715,East,Patna,22.52702,88.33363,2024-12-06,App
C03716,West,Ahmedabad,19.11246,72.89308,2024-06-29,App
C03717,South,Hyderabad,12.96574,77.57259,2024-09-01,App
C03718,South,Chennai,12.80401,77.61754,2024-02-18,App
C03719,West,Ahmedabad,19.10052,72.79002,2024-08-29,App
C03720,South,Bengaluru,12.95649,77.61289,2024-11-09,Web
C03721,North,Chandigarh,28.64482,77.27431,2025-09-14,Web
C03722,West,Ahmedabad,19.13873,72.74716,2025-07-13,App
C03723,North,Jaipur,28.66699,77.26782,2025-08-14,Web
C03724,North,Chandigarh,28.61695,77.15696,2024-08-28,App
C03725,South,Chennai,12.91481,77.67284,2025-04-21,App
C03726,East,Bhubaneswar,22.71909,88.31722,2025-06-13,App
C03727,North,Chandigarh,28.59413,77.20153,2024-07-09,App
C03728,West,Pune,19.0016,72.90483,2025-07-05,App
C03729,East,Bhubaneswar,22.62345,88.3403,2024-11-14,App
C03730,South,Chennai,12.99992,77.5916,2024-05-07,App
C03731,South,Chennai,12.89506,77.61193,2025-05-22,App
C03732,West,Mumbai,18.9464,72.94843,2024-02-25,App
C03733,South,Chennai,13.0453,77.48449,2025-09-26,App
C03734,West,Pune,18.93992,72.87993,2024-06-02,App
C03735,West,Ahmedabad,19.14042,72.87637,2024-05-28,App
C03736,South,Hyderabad,13.02465,77.54389,2024-08-19,App
C03737,West,Pune,19.20082,72.92152,2024-03-23,Web
C03738,North,Chandigarh,28.54699,77.28028,2025-03-31,App
C03739,North,Chandigarh,28.70908,77.3387,2024-01-16,Web
C03740,East,Kolkata,22.5821,88.29652,2025-08-10,App
C03741,West,Mumbai,19.05455,72.85402,2025-03-02,App
C03742,South,Chennai,13.10781,77.62156,2024-06-26,App
C03743,West,Mumbai,19.02335,72.89019,2024-08-12,Web
C03744,North,Chandigarh,28.6472,77.17806,2024-08-04,App
C03745,East,Bhubaneswar,22.65752,88.39635,2024-12-06,App
C03746,West,Mumbai,19.01148,72.80148,2025-02-05,App
C03747,North,Chandigarh,28.61911,77.16225,2025-09-21,App
C03748,South,Bengaluru,12.95077,77.63281,2024-07-11,App
C03749,North,Chandigarh,28.68763,77.12856,2025-01-29,App
C03750,South,Hyderabad,12.95781,77.61773,2025-08-26,Web
C03751,North,Unknown,28.70686,77.31361,2024-07-08,App
C03752,West,Mumbai,19.14441,73.04293,2024-10-05,Web
C03753,North,Chandigarh,28.58726,77.16345,2025-06-08,App
C03754,East,Bhubaneswar,22.58244,88.38896,2024-06-10,App
C03755,West,Ahmedabad,19.06062,72.91818,2025-06-27,Web
C03756,East,Kolkata,22.57393,88.39161,2024-05-07,App
C03757,East,Patna,22.52963,88.34976,2024-03-16,App
C03758,West,Ahmedabad,19.03302,72.90099,2024-05-13,Web
C03759,South,Hyderabad,12.97452,77.57775,2024-11-01,App
C03760,South,Chennai,12.94327,77.7275,2024-07-07,App
C03761,East,Bhubaneswar,22.5668,88.24239,2024-06-29,App
C03762,South,Hyderabad,12.87553,77.63589,2024-08-11,App
C03763,West,Mumbai,19.04432,72.91511,2025-07-06,App
C03764,South,Hyderabad,12.94254,77.57375,2025-07-18,Web
C03765,North,Chandigarh,28.63594,77.16139,2025-04-21,App
C03766,North,Jaipur,28.67429,77.25917,2025-10-07,App
C03767,East,Kolkata,22.53276,88.25732,2024-03-16,Web
C03768,South,Bengaluru,13.00794,77.49031,2024-11-20,App
C03769,West,Ahmedabad,19.05648,72.85986,2024-09-18,Web
C03770,North,Chandigarh,28.54676,77.16883,2025-06-06,App
C03771,West,Ahmedabad,19.09446,72.92244,2024-01-05,App
C03772,North,Jaipur,28.64129,77.18246,2025-01-07,App
C03773,East,Bhubaneswar,22.58881,88.4015,2024-12-17,App
C03774,West,Pune,19.08038,72.88904,2025-10-03,App
C03775,South,Chennai,13.07932,77.55836,2024-06-09,App
C03776,South,Chennai,12.92652,77.5721,2024-11-30,App
C03777,North,Jaipur,28.58793,77.26101,2024-08-05,App
C03778,North,Jaipur,28.67288,77.25884,2025-05-03,App
C03779,South,Bengaluru,13.02551,77.49556,2025-04-16,App
C03780,West,Mumbai,19.00069,72.9381,2024-11-14,App
C03781,North,Delhi,28.51433,77.04638,2025-03-28,Web
C03782,West,Pune,19.1002,72.99113,2024-03-12,App
C03783,South,Chennai,13.02039,77.58302,2025-02-18,App
C03784,North,Delhi,28.67378,77.16987,2025-10-11,App
C03785,East,Patna,22.58214,88.33985,2024-03-31,App
C03786,North,Chandigarh,28.66318,77.23225,2024-01-07,Web
C03787,West,Mumbai,19.13847,72.80025,2025-05-25,App
C03788,North,Chandigarh,28.67916,77.19461,2024-11-14,App
C03789,West,Pune,19.03491,72.85182,2025-09-08,App
C03790,North,Chandigarh,28.61878,77.18363,2025-02-11,App
C03791,East,Kolkata,22.68837,88.25586,2025-01-02,App
C03792,West,Mumbai,19.09652,72.82405,2024-03-17,App
C03793,North,Chandigarh,28.69802,77.29998,2025-02-10,App
C03794,West,Mumbai,19.15055,72.76422,2024-05-10,App
C03795,North,Jaipur,28.63489,77.32014,2024-09-27,App
C03796,West,Mumbai,19.07324,72.84807,2024-02-24,App
C03797,North,Chandigarh,28.65384,77.12459,2024-08-13,Web
C03798,South,Chennai,12.98331,77.56586,2024-04-23,App
C03799,North,Jaipur,28.62144,77.17897,2025-04-05,Web
C03800,East,Patna,22.48066,88.42755,2024-11-04,App
C03801,South,Chennai,12.92818,77.58352,2024-10-26,Web
C03802,South,Hyderabad,13.07251,77.61133,2025-03-03,App
C03803,West,Mumbai,18.94184,72.94039,2025-03-14,App
C03804,West,Ahmedabad,19.02272,72.87224,2024-09-07,App
C03805,South,Bengaluru,13.02103,77.65814,2025-03-12,App
C03806,North,Jaipur,28.63308,77.16443,2024-03-14,App
C03807,North,Delhi,28.64165,77.16783,2024-02-18,App
C03808,East,Bhubaneswar,22.49132,88.3359,2024-07-29,Web
C03809,South,Chennai,13.11483,77.53306,2024-02-20,Web
C03810,South,Chennai,13.0172,77.56129,2024-11-06,App
C03811,South,Hyderabad,12.92802,77.63923,2025-01-04,App
C03812,West,Mumbai,19.03829,72.87115,2025-09-25,App
C03813,West,Ahmedabad,19.06716,72.79813,2024-01-26,App
C03814,South,Chennai,12.99322,77.56059,2024-04-17,App
C03815,South,Hyderabad,12.8435,77.62385,2024-10-15,App
C03816,West,Pune,19.08029,72.93822,2024-05-10,App
C03817,West,Mumbai,19.07761,72.87202,2025-01-11,App
C03818,West,Ahmedabad,19.13865,72.90494,2025-03-12,Web
C03819,North,Jaipur,28.55292,77.27581,2025-09-25,App
C03820,East,Kolkata,22.56348,88.36764,2025-06-09,Web
C03821,North,Delhi,28.64394,77.24642,2024-08-28,App
C03822,North,Delhi,28.70776,77.22495,2025-01-10,App
C03823,East,Kolkata,22.489,88.30095,2024-12-20,App
C03824,North,Chandigarh,28.62535,77.2278,2024-08-05,App
C03825,South,Hyderabad,13.06925,77.57267,2024-01-24,App
C03826,West,Ahmedabad,19.04803,73.02118,2024-12-03,App
C03827,East,Patna,22.54701,88.43199,2024-11-15,App
C03828,South,Bengaluru,13.05487,77.47579,2025-09-06,App
C03829,North,Delhi,28.63247,77.22902,2025-04-27,App
C03830,East,Bhubaneswar,22.58728,88.34423,2024-07-27,App
C03831,South,Hyderabad,13.06121,77.59684,2025-08-16,Web
C03832,West,Ahmedabad,19.03888,72.85174,2024-01-23,App
C03833,South,Hyderabad,12.88729,77.55892,2024-05-02,App
C03834,North,Delhi,28.56361,77.1816,2024-02-05,App
C03835,East,Kolkata,22.54621,88.26153,2024-11-02,App
C03836,North,Jaipur,28.635,77.24767,2025-03-05,App
C03837,East,Kolkata,22.51339,88.39003,2024-06-18,App
C03838,West,Ahmedabad,19.17434,72.77563,2024-01-21,App
C03839,South,Hyderabad,12.96506,77.62963,2024-03-14,App
C03840,East,Kolkata,22.64447,88.34841,2025-04-18,App
C03841,East,Kolkata,22.48886,88.25809,2025-03-24,App
C03842,West,Ahmedabad,19.08656,72.81757,2024-09-25,App
C03843,West,Pune,19.1057,72.84615,2024-06-26,App
C03844,East,Kolkata,22.63587,88.47057,2025-01-01,App
C03845,South,Hyderabad,12.95599,77.60799,2025-03-30,App
C03846,South,Bengaluru,12.98803,77.47528,2025-07-27,App
C03847,West,Pune,19.02501,72.89288,2024-02-18,Web
C03848,West,Ahmedabad,19.08414,72.92073,2024-07-21,App
C03849,South,Bengaluru,13.054,77.53173,2024-07-29,App
C03850,West,Mumbai,19.15776,72.83972,2024-07-08,App
C03851,North,Delhi,28.65891,77.33829,2024-10-30,App
C03852,North,Jaipur,28.63365,77.0864,2025-05-21,Web
C03853,South,Bengaluru,12.82398,77.55641,2025-07-31,App
C03854,West,Ahmedabad,19.06485,72.99239,2024-04-15,Web
C03855,South,Chennai,13.07218,77.65529,2024-11-18,App
C03856,North,Delhi,28.6698,77.11656,2024-07-14,Web
C03857,South,Bengaluru,12.86666,77.59287,2025-06-07,App
C03858,East,Bhubaneswar,22.52694,88.41041,2024-07-06,App
C03859,West,Mumbai,19.13058,72.85889,2025-05-23,Web
C03860,West,Mumbai,19.12651,72.82559,2025-05-18,App
C03861,East,Patna,22.66546,88.39595,2025-10-10,App
C03862,West,Pune,19.21824,72.90435,2024-06-25,App
C03863,South,Chennai,12.95847,77.64899,2025-07-09,App
C03864,South,Chennai,12.99228,77.71305,2024-09-07,Web
C03865,West,Mumbai,18.96917,72.84956,2024-08-09,App
C03866,North,Chandigarh,28.6634,77.21959,2025-05-06,App
C03867,South,Chennai,13.10949,77.56854,2025-07-01,Web
C03868,South,Hyderabad,13.03773,77.47905,2024-08-02,App
C03869,West,Ahmedabad,19.0258,73.01395,2025-03-12,Web
C03870,South,Hyderabad,12.93447,77.6081,2024-12-02,App
C03871,West,Mumbai,19.22373,73.01211,2024-07-18,App
C03872,South,Bengaluru,12.90034,77.57065,2024-03-11,App
C03873,East,Bhubaneswar,22.6172,88.40875,2024-06-30,App
C03874,South,Hyderabad,12.92905,77.61064,2024-04-14,Web
C03875,North,Delhi,28.59194,77.06703,2025-05-26,App
C03876,South,Bengaluru,12.90988,77.55134,2024-03-03,App
C03877,South,Hyderabad,12.93491,77.53355,2024-12-08,App
C03878,North,Jaipur,28.68635,77.23038,2024-03-21,App
C03879,West,Ahmedabad,19.06413,72.95613,2024-08-12,Web
C03880,South,Bengaluru,13.03751,77.5717,2024-01-07,App
C03881,West,Mumbai,19.08369,72.85665,2024-02-10,App
C03882,North,Chandigarh,28.58991,77.28506,2024-08-16,App
C03883,South,Bengaluru,13.01915,77.74063,2024-05-09,App
C03884,West,Mumbai,19.0094,72.96098,2025-06-20,App
C03885,South,Chennai,12.93601,77.65567,2024-08-26,App
C03886,North,Chandigarh,28.63216,77.3083,2025-03-06,App
C03887,West,Mumbai,19.0776,72.77017,2024-07-30,App
C03888,West,Ahmedabad,19.0425,72.77085,2024-02-15,App
C03889,South,Chennai,13.03338,77.68686,2025-03-04,App
C03890,South,Bengaluru,12.92637,77.68985,2025-01-17,App
C03891,West,Pune,19.07702,72.9015,2025-07-23,App
C03892,West,Mumbai,19.0703,72.8839,2024-08-10,App
C03893,West,Pune,19.07263,72.80606,2025-06-06,App
C03894,South,Hyderabad,12.95487,77.62278,2025-05-13,App
C03895,East,Kolkata,22.54951,88.37504,2024-08-08,App
C03896,East,Patna,22.63828,88.3825,2024-05-10,Web
C03897,West,Pune,19.04849,72.84034,2024-02-17,App
C03898,West,Ahmedabad,18.9157,72.8892,2024-07-07,Web
C03899,North,Chandigarh,28.65571,77.16065,2025-06-18,App
C03900,South,Hyderabad,12.97073,77.7652,2025-04-16,Web
C03901,North,Jaipur,28.56808,77.30364,2025-01-10,Web
C03902,South,Hyderabad,12.92814,77.54234,2024-07-03,App
C03903,North,Chandigarh,28.56409,77.1361,2024-10-19,App
C03904,South,Bengaluru,13.01857,77.7105,2025-02-06,App
C03905,West,Ahmedabad,19.11736,72.84271,2024-01-19,App
C03906,East,Patna,22.69919,88.2354,2025-09-03,App
C03907,North,Jaipur,28.51376,77.17,2024-11-03,App
C03908,East,Kolkata,22.44583,88.35105,2025-05-03,App
C03909,North,Jaipur,28.55912,77.18754,2025-09-08,App
C03910,East,Patna,22.50236,88.30501,2024-05-03,App
C03911,West,Mumbai,19.16056,72.94888,2025-09-22,App
C03912,South,Bengaluru,12.8957,77.60928,2024-09-11,App
C03913,West,Pune,19.10773,72.95525,2024-07-21,Web
C03914,South,Chennai,13.019,77.58664,2024-02-12,App
C03915,South,Chennai,12.9626,77.57002,2025-05-21,Web
C03916,North,Chandigarh,28.69086,77.17659,2024-09-15,App
C03917,South,Bengaluru,13.03168,77.55783,2025-09-11,App
C03918,North,Chandigarh,28.67266,77.26559,2025-08-16,App
C03919,West,Ahmedabad,19.16669,72.95327,2025-03-24,App
C03920,South,Chennai,12.993,77.70046,2025-04-13,App
C03921,South,Hyderabad,12.94184,77.65435,2024-01-23,App
C03922,East,Patna,22.66914,88.27459,2024-07-07,App
C03923,South,Bengaluru,12.9197,77.66542,2024-01-21,App
C03924,East,Bhubaneswar,22.54035,88.45719,2025-01-27,App
C03925,East,Patna,22.46813,88.38857,2024-03-17,App
C03926,North,Chandigarh,28.62265,77.21519,2024-07-06,App
C03927,East,Bhubaneswar,22.49704,88.2789,2024-02-14,Web
C03928,North,Delhi,28.61034,77.20993,2024-04-17,App
C03929,North,Delhi,28.5811,77.20075,2024-04-14,App
C03930,East,Bhubaneswar,22.65199,88.32709,2025-04-10,App
C03931,South,Chennai,13.01062,77.63381,2024-11-17,App
C03932,South,Hyderabad,12.85542,77.62354,2024-03-21,App
C03933,East,Bhubaneswar,22.58907,88.39682,2024-11-06,Web
C03934,West,Ahmedabad,19.09784,72.88465,2024-08-19,App
C03935,East,Patna,22.4429,88.32288,2024-12-30,App
C03936,North,Delhi,28.7431,77.20777,2025-06-17,App
C03937,North,Delhi,28.67953,77.38631,2025-07-15,Web
C03938,West,Mumbai,19.15479,72.95123,2025-01-26,App
C03939,South,Bengaluru,12.99175,77.51877,2024-04-19,App
C03940,South,Bengaluru,13.00612,77.52483,2024-12-17,App
C03941,North,Jaipur,28.56747,77.21185,2025-08-17,App
C03942,West,Mumbai,19.0777,72.92706,2024-12-03,App
C03943,West,Mumbai,19.15902,72.90839,2025-01-26,App
C03944,East,Bhubaneswar,22.43826,88.28989,2024-05-11,App
C03945,North,Chandigarh,28.564,77.18628,2025-01-22,App
C03946,West,Pune,18.99234,72.78882,2025-08-26,App
C03947,South,Bengaluru,12.95033,77.57045,2024-06-27,App
C03948,North,Chandigarh,28.59222,77.24847,2024-12-29,App
C03949,South,Hyderabad,12.96876,77.44333,2025-01-21,App
C03950,North,Jaipur,28.64758,77.10154,2024-04-09,App
C03951,South,Bengaluru,12.94107,77.59403,2024-08-14,App
C03952,East,Patna,22.61214,88.41708,2024-01-08,App
C03953,West,Ahmedabad,19.13455,72.83661,2024-09-11,App
C03954,West,Mumbai,19.10709,72.8345,2025-07-07,App
C03955,East,Patna,22.67066,88.38455,2024-04-04,App
C03956,East,Patna,22.5019,88.37731,2024-12-08,App
C03957,North,Chandigarh,28.60621,77.22536,2024-02-11,App
C03958,North,Chandigarh,28.63163,77.22233,2024-11-16,App
C03959,West,Ahmedabad,19.12475,72.84844,2025-08-28,App
C03960,South,Hyderabad,12.97844,77.60488,2025-08-24,App
C03961,East,Patna,22.65788,88.34506,2024-09-22,Web
C03962,South,Bengaluru,12.8639,77.60881,2024-12-04,Web
C03963,East,Kolkata,22.47748,88.37813,2025-07-23,App
C03964,North,Jaipur,28.81375,77.22631,2025-01-17,App
C03965,South,Chennai,12.85582,77.65037,2025-01-01,App
C03966,West,Pune,19.14341,72.84257,2025-04-26,App
C03967,East,Bhubaneswar,22.5396,88.2634,2024-01-19,App
C03968,East,Kolkata,22.60203,88.30295,2024-08-14,Web
C03969,South,Bengaluru,12.9811,77.59225,2024-05-05,App
C03970,West,Mumbai,19.05514,72.91926,2024-05-15,App
C03971,West,Mumbai,19.02596,72.81113,2025-09-17,Web
C03972,West,Ahmedabad,18.92929,72.86652,2024-05-31,Web
C03973,North,Chandigarh,28.56383,77.23122,2024-05-11,App
C03974,South,Chennai,12.98854,77.5851,2024-12-03,App
C03975,East,Bhubaneswar,22.60345,88.34702,2025-03-18,App
C03976,North,Chandigarh,28.72109,77.21534,2024-12-28,App
C03977,West,Mumbai,19.02929,72.86056,2025-09-15,App
C03978,West,Pune,19.04108,72.90271,2024-09-06,App
C03979,West,Pune,18.9968,72.93061,2025-08-13,App
C03980,West,Pune,19.05468,72.80484,2024-11-19,App
C03981,South,Bengaluru,12.94734,77.54104,2025-05-07,Web
C03982,East,Kolkata,22.64178,88.20199,2024-01-07,App
C03983,South,Hyderabad,12.91388,77.51045,2024-08-15,App
C03984,West,Ahmedabad,18.99422,72.86474,2024-01-26,App
C03985,North,Jaipur,28.67143,77.25549,2025-10-06,App
C03986,South,Chennai,12.98933,77.56904,2024-10-14,App
C03987,West,Mumbai,19.0746,72.9505,2024-02-08,App
C03988,South,Bengaluru,12.9505,77.67549,2024-01-22,App
C03989,West,Mumbai,19.10184,72.9965,2025-07-29,App
C03990,South,Bengaluru,13.06137,77.63361,2024-10-21,App
C03991,South,Hyderabad,12.8445,77.61495,2025-02-18,App
C03992,South,Bengaluru,12.89922,77.64163,2025-07-19,App
C03993,South,Hyderabad,12.85695,77.49367,2024-02-07,App
C03994,East,Bhubaneswar,22.58021,88.30404,2024-11-15,App
C03995,West,Mumbai,18.98892,72.91444,2024-08-07,Web
C03996,West,Mumbai,19.13641,72.90845,2024-06-20,App
C03997,North,Delhi,28.71133,77.18903,2024-11-06,App
C03998,North,Delhi,28.61965,77.25217,2024-10-11,App
C03999,East,Kolkata,22.64826,88.49383,2024-05-15,App
C04000,West,Mumbai,19.0244,73.00384,2024-12-07,App
C04001,West,Mumbai,19.03647,72.9311,2025-07-13,App
C04002,North,Chandigarh,28.72684,77.147,2025-04-19,App
C04003,East,Kolkata,22.62486,88.40958,2025-10-08,App
C04004,East,Patna,22.60428,88.40004,2024-11-10,App
C04005,West,Mumbai,19.01742,72.96192,2025-03-09,App
C04006,West,Mumbai,19.09379,72.8344,2024-02-05,App
C04007,West,Pune,19.05989,72.93098,2024-01-30,App
C04008,West,Mumbai,19.12633,72.89167,2025-03-12,App
C04009,North,Delhi,28.67482,77.13615,2024-09-13,Web
C04010,West,Ahmedabad,19.0673,72.91199,2024-05-31,Web
C04011,West,Ahmedabad,19.11369,72.89471,2025-02-03,App
C04012,East,Kolkata,22.57336,88.35591,2025-03-29,App
C04013,North,Chandigarh,28.61261,77.20074,2024-11-06,Web
C04014,South,Hyderabad,12.94684,77.55762,2025-06-02,App
C04015,South,Bengaluru,12.93689,77.66902,2024-01-07,Web
C04016,East,Patna,22.55784,88.35245,2025-07-18,App
C04017,North,Delhi,28.57504,77.28802,2025-06-09,App
C04018,North,Chandigarh,28.57395,77.14258,2025-08-16,App
C04019,East,Kolkata,22.54313,88.27314,2025-03-27,App
C04020,East,Kolkata,22.67569,88.26457,2025-02-09,App
C04021,South,Hyderabad,13.04778,77.53916,2024-01-24,App
C04022,East,Kolkata,22.58016,88.42471,2025-05-13,App
C04023,North,Delhi,28.58816,77.24776,2024-12-06,App
C04024,West,Ahmedabad,19.21664,72.88152,2025-09-18,App
C04025,West,Ahmedabad,19.21119,72.91736,2025-08-12,App
C04026,West,Ahmedabad,19.03639,72.81372,2024-05-05,Web
C04027,East,Bhubaneswar,22.61522,88.37551,2025-01-29,App
C04028,East,Bhubaneswar,22.63779,88.26916,2024-02-25,App
C04029,South,Chennai,13.04628,77.59914,2024-12-15,App
C04030,North,Delhi,28.63229,77.27822,2024-11-13,App
C04031,East,Bhubaneswar,22.58845,88.3339,2024-01-24,App
C04032,North,Jaipur,28.50757,77.28277,2024-09-19,App
C04033,East,Bhubaneswar,22.53891,88.33185,2024-02-12,App
C04034,West,Ahmedabad,19.16499,72.90869,2024-12-29,App
C04035,North,Delhi,28.57287,77.17574,2025-01-15,App
C04036,West,Ahmedabad,19.24213,72.85885,2025-01-10,App
C04037,West,Unknown,19.10573,72.83599,2024-09-22,App
C04038,East,Patna,22.47142,88.36034,2024-05-19,App
C04039,South,Hyderabad,12.93156,77.64212,2025-02-28,App
C04040,North,Jaipur,28.54459,77.2648,2024-12-07,Web
C04041,South,Chennai,13.00595,77.61984,2025-07-13,App
C04042,North,Delhi,28.64648,77.19094,2025-05-15,App
C04043,South,Chennai,12.92489,77.57865,2025-06-24,App
C04044,South,Bengaluru,12.90654,77.68482,2024-02-13,App
C04045,North,Chandigarh,28.69631,77.15603,2024-04-19,App
C04046,West,Mumbai,18.95926,72.8782,2024-02-01,App
C04047,West,Pune,19.03498,72.92729,2025-08-17,App
C04048,North,Jaipur,28.60032,77.12159,2024-02-04,App
C04049,West,Mumbai,19.07944,72.90907,2025-05-05,App
C04050,West,Ahmedabad,19.08392,72.85832,2024-04-28,App
C04051,East,Bhubaneswar,22.58851,88.40056,2025-02-13,App
C04052,West,Pune,19.02646,73.02038,2024-04-27,Web
C04053,South,Hyderabad,12.99146,77.62189,2024-08-04,App
C04054,South,Hyderabad,12.91593,77.58333,2024-01-24,Web
C04055,East,Patna,22.64935,88.26767,2024-05-01,App
C04056,West,Ahmedabad,19.09002,72.98627,2024-02-07,App
C04057,East,Kolkata,22.42307,88.32196,2024-04-27,App
C04058,North,Chandigarh,28.58891,77.17709,2024-10-07,Web
C04059,South,Hyderabad,13.03236,77.57766,2025-02-09,App
C04060,West,Ahmedabad,19.18141,72.8642,2025-05-18,App
C04061,East,Kolkata,22.66135,88.349,2025-06-11,App
C04062,West,Ahmedabad,19.07737,72.83154,2025-02-11,Web
C04063,West,Pune,19.07533,72.89777,2024-06-29,App
C04064,North,Chandigarh,28.45028,77.1675,2024-11-30,App
C04065,South,Hyderabad,13.06639,77.44429,2025-01-11,App
C04066,East,Kolkata,22.6862,88.42034,2025-06-05,App
C04067,West,Mumbai,19.03372,72.8134,2024-06-13,Web
C04068,West,Pune,19.02955,72.86968,2024-06-27,App
C04069,West,Ahmedabad,19.06133,72.90796,2025-05-29,App
C04070,West,Ahmedabad,18.95765,72.91643,2025-04-15,App
C04071,West,Pune,19.01796,72.92274,2025-03-31,App
C04072,West,Pune,19.03602,72.90769,2025-07-27,App
C04073,East,Bhubaneswar,22.69809,88.33194,2024-04-14,App
C04074,West,Ahmedabad,18.97188,72.84762,2025-05-23,App
C04075,West,Pune,19.03603,72.83669,2025-03-28,Web
C04076,West,Mumbai,19.18785,72.8816,2024-01-06,Web
C04077,West,Pune,19.15326,72.96359,2024-04-20,App
C04078,South,Bengaluru,13.00685,77.48514,2025-05-03,App
C04079,East,Patna,22.61025,88.26611,2025-07-21,App
C04080,East,Patna,22.59721,88.32949,2025-09-15,Web
C04081,West,Pune,19.20909,72.77437,2025-01-20,App
C04082,South,Chennai,12.81897,77.6123,2024-04-03,App
C04083,North,Jaipur,28.6403,77.15288,2025-01-03,App
C04084,North,Delhi,28.5608,77.26487,2025-01-11,App
C04085,South,Hyderabad,12.88583,77.65941,2024-01-31,App
C04086,West,Mumbai,19.05021,72.89695,2024-10-17,App
C04087,West,Mumbai,19.03997,72.98173,2025-06-29,App
C04088,South,Hyderabad,13.00252,77.56947,2025-03-17,App
C04089,West,Mumbai,19.07073,72.87154,2024-05-22,App
C04090,North,Chandigarh,28.61107,77.2854,2025-08-08,App
C04091,North,Jaipur,28.56466,77.31318,2025-04-17,App
C04092,North,Chandigarh,28.65324,77.29879,2025-06-11,App
C04093,North,Jaipur,28.48284,77.25227,2025-01-26,App
C04094,North,Jaipur,28.6658,77.20458,2025-06-04,App
C04095,East,Bhubaneswar,22.46075,88.23539,2025-06-28,App
C04096,West,Mumbai,19.21624,72.86265,2025-06-01,Web
C04097,South,Hyderabad,13.07894,77.56531,2024-03-17,App
C04098,East,Patna,22.57174,88.41729,2024-06-24,App
C04099,West,Pune,19.11035,72.87291,2024-01-30,App
C04100,North,Delhi,28.61798,77.24109,2024-08-08,App
C04101,West,Ahmedabad,19.08218,72.81707,2024-05-03,Web
C04102,West,Mumbai,18.9474,72.72497,2024-04-04,App
C04103,West,Mumbai,19.06823,72.85044,2024-05-05,App
C04104,South,Chennai,12.98589,77.58806,2024-12-22,App
C04105,North,Jaipur,28.70942,77.21671,2024-04-14,App
C04106,South,Bengaluru,12.92371,77.65236,2024-04-26,App
C04107,South,Hyderabad,12.8885,77.54437,2024-07-15,Web
C04108,West,Mumbai,19.17768,72.95758,2025-06-14,Web
C04109,East,Bhubaneswar,22.51104,88.38715,2025-08-17,App
C04110,North,Delhi,28.61607,77.16056,2024-07-22,App
C04111,West,Ahmedabad,19.00218,72.80791,2024-10-19,Web
C04112,East,Patna,22.58024,88.32319,2025-04-13,App
C04113,West,Pune,19.15877,72.93591,2024-05-02,App
C04114,South,Hyderabad,12.96254,77.48337,2025-06-23,App
C04115,East,Kolkata,22.54869,88.2991,2024-10-20,App
C04116,East,Bhubaneswar,22.62538,88.31377,2024-07-03,App
C04117,West,Ahmedabad,19.23832,72.8858,2024-09-14,App
C04118,South,Bengaluru,13.06626,77.63175,2024-08-11,App
C04119,West,Mumbai,19.02334,72.86803,2024-12-14,App
C04120,South,Hyderabad,12.91115,77.6035,2024-02-14,App
C04121,East,Kolkata,22.58411,88.28717,2024-04-28,Web
C04122,North,Jaipur,28.57075,77.19568,2024-08-12,App
C04123,North,Jaipur,28.62693,77.22207,2025-06-03,App
C04124,West,Ahmedabad,19.10191,72.8659,2025-08-28,Web
C04125,East,Patna,22.58501,88.41193,2024-08-03,App
C04126,East,Bhubaneswar,22.58031,88.32638,2024-06-24,App
C04127,North,Chandigarh,28.61958,77.05615,2025-04-19,App
C04128,West,Mumbai,19.08495,72.88419,2024-12-14,Web
C04129,West,Mumbai,19.1498,72.93844,2024-04-23,App
C04130,East,Bhubaneswar,22.49024,88.46897,2025-01-19,App
C04131,West,Mumbai,19.15515,72.89835,2024-07-05,App
C04132,West,Ahmedabad,19.02044,72.8431,2025-09-27,Web
C04133,North,Delhi,28.56918,77.25962,2025-03-15,App
C04134,South,Chennai,12.97445,77.51401,2025-08-06,App
C04135,West,Mumbai,19.13741,72.85437,2025-02-27,App
C04136,West,Mumbai,19.05639,72.8725,2024-03-23,App
C04137,West,Ahmedabad,19.04403,72.8709,2025-08-06,App
C04138,West,Ahmedabad,19.16952,72.91515,2025-09-14,App
C04139,West,Mumbai,18.92707,72.83691,2024-05-02,App
C04140,South,Bengaluru,12.93173,77.37323,2025-04-19,App
C04141,North,Delhi,28.56799,77.20906,2025-05-27,App
C04142,East,Kolkata,22.55114,88.40673,2024-09-17,App
C04143,North,Delhi,28.52319,77.15889,2024-08-07,App
C04144,West,Ahmedabad,19.15325,72.94198,2025-05-17,App
C04145,West,Mumbai,19.04151,72.92668,2025-01-04,App
C04146,West,Mumbai,19.12783,72.86709,2025-05-26,Web
C04147,South,Hyderabad,12.90483,77.52793,2024-12-08,App
C04148,East,Patna,22.59098,88.33928,2025-01-14,App
C04149,North,Jaipur,28.5332,77.10985,2025-01-31,App
C04150,West,Mumbai,19.09511,72.95716,2024-05-25,App
C04151,West,Mumbai,19.0076,72.88788,2024-10-28,App
C04152,South,Bengaluru,12.93395,77.61503,2024-12-31,App
C04153,North,Chandigarh,28.58039,77.11283,2025-04-24,App
C04154,South,Hyderabad,13.03326,77.60919,2024-07-31,App
C04155,North,Delhi,28.66313,77.24941,2024-05-29,Web
C04156,East,Bhubaneswar,22.49822,88.32757,2024-04-26,App
C04157,South,Hyderabad,12.95267,77.62725,2025-01-22,App
C04158,West,Pune,19.07116,72.83646,2024-04-05,App
C04159,West,Mumbai,19.11398,72.83502,2024-09-25,App
C04160,West,Mumbai,19.11185,72.93278,2024-12-22,App
C04161,East,Unknown,22.60695,88.27651,2024-09-23,App
C04162,South,Chennai,12.99031,77.53973,2024-09-02,App
C04163,South,Chennai,12.97156,77.59493,2024-05-28,App
C04164,West,Mumbai,19.02521,72.92653,2025-05-21,App
C04165,West,Ahmedabad,19.14124,72.95054,2024-02-18,App
C04166,South,Hyderabad,12.945,77.54666,2024-08-03,App
C04167,East,Bhubaneswar,22.52403,88.37101,2024-01-14,App
C04168,North,Chandigarh,28.69286,77.1382,2024-04-26,App
C04169,East,Patna,22.52575,88.27392,2024-08-03,App
C04170,West,Pune,19.04163,72.80712,2024-04-07,Web
C04171,South,Hyderabad,12.94401,77.61584,2024-03-21,App
C04172,North,Delhi,28.65905,77.11314,2025-05-31,App
C04173,South,Bengaluru,12.92748,77.71474,2024-06-11,Web
C04174,North,Jaipur,28.59975,77.24399,2025-04-22,App
C04175,South,Hyderabad,12.96535,77.61502,2024-01-22,App
C04176,East,Bhubaneswar,22.57761,88.32881,2024-12-07,App
C04177,East,Patna,22.66131,88.34367,2024-08-22,App
C04178,West,Ahmedabad,19.08538,72.98718,2024-10-01,App
C04179,West,Mumbai,19.09354,72.94391,2024-06-08,App
C04180,East,Bhubaneswar,22.49449,88.38765,2025-01-10,App
C04181,East,Kolkata,22.61028,88.30083,2024-11-21,App
C04182,South,Bengaluru,12.92383,77.53719,2024-09-10,Web
C04183,West,Mumbai,19.05968,72.87177,2025-07-13,App
C04184,East,Bhubaneswar,22.75472,88.2891,2024-02-13,App
C04185,North,Jaipur,28.58111,77.22194,2025-05-18,Web
C04186,West,Pune,19.10406,73.03046,2024-09-08,App
C04187,East,Bhubaneswar,22.55423,88.41815,2024-04-24,App
C04188,East,Patna,22.69729,88.31206,2024-08-13,App
C04189,North,Chandigarh,28.49381,77.19377,2025-07-25,App
C04190,East,Bhubaneswar,22.55949,88.36183,2025-08-23,App
C04191,South,Bengaluru,13.01846,77.52067,2025-09-10,Web
C04192,South,Bengaluru,12.96109,77.5043,2025-05-14,App
C04193,East,Kolkata,22.62627,88.3926,2025-03-19,App
C04194,East,Kolkata,22.56441,88.23588,2025-01-08,App
C04195,East,Patna,22.51863,88.3107,2025-06-12,App
C04196,South,Bengaluru,12.78411,77.59556,2024-11-14,App
C04197,South,Hyderabad,12.95587,77.50934,2024-04-16,App
C04198,South,Chennai,13.0065,77.70322,2025-04-12,App
C04199,East,Patna,22.62101,88.25472,2024-03-22,App
C04200,North,Chandigarh,28.52717,77.09483,2024-04-02,Web
C04201,North,Jaipur,28.59677,77.10851,2025-06-01,App
C04202,South,Bengaluru,12.92691,77.528,2024-02-26,App
C04203,East,Kolkata,22.69198,88.39416,2025-02-06,Web
C04204,North,Chandigarh,28.64573,77.23214,2024-11-22,App
C04205,West,Pune,19.13793,72.80535,2024-08-06,App
C04206,North,Jaipur,28.64962,77.19742,2024-12-01,App
C04207,West,Ahmedabad,19.0732,72.94973,2024-06-23,App
C04208,North,Delhi,28.55838,77.26799,2025-07-18,App
C04209,South,Hyderabad,12.82865,77.65625,2024-08-03,App
C04210,North,Delhi,28.61571,77.22829,2024-06-20,App
C04211,North,Delhi,28.60199,77.15413,2024-08-02,App
C04212,North,Chandigarh,28.5387,77.32191,2024-11-01,Web
C04213,East,Bhubaneswar,22.55219,88.28105,2024-12-29,App
C04214,West,Mumbai,19.05025,72.84032,2024-12-18,App
C04215,East,Patna,22.66738,88.36026,2024-11-27,App
C04216,South,Bengaluru,13.01356,77.56374,2025-04-19,App
C04217,South,Chennai,12.863,77.71867,2025-09-27,App
C04218,West,Ahmedabad,18.95163,72.88059,2024-08-21,App
C04219,North,Jaipur,28.6415,77.2366,2024-10-20,App
C04220,East,Bhubaneswar,22.44586,88.4052,2024-01-07,App
C04221,South,Bengaluru,12.96815,77.68325,2025-01-13,Web
C04222,South,Chennai,12.95947,77.62571,2025-02-22,App
C04223,South,Chennai,12.92645,77.5999,2025-08-27,App
C04224,South,Hyderabad,12.96839,77.54808,2024-08-18,App
C04225,North,Chandigarh,28.69641,77.21094,2025-01-01,Web
C04226,South,Hyderabad,12.82119,77.68585,2024-11-18,App
C04227,North,Jaipur,28.67577,77.2081,2025-07-16,Web
C04228,East,Bhubaneswar,22.57301,88.31301,2025-05-20,Web
C04229,West,Pune,19.07226,72.82382,2025-09-29,Web
C04230,North,Jaipur,28.67134,77.13934,2024-04-10,App
C04231,North,Chandigarh,28.62385,77.36025,2024-06-23,App
C04232,East,Patna,22.56514,88.29797,2024-10-06,App
C04233,West,Mumbai,19.10701,72.95607,2024-04-26,App
C04234,North,Chandigarh,28.50599,77.25625,2025-04-17,App
C04235,West,Ahmedabad,19.08603,72.91813,2025-02-13,Web
C04236,South,Hyderabad,12.96729,77.63997,2025-05-01,App
C04237,South,Hyderabad,12.98116,77.65267,2025-04-08,App
C04238,South,Hyderabad,13.04185,77.64631,2024-02-21,App
C04239,West,Pune,19.10021,72.80246,2024-09-10,App
C04240,South,Chennai,13.066,77.56431,2025-04-18,App
C04241,West,Ahmedabad,19.10517,72.73079,2025-04-09,App
C04242,South,Chennai,12.9675,77.53155,2024-04-27,App
C04243,West,Mumbai,19.15177,72.70715,2024-08-27,Web
C04244,North,Chandigarh,28.62932,77.25722,2025-04-20,App
C04245,South,Hyderabad,12.99321,77.64279,2024-11-28,Web
C04246,North,Chandigarh,28.61124,77.27871,2025-04-21,Web
C04247,West,Mumbai,19.03056,72.91188,2024-01-24,App
C04248,North,Jaipur,28.5326,77.20336,2025-02-25,App
C04249,East,Patna,22.57893,88.39265,2025-07-26,App
C04250,West,Pune,19.08223,72.81277,2025-04-16,App
C04251,East,Bhubaneswar,22.5159,88.2844,2024-07-04,App
C04252,South,Hyderabad,12.83561,77.60538,2025-06-27,Web
C04253,North,Jaipur,28.6519,77.19213,2025-01-21,App
C04254,West,Ahmedabad,19.15748,72.86996,2025-01-24,Web
C04255,West,Pune,19.08126,72.90783,2025-04-02,App
C04256,West,Ahmedabad,19.05195,72.87407,2024-11-10,App
C04257,West,Ahmedabad,19.19146,72.76793,2025-07-20,App
C04258,South,Bengaluru,13.0081,77.47475,2024-05-30,App
C04259,North,Delhi,28.56501,77.13589,2024-03-05,Web
C04260,North,Delhi,28.52489,77.17816,2024-09-27,Web
C04261,South,Chennai,13.02248,77.56581,2024-03-09,App
C04262,West,Ahmedabad,19.05318,72.8814,2025-08-01,App
C04263,South,Chennai,12.95578,77.52032,2025-03-21,Web
C04264,West,Mumbai,19.0803,72.84844,2025-01-21,App
C04265,North,Jaipur,28.67065,77.30734,2025-05-22,App
C04266,North,Jaipur,28.65601,77.26689,2025-02-06,Web
C04267,West,Ahmedabad,19.10586,72.9146,2024-07-27,App
C04268,West,Ahmedabad,19.10086,72.98632,2025-07-12,App
C04269,North,Delhi,28.59108,77.25856,2024-11-27,App
C04270,East,Patna,22.58582,88.36702,2025-08-21,App
C04271,West,Mumbai,19.04302,72.83399,2025-02-07,Web
C04272,South,Hyderabad,13.06102,77.5261,2024-01-16,App
C04273,West,Mumbai,19.01088,72.86052,2025-02-14,App
C04274,North,Jaipur,28.70001,77.14366,2024-09-29,Web
C04275,North,Chandigarh,28.55696,77.17124,2024-06-20,App
C04276,South,Chennai,13.14202,77.58724,2025-09-21,App
C04277,South,Hyderabad,12.87619,77.69806,2024-06-16,App
C04278,North,Jaipur,28.65033,77.22137,2025-06-05,App
C04279,North,Jaipur,28.5361,77.21099,2024-07-28,App
C04280,East,Kolkata,22.62603,88.33347,2024-07-26,App
C04281,South,Hyderabad,12.92989,77.6513,2025-05-19,App
C04282,North,Delhi,28.62827,77.24731,2025-01-28,App
C04283,North,Jaipur,28.69307,77.18419,2024-05-19,App
C04284,South,Hyderabad,12.93222,77.65809,2025-02-19,App
C04285,East,Patna,22.53182,88.36223,2024-12-18,App
C04286,North,Jaipur,28.60909,77.24782,2025-04-06,Web
C04287,East,Patna,22.48301,88.38524,2024-11-16,App
C04288,West,Ahmedabad,19.07679,72.89384,2024-03-23,App
C04289,West,Pune,19.15251,72.84401,2024-12-25,App
C04290,West,Mumbai,19.10036,72.85629,2024-06-15,App
C04291,East,Kolkata,22.52466,88.49138,2025-06-18,App
C04292,West,Ahmedabad,19.06594,72.89758,2024-07-28,App
C04293,East,Patna,22.51126,88.46082,2025-04-07,Web
C04294,West,Ahmedabad,19.13001,72.85474,2025-08-18,App
C04295,West,Pune,19.07362,72.95201,2025-08-01,Web
C04296,South,Hyderabad,13.00305,77.6412,2025-02-20,App
C04297,West,Ahmedabad,19.0895,72.80756,2024-12-05,App
C04298,North,Delhi,28.50716,77.35415,2025-10-02,App
C04299,East,Kolkata,22.5711,88.26192,2024-08-25,App
C04300,West,Pune,19.05306,72.86436,2025-09-05,App
C04301,South,Bengaluru,12.94433,77.62036,2024-10-10,App
C04302,South,Chennai,12.90274,77.60502,2025-09-24,App
C04303,West,Ahmedabad,19.10165,72.83001,2025-09-09,Web
C04304,North,Chandigarh,28.59975,77.22032,2025-07-02,App
C04305,North,Jaipur,28.66212,77.24844,2024-06-02,App
C04306,West,Pune,19.01837,72.85022,2024-05-06,App
C04307,West,Mumbai,19.06671,72.88006,2025-09-14,App
C04308,East,Kolkata,22.56988,88.35536,2024-05-19,App
C04309,West,Mumbai,19.16079,72.88402,2025-07-01,App
C04310,East,Bhubaneswar,22.56602,88.31368,2024-08-08,App
C04311,East,Patna,22.60012,88.2916,2024-05-27,App
C04312,South,Hyderabad,13.03164,77.54121,2025-03-09,App
C04313,West,Pune,19.11611,72.99673,2025-06-07,App
C04314,North,Delhi,28.66014,77.25905,2024-08-14,App
C04315,East,Patna,22.45168,88.32455,2024-01-26,App
C04316,South,Bengaluru,12.97281,77.58546,2024-10-06,App
C04317,West,Ahmedabad,18.94775,72.84741,2024-07-07,App
C04318,West,Pune,19.0731,72.83839,2025-06-08,Web
C04319,North,Jaipur,28.53078,77.30104,2024-02-09,Web
C04320,South,Hyderabad,12.93622,77.47718,2024-09-16,App
C04321,East,Bhubaneswar,22.59498,88.34241,2025-02-27,App
C04322,South,Chennai,12.92481,77.55288,2024-06-03,App
C04323,South,Hyderabad,12.81485,77.49279,2025-08-19,App
C04324,West,Ahmedabad,19.10939,72.78392,2025-08-06,App
C04325,South,Chennai,12.93677,77.58572,2025-09-10,App
C04326,North,Jaipur,28.72616,77.24169,2024-06-28,App
C04327,South,Hyderabad,12.95499,77.60627,2024-08-25,Web
C04328,South,Bengaluru,12.90904,77.48024,2024-05-05,App
C04329,West,Ahmedabad,19.13099,72.75529,2024-08-03,App
C04330,West,Mumbai,19.04725,72.94893,2025-08-05,App
C04331,North,Delhi,28.50284,77.10353,2024-04-14,App
C04332,East,Bhubaneswar,22.52288,88.3946,2024-04-26,Web
C04333,South,Chennai,12.87813,77.53067,2024-09-01,App
C04334,East,Bhubaneswar,22.57055,88.44956,2024-05-07,App
C04335,East,Patna,22.70052,88.26771,2024-05-08,App
C04336,South,Bengaluru,12.8926,77.48528,2024-04-16,Web
C04337,West,Ahmedabad,19.0133,72.89896,2024-11-08,App
C04338,East,Bhubaneswar,22.51686,88.34076,2024-04-16,App
C04339,West,Pune,18.99806,72.90085,2025-09-20,App
C04340,North,Delhi,28.57566,77.26007,2025-07-25,App
C04341,North,Delhi,28.55344,77.23311,2025-02-13,App
C04342,East,Patna,22.69024,88.48728,2024-01-11,Web
C04343,South,Chennai,13.02829,77.65954,2024-12-15,App
C04344,West,Mumbai,18.97596,72.97603,2024-12-24,Web
C04345,West,Ahmedabad,19.1042,72.9586,2025-01-20,App
C04346,North,Chandigarh,28.47589,77.25258,2025-07-20,App
C04347,South,Bengaluru,12.8788,77.42289,2025-09-07,App
C04348,South,Hyderabad,12.94559,77.66842,2025-04-19,App
C04349,East,Kolkata,22.59685,88.34251,2025-07-09,App
C04350,West,Pune,19.03777,72.8053,2025-01-29,App
C04351,West,Mumbai,19.11367,72.8995,2024-07-07,App
C04352,North,Delhi,28.5764,77.23083,2025-05-31,App
C04353,North,Chandigarh,28.54022,77.12718,2024-02-03,App
C04354,North,Chandigarh,28.55848,77.1264,2025-09-17,App
C04355,East,Bhubaneswar,22.48152,88.28045,2024-01-01,App
C04356,North,Jaipur,28.5493,77.1933,2024-10-03,App
C04357,South,Hyderabad,12.94401,77.57677,2024-12-03,App
C04358,West,Mumbai,19.15636,72.87855,2024-06-08,App
C04359,West,Ahmedabad,19.14781,72.88433,2024-09-20,Web
C04360,North,Delhi,28.43941,77.29224,2025-03-11,App
C04361,West,Ahmedabad,19.18204,72.8106,2025-07-24,App
C04362,North,Jaipur,28.67718,77.13215,2024-01-17,App
C04363,North,Delhi,28.55046,77.17928,2024-06-25,App
C04364,West,Pune,19.07224,72.82002,2025-06-14,App
C04365,West,Mumbai,19.07985,72.92485,2025-01-15,App
C04366,East,Bhubaneswar,22.63417,88.26124,2025-05-24,App
C04367,East,Bhubaneswar,22.58828,88.33917,2024-06-28,App
C04368,North,Jaipur,28.70072,77.27129,2024-12-13,App
C04369,North,Delhi,28.58869,77.33228,2024-05-16,Web
C04370,South,Chennai,12.89411,77.5005,2024-01-16,App
C04371,East,Patna,22.48032,88.47648,2024-01-22,App
C04372,East,Bhubaneswar,22.71588,88.46642,2024-05-01,App
C04373,South,Hyderabad,12.96568,77.64969,2024-02-04,Web
C04374,North,Delhi,28.64625,77.25108,2024-10-05,App
C04375,North,Chandigarh,28.55751,77.03513,2025-05-06,Web
C04376,South,Hyderabad,12.95231,77.65275,2024-08-15,App
C04377,East,Bhubaneswar,22.52275,88.30644,2025-01-08,App
C04378,North,Jaipur,28.60443,77.37339,2025-07-03,App
C04379,South,Hyderabad,13.04741,77.66812,2024-02-07,App
C04380,West,Ahmedabad,19.09792,72.86899,2025-06-05,App
C04381,North,Jaipur,28.46566,77.16104,2024-09-01,App
C04382,East,Patna,22.54135,88.3689,2025-08-08,App
C04383,South,Bengaluru,12.99531,77.75322,2024-03-29,Web
C04384,West,Mumbai,19.0787,72.90446,2024-04-21,App
C04385,West,Ahmedabad,19.10513,72.78736,2025-03-04,Web
C04386,East,Kolkata,22.56178,88.42702,2024-12-28,Web
C04387,North,Chandigarh,28.66685,77.2307,2024-10-22,App
C04388,South,Chennai,12.89873,77.5844,2024-10-31,App
C04389,South,Hyderabad,12.93438,77.59295,2024-04-08,App
C04390,West,Mumbai,19.07241,72.88962,2025-01-31,App
C04391,East,Bhubaneswar,22.51286,88.31434,2025-06-18,App
C04392,East,Patna,22.42085,88.30412,2025-09-24,App
C04393,North,Chandigarh,28.612,77.3039,2024-06-30,App
C04394,North,Jaipur,28.65091,77.25425,2024-10-26,App
C04395,West,Pune,19.06583,72.94965,2024-11-28,Web
C04396,South,Chennai,13.071,77.63447,2024-01-08,App
C04397,South,Bengaluru,12.9201,77.62586,2024-01-22,App
C04398,South,Chennai,12.9442,77.63934,2025-04-09,Web
C04399,East,Patna,22.67197,88.38398,2024-03-01,App
C04400,West,Ahmedabad,19.04124,72.89268,2025-06-25,App
C04401,South,Bengaluru,12.97412,77.469,2024-02-26,App
C04402,East,Kolkata,22.61611,88.36402,2024-08-10,App
C04403,West,Mumbai,19.11351,72.88081,2024-11-29,App
C04404,East,Kolkata,22.51782,88.42935,2025-03-27,Web
C04405,South,Chennai,12.96059,77.56209,2025-07-18,App
C04406,East,Kolkata,22.50025,88.39087,2024-10-17,App
C04407,North,Jaipur,28.62181,77.27991,2024-02-20,App
C04408,South,Chennai,12.9779,77.70694,2024-09-15,App
C04409,East,Kolkata,22.58304,88.34217,2024-11-24,App
C04410,South,Chennai,12.98585,77.59313,2024-02-21,App
C04411,South,Bengaluru,12.94475,77.62736,2024-01-02,Web
C04412,South,Hyderabad,13.00187,77.54376,2025-09-12,App
C04413,East,Bhubaneswar,22.56784,88.32024,2024-11-22,App
C04414,West,Mumbai,19.0948,72.77345,2025-06-20,App
C04415,North,Jaipur,28.6548,77.18975,2024-04-24,App
C04416,South,Hyderabad,13.03946,77.55654,2024-10-13,App
C04417,South,Chennai,13.05699,77.62814,2025-02-17,Web
C04418,West,Mumbai,19.09484,72.96824,2025-07-10,App
C04419,West,Ahmedabad,19.00963,72.91979,2024-06-02,App
C04420,East,Patna,22.64821,88.30019,2025-06-09,App
C04421,West,Mumbai,19.16039,72.85617,2024-06-26,App
C04422,East,Kolkata,22.5901,88.37808,2024-08-04,App
C04423,South,Hyderabad,12.95041,77.52965,2024-11-20,App
C04424,East,Bhubaneswar,22.59145,88.35047,2025-05-12,App
C04425,South,Bengaluru,13.04173,77.71447,2025-05-02,App
C04426,North,Delhi,28.53964,77.23211,2024-12-26,App
C04427,East,Patna,22.51039,88.28878,2025-07-31,App
C04428,East,Bhubaneswar,22.62027,88.35267,2025-09-19,Web
C04429,East,Patna,22.48647,88.31705,2024-09-06,App
C04430,South,Hyderabad,13.04038,77.64002,2024-03-28,App
C04431,North,Chandigarh,28.63808,77.26869,2025-09-06,Web
C04432,North,Chandigarh,28.54311,77.27726,2025-02-15,App
C04433,South,Chennai,13.02854,77.71296,2025-06-24,App
C04434,North,Jaipur,28.57463,77.2793,2025-02-26,App
C04435,North,Delhi,28.65482,77.08674,2024-12-02,App
C04436,West,Mumbai,19.06889,72.81572,2024-11-01,App
C04437,East,Bhubaneswar,22.54358,88.34613,2024-08-26,App
C04438,West,Pune,19.09756,72.98715,2024-10-18,App
C04439,East,Kolkata,22.61911,88.41415,2025-01-15,App
C04440,South,Hyderabad,12.94804,77.59403,2025-01-10,App
C04441,West,Pune,19.10965,72.90549,2024-06-24,App
C04442,West,Pune,19.13727,72.86432,2024-11-26,Web
C04443,South,Chennai,12.83683,77.57286,2024-12-11,App
C04444,North,Delhi,28.64627,77.22399,2024-09-15,App
C04445,North,Delhi,28.61824,77.25518,2025-05-23,App
C04446,East,Kolkata,22.58136,88.40501,2024-06-06,Web
C04447,East,Patna,22.58024,88.32988,2024-12-12,Web
C04448,East,Patna,22.40449,88.34907,2025-03-27,App
C04449,North,Delhi,28.59629,77.22907,2024-05-15,App
C04450,North,Chandigarh,28.5156,77.24854,2025-05-01,Web
C04451,South,Bengaluru,12.98607,77.60618,2024-11-30,App
C04452,North,Chandigarh,28.62095,77.18009,2024-04-01,App
C04453,West,Mumbai,19.12187,72.81997,2024-10-12,App
C04454,South,Hyderabad,12.81663,77.64663,2024-08-06,App
C04455,North,Chandigarh,28.66253,77.17532,2024-10-11,App
C04456,East,Patna,22.62078,88.49201,2025-09-27,Web
C04457,West,Pune,18.99583,72.83505,2025-08-26,App
C04458,West,Mumbai,19.08073,72.91332,2024-12-07,Web
C04459,West,Mumbai,19.11829,72.9756,2024-08-30,Web
C04460,West,Mumbai,19.12762,72.88299,2025-05-23,Web
C04461,North,Jaipur,28.63142,77.2319,2024-06-26,Web
C04462,West,Ahmedabad,19.18263,72.9483,2024-02-22,Web
C04463,West,Mumbai,19.06186,72.8501,2025-05-16,App
C04464,North,Jaipur,28.54858,77.14553,2025-03-26,App
C04465,South,Bengaluru,13.03445,77.55628,2024-03-04,App
C04466,West,Mumbai,19.1276,72.82774,2025-02-24,App
C04467,East,Kolkata,22.52024,88.48391,2024-02-11,App
C04468,West,Mumbai,18.93574,72.88951,2024-09-19,App
C04469,North,Delhi,28.67483,77.09052,2025-02-19,App
C04470,East,Patna,22.66127,88.33939,2024-01-14,App
C04471,South,Chennai,12.90095,77.41644,2024-04-17,App
C04472,South,Hyderabad,13.04148,77.60495,2025-09-06,App
C04473,West,Mumbai,19.10372,72.88479,2025-01-02,App
C04474,West,Mumbai,19.02901,72.86026,2024-11-21,App
C04475,West,Ahmedabad,19.11914,72.75884,2024-05-10,App
C04476,North,Jaipur,28.69531,77.16007,2025-07-08,App
C04477,East,Patna,22.67683,88.46178,2024-12-11,App
C04478,North,Jaipur,28.65036,77.16405,2025-05-08,Web
C04479,South,Bengaluru,12.979,77.5168,2024-07-27,App
C04480,West,Pune,19.07052,72.88671,2024-05-15,Web
C04481,West,Ahmedabad,18.95535,72.83053,2025-07-09,Web
C04482,South,Chennai,12.98207,77.61882,2025-01-04,Web
C04483,South,Bengaluru,13.01572,77.60827,2024-10-20,Web
C04484,North,Delhi,28.54568,77.17604,2025-02-19,App
C04485,North,Chandigarh,28.62536,77.0949,2024-09-03,App
C04486,North,Delhi,28.67557,77.17407,2024-01-15,App
C04487,West,Ahmedabad,19.05499,72.89392,2024-10-16,Web
C04488,East,Bhubaneswar,22.61097,88.23093,2024-04-10,App
C04489,West,Ahmedabad,19.10045,72.91955,2025-05-03,Web
C04490,South,Bengaluru,12.96669,77.5675,2024-05-23,App
C04491,South,Chennai,12.84654,77.61803,2025-06-06,App
C04492,West,Ahmedabad,19.08868,72.89525,2024-10-18,App
C04493,West,Pune,19.11907,72.96258,2025-01-22,App
C04494,South,Chennai,12.903,77.59866,2025-03-18,App
C04495,West,Mumbai,19.10894,72.85381,2025-07-01,Web
C04496,West,Mumbai,19.08841,72.79406,2024-05-21,App
C04497,West,Mumbai,19.0966,72.84124,2025-03-24,App
C04498,South,Chennai,12.92058,77.62374,2025-06-04,App
C04499,East,Kolkata,22.56173,88.39853,2024-06-24,Web
C04500,East,Patna,22.67453,88.37387,2025-09-01,Web
C04501,East,Kolkata,22.68396,88.34146,2024-11-11,App
C04502,North,Delhi,28.54082,77.19674,2024-09-29,App
C04503,North,Delhi,28.54561,77.21791,2025-02-11,App
C04504,East,Kolkata,22.56507,88.25937,2024-04-12,App
C04505,West,Mumbai,19.05715,72.94392,2024-05-11,App
C04506,East,Patna,22.57887,88.39742,2024-06-29,App
C04507,West,Pune,19.1055,72.93494,2024-09-18,App
C04508,South,Chennai,12.96982,77.53462,2024-03-30,App
C04509,East,Bhubaneswar,22.63105,88.49728,2024-05-27,App
C04510,West,Mumbai,19.11354,72.81888,2024-04-15,App
C04511,South,Hyderabad,12.98491,77.56414,2024-10-04,App
C04512,West,Pune,19.14865,72.85291,2024-11-19,App
C04513,West,Mumbai,19.09091,72.91637,2025-04-02,Web
C04514,South,Bengaluru,13.06289,77.53169,2025-03-01,Web
C04515,West,Mumbai,19.14234,72.94158,2024-02-25,App
C04516,North,Jaipur,28.57579,77.44474,2024-06-09,App
C04517,West,Ahmedabad,19.15791,72.92845,2025-03-17,Web
C04518,North,Jaipur,28.67662,77.13907,2024-06-26,Web
C04519,West,Ahmedabad,19.17346,72.8372,2025-04-17,App
C04520,West,Mumbai,19.18638,72.87313,2024-05-26,App
C04521,West,Pune,19.061,72.96663,2025-05-31,App
C04522,East,Bhubaneswar,22.59333,88.32756,2025-04-29,App
C04523,East,Patna,22.69457,88.26001,2024-06-04,App
C04524,North,Chandigarh,28.54015,77.1893,2025-08-16,App
C04525,South,Bengaluru,13.01727,77.52794,2025-01-11,App
C04526,East,Patna,22.54874,88.25207,2024-02-28,Web
C04527,North,Delhi,28.58482,77.26991,2024-03-04,App
C04528,East,Bhubaneswar,22.55563,88.4727,2025-01-31,App
C04529,South,Hyderabad,13.05303,77.62347,2025-09-08,App
C04530,West,Ahmedabad,19.08766,72.96706,2024-04-27,App
C04531,North,Chandigarh,28.66717,77.17524,2024-10-12,App
C04532,South,Chennai,13.00879,77.71284,2024-11-09,App
C04533,East,Bhubaneswar,22.69374,88.32405,2024-08-12,App
C04534,East,Bhubaneswar,22.58953,88.42878,2024-07-27,App
C04535,South,Hyderabad,12.99306,77.54591,2025-01-12,Web
C04536,South,Bengaluru,12.86966,77.70949,2024-12-07,App
C04537,West,Mumbai,19.05017,72.89527,2024-11-27,App
C04538,West,Mumbai,19.10035,72.94044,2024-06-04,App
C04539,West,Mumbai,19.11642,72.84307,2025-06-10,App
C04540,West,Ahmedabad,19.01996,72.84668,2024-02-21,Web
C04541,South,Hyderabad,12.92821,77.69975,2024-11-02,App
C04542,South,Hyderabad,12.96146,77.62377,2024-01-31,App
C04543,West,Pune,18.97197,72.91708,2025-05-31,App
C04544,South,Bengaluru,13.00423,77.58294,2024-11-14,App
C04545,South,Chennai,12.81888,77.53862,2024-10-31,App
C04546,North,Delhi,28.49633,77.22095,2025-05-11,Web
C04547,North,Chandigarh,28.55577,77.10035,2024-03-22,Web
C04548,South,Hyderabad,12.94034,77.55138,2025-06-02,App
C04549,East,Patna,22.5366,88.36317,2025-07-19,App
C04550,North,Delhi,28.69277,77.32408,2024-05-02,App
C04551,North,Delhi,28.57732,77.13442,2024-06-01,App
C04552,South,Chennai,13.04025,77.58729,2024-03-19,App
C04553,South,Bengaluru,12.97357,77.65121,2024-06-03,App
C04554,East,Bhubaneswar,22.60434,88.24273,2025-03-15,App
C04555,North,Delhi,28.5313,77.26119,2024-10-21,App
C04556,North,Delhi,28.6111,77.15892,2025-08-24,App
C04557,West,Mumbai,19.0059,72.8032,2025-07-28,App
C04558,West,Mumbai,19.00807,72.8383,2024-10-30,Web
C04559,West,Mumbai,19.20813,72.86025,2025-03-04,Web
C04560,East,Kolkata,22.58821,88.42608,2024-05-15,App
C04561,West,Pune,18.96382,72.96163,2025-02-06,App
C04562,West,Pune,19.10311,72.97061,2024-06-25,App
C04563,South,Hyderabad,12.99932,77.56479,2025-01-04,App
C04564,East,Kolkata,22.59401,88.22153,2025-06-27,App
C04565,West,Ahmedabad,19.19602,72.88281,2024-03-16,App
C04566,North,Delhi,28.6133,77.21565,2024-10-04,App
C04567,North,Chandigarh,28.68318,77.20455,2024-02-10,Web
C04568,South,Chennai,12.96804,77.47538,2024-03-19,App
C04569,West,Mumbai,19.01433,72.78877,2024-12-09,App
C04570,North,Delhi,28.53897,77.03003,2024-06-22,Web
C04571,South,Hyderabad,13.01032,77.61355,2024-08-24,App
C04572,North,Jaipur,28.58512,77.05755,2025-05-09,App
C04573,South,Chennai,12.87754,77.58865,2025-04-28,App
C04574,West,Mumbai,19.18655,72.89908,2025-07-31,Web
C04575,West,Ahmedabad,19.03979,72.85407,2025-01-12,App
C04576,South,Hyderabad,12.92939,77.6881,2024-06-19,App
C04577,North,Chandigarh,28.61777,77.24522,2024-05-12,App
C04578,West,Pune,19.05604,72.94876,2025-02-24,App
C04579,North,Delhi,28.63184,77.22155,2025-04-25,App
C04580,West,Mumbai,19.06878,72.85131,2024-06-14,App
C04581,North,Jaipur,28.59637,77.15016,2024-02-21,App
C04582,East,Patna,22.59057,88.36054,2024-03-26,App
C04583,North,Jaipur,28.645,77.15928,2025-01-04,App
C04584,North,Jaipur,28.63968,77.2214,2025-08-25,App
C04585,West,Mumbai,19.13192,72.92229,2025-02-28,App
C04586,North,Jaipur,28.67396,77.24021,2024-06-13,App
C04587,North,Delhi,28.69006,77.1791,2024-04-02,Web
C04588,North,Jaipur,28.43712,77.19794,2025-03-23,Web
C04589,South,Chennai,13.04128,77.49284,2024-12-22,App
C04590,West,Mumbai,19.09983,72.8548,2025-07-04,App
C04591,South,Chennai,12.88607,77.55188,2024-05-15,App
C04592,West,Pune,19.1402,72.94173,2025-06-21,Web
C04593,South,Hyderabad,12.8779,77.5665,2025-02-09,App
C04594,South,Bengaluru,12.94349,77.55686,2024-07-19,App
C04595,East,Patna,22.65132,88.39075,2025-06-13,App
C04596,West,Pune,19.18495,72.92071,2025-03-11,Web
C04597,South,Chennai,12.90534,77.59528,2025-07-19,App
C04598,East,Patna,22.63439,88.39288,2024-03-18,App
C04599,West,Mumbai,18.99168,72.91824,2025-08-11,Web
C04600,East,Bhubaneswar,22.50116,88.32996,2025-03-01,Web
C04601,West,Mumbai,19.07314,72.7453,2024-02-09,App
C04602,West,Mumbai,19.07115,72.88321,2024-11-05,App
C04603,West,Ahmedabad,19.12969,72.97043,2025-07-29,App
C04604,South,Hyderabad,12.97178,77.59258,2025-08-13,App
C04605,West,Pune,19.12062,72.77647,2024-05-19,Web
C04606,East,Bhubaneswar,22.51037,88.31701,2025-01-24,App
C04607,East,Kolkata,22.63417,88.4468,2024-07-25,App
C04608,East,Bhubaneswar,22.55814,88.42627,2025-03-31,App
C04609,West,Ahmedabad,19.05877,72.84408,2024-12-24,Web
C04610,South,Hyderabad,13.01063,77.43013,2025-09-14,Web
C04611,South,Chennai,12.92833,77.55108,2025-06-21,Web
C04612,South,Bengaluru,12.99598,77.61303,2024-02-14,App
C04613,West,Mumbai,19.05269,72.93716,2024-11-13,App
C04614,East,Patna,22.52843,88.35425,2025-06-17,App
C04615,East,Patna,22.67052,88.33158,2024-06-06,Web
C04616,North,Jaipur,28.7682,77.27344,2024-03-15,App
C04617,South,Hyderabad,13.04741,77.62399,2024-11-04,App
C04618,South,Hyderabad,12.92046,77.57657,2024-02-24,App
C04619,North,Chandigarh,28.60974,77.14538,2024-02-18,App
C04620,East,Bhubaneswar,22.64697,88.37307,2024-02-16,App
C04621,South,Chennai,13.10113,77.46413,2025-07-21,App
C04622,West,Pune,19.08693,72.92123,2024-05-17,App
C04623,East,Patna,22.4878,88.34023,2025-01-22,Web
C04624,West,Pune,19.09449,72.87225,2025-03-31,App
C04625,North,Chandigarh,28.66822,77.08682,2025-03-18,App
C04626,East,Bhubaneswar,22.64329,88.48696,2025-10-09,App
C04627,West,Ahmedabad,19.14779,72.83289,2024-06-10,Web
C04628,West,Mumbai,19.1088,72.89454,2024-04-15,App
C04629,East,Bhubaneswar,22.56224,88.39126,2024-02-05,App
C04630,East,Bhubaneswar,22.62048,88.36182,2025-07-13,App
C04631,South,Bengaluru,12.90104,77.50967,2025-02-28,App
C04632,North,Jaipur,28.58683,77.09,2024-06-28,App
C04633,West,Mumbai,18.96727,72.92522,2025-07-23,App
C04634,East,Bhubaneswar,22.51406,88.38772,2025-03-10,Web
C04635,East,Kolkata,22.61255,88.39459,2024-06-22,App
C04636,North,Delhi,28.63401,77.15528,2025-04-01,Web
C04637,West,Mumbai,19.05244,72.90836,2025-01-28,Web
C04638,South,Hyderabad,12.95105,77.57183,2024-09-19,App
C04639,West,Ahmedabad,19.05712,73.04674,2024-11-13,App
C04640,South,Bengaluru,12.99512,77.57026,2024-01-04,App
C04641,North,Chandigarh,28.65957,77.1886,2024-02-13,App
C04642,North,Chandigarh,28.67836,77.25956,2025-09-24,App
C04643,North,Delhi,28.57234,77.20727,2024-08-11,App
C04644,North,Chandigarh,28.60888,77.33608,2025-02-06,App
C04645,South,Chennai,12.87968,77.62698,2024-03-19,App
C04646,East,Bhubaneswar,22.47814,88.30027,2025-08-24,App
C04647,South,Chennai,12.92591,77.58096,2024-02-29,App
C04648,South,Hyderabad,13.05562,77.61098,2025-01-11,App
C04649,East,Bhubaneswar,22.42106,88.32804,2025-07-03,Web
C04650,South,Hyderabad,13.0149,77.54451,2024-10-25,App
C04651,South,Chennai,12.91399,77.55798,2024-02-04,App
C04652,West,Pune,19.01836,72.8327,2025-07-18,App
C04653,South,Bengaluru,13.05078,77.55863,2024-07-25,App
C04654,East,Patna,22.62058,88.26291,2025-04-26,App
C04655,South,Bengaluru,13.03549,77.77405,2025-05-12,App
C04656,North,Chandigarh,28.57939,77.1754,2025-08-19,App
C04657,South,Bengaluru,13.03296,77.72975,2024-03-22,App
C04658,East,Kolkata,22.609,88.41985,2024-11-24,App
C04659,North,Delhi,28.64335,77.19629,2024-01-11,App
C04660,East,Bhubaneswar,22.62953,88.36334,2024-11-10,App
C04661,South,Hyderabad,12.95306,77.65731,2024-02-05,App
C04662,West,Ahmedabad,19.18169,72.86622,2024-08-15,App
C04663,East,Bhubaneswar,22.46894,88.42093,2025-01-10,App
C04664,East,Kolkata,22.58407,88.3439,2025-07-29,App
C04665,South,Chennai,12.95647,77.53666,2024-02-23,App
C04666,South,Chennai,12.95047,77.69683,2025-05-14,App
C04667,West,Mumbai,19.05555,72.95904,2024-09-27,App
C04668,South,Chennai,12.9978,77.47175,2024-01-19,App
C04669,North,Jaipur,28.61568,77.22308,2024-03-16,App
C04670,North,Delhi,28.77482,77.14453,2024-03-08,App
C04671,South,Bengaluru,12.90831,77.62086,2025-05-04,App
C04672,South,Hyderabad,12.93274,77.53985,2024-08-25,Web
C04673,East,Bhubaneswar,22.4382,88.2947,2024-10-27,App
C04674,North,Chandigarh,28.65203,77.17686,2025-05-10,App
C04675,East,Kolkata,22.55366,88.48257,2025-03-05,App
C04676,South,Hyderabad,12.8506,77.61943,2024-11-09,App
C04677,West,Pune,19.10719,72.85835,2024-06-09,App
C04678,North,Chandigarh,28.49803,77.28969,2025-08-16,App
C04679,South,Bengaluru,12.98958,77.4803,2024-05-28,App
C04680,East,Patna,22.56502,88.42276,2024-01-26,App
C04681,South,Hyderabad,12.94365,77.63709,2024-06-15,App
C04682,West,Mumbai,19.01442,72.98422,2024-01-06,App
C04683,South,Hyderabad,13.08612,77.65919,2024-09-24,App
C04684,North,Jaipur,28.60213,77.15379,2024-08-03,App
C04685,North,Delhi,28.49429,77.20087,2024-08-09,App
C04686,North,Delhi,28.60888,77.23606,2025-02-11,App
C04687,South,Hyderabad,12.94768,77.61971,2025-01-18,App
C04688,West,Mumbai,18.98567,72.84955,2024-07-23,App
C04689,South,Chennai,12.91841,77.5675,2025-10-10,App
C04690,South,Bengaluru,13.05649,77.57378,2025-02-07,App
C04691,North,Jaipur,28.55163,77.33572,2025-07-29,App
C04692,South,Hyderabad,12.93542,77.5203,2025-09-03,App
C04693,West,Pune,19.06153,72.7715,2024-02-07,App
C04694,East,Bhubaneswar,22.6716,88.326,2024-03-30,App
C04695,South,Bengaluru,12.91988,77.7244,2024-08-26,App
C04696,East,Bhubaneswar,22.58275,88.30151,2025-10-08,App
C04697,North,Jaipur,28.64306,77.06123,2024-08-08,App
C04698,North,Jaipur,28.5992,76.97242,2025-02-24,App
C04699,South,Chennai,12.93838,77.56182,2024-08-01,App
C04700,West,Mumbai,19.06823,72.79625,2025-03-25,App
C04701,East,Kolkata,22.58313,88.34008,2025-09-03,App
C04702,East,Bhubaneswar,22.57966,88.37402,2025-01-02,Web
C04703,South,Bengaluru,12.98776,77.53126,2024-08-27,App
C04704,West,Pune,19.09787,72.79442,2024-06-29,App
C04705,South,Chennai,12.96589,77.5183,2024-02-12,App
C04706,South,Hyderabad,13.12936,77.5955,2024-09-12,Web
C04707,North,Delhi,28.69208,77.25888,2025-02-18,App
C04708,East,Patna,22.59672,88.34263,2025-09-15,Web
C04709,West,Pune,19.0345,72.88294,2024-09-25,App
C04710,South,Chennai,12.93788,77.57128,2024-05-03,App
C04711,East,Bhubaneswar,22.64631,88.35649,2024-02-28,App
C04712,East,Patna,22.60436,88.39244,2025-10-02,App
C04713,West,Pune,19.12377,72.82001,2024-11-12,App
C04714,East,Patna,22.53123,88.46239,2025-08-22,App
C04715,East,Kolkata,22.58189,88.46142,2024-07-19,Web
C04716,West,Mumbai,19.13701,72.87566,2024-07-07,App
C04717,West,Ahmedabad,19.08374,72.90443,2025-09-06,App
C04718,South,Bengaluru,12.9986,77.61327,2024-06-25,App
C04719,North,Chandigarh,28.52279,77.28865,2025-08-27,App
C04720,West,Pune,19.00048,72.73037,2024-01-28,App
C04721,East,Kolkata,22.62499,88.37852,2024-12-26,App
C04722,East,Kolkata,22.43205,88.53575,2024-03-08,App
C04723,North,Jaipur,28.5623,77.14073,2024-01-24,App
C04724,West,Pune,19.06698,72.79538,2024-08-26,Web
C04725,West,Ahmedabad,19.0917,72.95956,2024-12-05,App
C04726,North,Jaipur,28.57194,77.27159,2025-09-24,Web
C04727,West,Pune,19.18269,72.92811,2025-04-25,App
C04728,South,Bengaluru,13.03975,77.59667,2025-07-31,Web
C04729,East,Patna,22.64004,88.36257,2024-12-15,App
C04730,East,Kolkata,22.5485,88.31372,2024-07-07,App
C04731,West,Pune,19.04729,72.95986,2025-04-14,App
C04732,East,Patna,22.44957,88.31042,2025-03-08,App
C04733,South,Bengaluru,13.04008,77.59509,2024-07-26,App
C04734,West,Pune,19.11059,72.8577,2025-04-20,App
C04735,South,Chennai,13.01542,77.58387,2025-01-18,App
C04736,East,Kolkata,22.52048,88.41685,2024-12-20,App
C04737,South,Bengaluru,13.01352,77.58314,2024-07-16,App
C04738,East,Bhubaneswar,22.60446,88.30303,2024-10-26,App
C04739,South,Hyderabad,13.00978,77.58021,2024-06-22,App
C04740,West,Pune,19.10487,72.85914,2025-03-16,App
C04741,South,Bengaluru,12.93238,77.5579,2024-01-06,App
C04742,North,Delhi,28.56421,77.23649,2024-01-02,App
C04743,South,Hyderabad,12.97406,77.61292,2025-01-07,App
C04744,South,Hyderabad,12.99186,77.55685,2024-06-14,App
C04745,West,Mumbai,18.95659,72.75857,2025-06-07,App
C04746,East,Patna,22.63779,88.34769,2024-04-06,App
C04747,South,Bengaluru,12.95244,77.55544,2024-12-25,App
C04748,West,Pune,19.18616,72.96063,2024-09-05,App
C04749,East,Bhubaneswar,22.50907,88.25453,2025-05-22,App
C04750,West,Ahmedabad,19.13201,73.00054,2025-09-29,Web
C04751,North,Delhi,28.69359,77.19993,2024-06-26,App
C04752,West,Mumbai,19.07379,72.82191,2025-03-27,App
C04753,West,Ahmedabad,19.00469,72.92806,2024-09-18,App
C04754,East,Kolkata,22.43795,88.40524,2025-04-16,App
C04755,East,Bhubaneswar,22.67041,88.40207,2025-05-03,Web
C04756,West,Ahmedabad,19.10428,72.91705,2024-05-14,App
C04757,South,Hyderabad,12.9485,77.51935,2025-05-21,App
C04758,East,Patna,22.68788,88.28488,2025-07-17,App
C04759,North,Chandigarh,28.64716,77.248,2025-07-18,App
C04760,North,Jaipur,28.6353,77.22059,2025-09-10,App
C04761,South,Bengaluru,12.99717,77.54148,2025-03-30,App
C04762,South,Hyderabad,12.82351,77.51119,2024-10-07,Web
C04763,North,Delhi,28.55485,77.20972,2024-01-06,App
C04764,West,Ahmedabad,19.1816,72.86296,2024-08-13,App
C04765,North,Jaipur,28.53636,77.16241,2024-07-28,App
C04766,South,Hyderabad,13.15269,77.56883,2025-09-05,App
C04767,East,Patna,22.53063,88.24164,2024-06-16,App
C04768,West,Mumbai,19.11635,72.85777,2024-08-30,App
C04769,East,Kolkata,22.69209,88.33851,2025-08-15,App
C04770,North,Chandigarh,28.6531,77.2477,2024-11-24,App
C04771,East,Patna,22.65395,88.40238,2025-08-04,App
C04772,North,Jaipur,28.6942,77.21979,2024-01-22,App
C04773,West,Mumbai,19.03466,72.78033,2025-03-13,App
C04774,West,Pune,19.1008,72.83178,2025-05-05,App
C04775,South,Bengaluru,12.83847,77.66827,2024-08-15,App
C04776,East,Patna,22.57076,88.34305,2024-05-05,Web
C04777,North,Jaipur,28.6243,77.21764,2024-05-24,App
C04778,South,Chennai,12.88145,77.72564,2025-04-08,App
C04779,East,Bhubaneswar,22.51894,88.42416,2025-06-13,App
C04780,West,Ahmedabad,19.06766,72.81459,2025-08-14,App
C04781,West,Mumbai,18.97472,72.86967,2025-08-23,App
C04782,East,Patna,22.47464,88.26945,2024-10-19,App
C04783,East,Kolkata,22.58391,88.30195,2024-11-08,Web
C04784,North,Chandigarh,28.7317,77.13356,2024-01-02,App
C04785,North,Jaipur,28.56531,77.16544,2025-04-26,App
C04786,South,Hyderabad,13.05662,77.57736,2025-04-11,App
C04787,South,Bengaluru,13.05928,77.57176,2025-09-25,App
C04788,West,Ahmedabad,18.91986,72.91038,2024-01-31,App
C04789,South,Chennai,13.00995,77.73308,2025-09-24,App
C04790,West,Pune,19.144,72.89547,2024-01-01,App
C04791,North,Delhi,28.74278,77.27391,2024-06-04,App
C04792,West,Ahmedabad,19.0647,72.757,2025-08-02,Web
C04793,West,Ahmedabad,19.04441,72.89966,2025-06-01,App
C04794,West,Pune,18.95319,72.94118,2025-02-19,App
C04795,South,Chennai,13.04251,77.56168,2024-07-17,App
C04796,South,Bengaluru,13.06828,77.5163,2025-03-20,App
C04797,South,Chennai,13.05984,77.61449,2024-02-05,Web
C04798,North,Jaipur,28.56378,77.24936,2025-04-16,App
C04799,North,Jaipur,28.5997,77.21984,2025-01-20,App
C04800,West,Ahmedabad,19.08998,72.8633,2025-05-10,App
C04801,East,Patna,22.60555,88.30713,2024-12-25,App
C04802,South,Hyderabad,12.85908,77.48109,2025-05-26,App
C04803,South,Bengaluru,13.01997,77.56097,2025-05-02,App
C04804,West,Ahmedabad,19.07082,72.92774,2024-06-19,App
C04805,South,Hyderabad,13.07758,77.54703,2024-08-30,App
C04806,South,Hyderabad,13.0398,77.67937,2024-12-11,App
C04807,South,Bengaluru,12.98629,77.55837,2025-08-03,App
C04808,West,Ahmedabad,19.12609,72.81214,2024-05-03,App
C04809,North,Chandigarh,28.60303,77.25067,2025-04-30,App
C04810,West,Pune,19.14821,72.84151,2024-06-21,App
C04811,West,Mumbai,19.14926,72.94758,2024-03-20,App
C04812,West,Mumbai,19.01263,72.8236,2025-06-04,App
C04813,South,Chennai,12.94773,77.6256,2024-05-09,Web
C04814,West,Pune,19.07476,72.77991,2025-02-11,App
C04815,South,Bengaluru,12.93965,77.63899,2024-05-31,Web
C04816,East,Patna,22.63812,88.3738,2024-11-24,App
C04817,South,Bengaluru,12.95163,77.68967,2025-01-16,App
C04818,South,Chennai,13.02038,77.64139,2025-01-22,Web
C04819,South,Hyderabad,12.93401,77.61168,2025-04-20,App
C04820,East,Kolkata,22.53598,88.35582,2024-08-21,App
C04821,South,Chennai,13.02034,77.60852,2024-11-24,Web
C04822,East,Kolkata,22.57584,88.35584,2024-05-08,App
C04823,South,Chennai,12.84625,77.41027,2025-07-01,App
C04824,East,Bhubaneswar,22.5072,88.4404,2025-01-13,App
C04825,South,Bengaluru,13.07076,77.66752,2024-06-11,App
C04826,East,Patna,22.59694,88.43622,2025-04-13,Web
C04827,North,Delhi,28.63956,77.19084,2024-01-16,App
C04828,South,Hyderabad,12.91044,77.48895,2025-04-19,App
C04829,West,Mumbai,19.10039,72.93706,2025-03-29,App
C04830,East,Patna,22.57012,88.36042,2025-09-06,App
C04831,West,Ahmedabad,19.05337,72.89047,2024-08-03,App
C04832,West,Pune,19.10907,73.01661,2024-12-01,App
C04833,South,Hyderabad,12.9874,77.4618,2024-11-26,App
C04834,South,Bengaluru,12.92203,77.63339,2025-04-22,App
C04835,North,Delhi,28.59236,77.19596,2025-09-29,Web
C04836,West,Mumbai,19.0545,72.81436,2024-04-09,App
C04837,North,Chandigarh,28.64607,77.15253,2024-07-09,App
C04838,North,Chandigarh,28.67366,77.20421,2024-03-20,App
C04839,West,Mumbai,19.04374,72.92797,2024-01-18,App
C04840,South,Chennai,12.88068,77.53188,2025-03-25,Web
C04841,East,Kolkata,22.59275,88.34257,2024-07-02,App
C04842,East,Patna,22.76492,88.28775,2025-08-29,App
C04843,North,Delhi,28.53545,77.20017,2024-11-07,App
C04844,North,Jaipur,28.56294,77.30115,2025-06-18,App
C04845,West,Mumbai,19.27128,72.87513,2024-03-02,App
C04846,North,Jaipur,28.60954,77.33814,2025-01-11,App
C04847,West,Ahmedabad,19.18833,72.91437,2024-05-25,App
C04848,North,Chandigarh,28.55102,77.105,2025-07-28,App
C04849,West,Ahmedabad,19.02429,72.89297,2024-07-05,App
C04850,East,Bhubaneswar,22.60617,88.22866,2024-12-24,App
C04851,West,Ahmedabad,18.97834,73.00054,2025-01-29,App
C04852,South,Bengaluru,12.87035,77.55372,2024-12-28,App
C04853,South,Hyderabad,12.88123,77.52933,2024-08-29,App
C04854,West,Ahmedabad,19.15569,72.80836,2025-03-17,App
C04855,South,Chennai,13.04494,77.52932,2025-06-22,App
C04856,North,Chandigarh,28.664,77.24012,2024-07-23,App
C04857,South,Chennai,12.99381,77.57814,2024-07-15,App
C04858,South,Chennai,12.8575,77.66739,2024-03-15,App
C04859,West,Mumbai,19.07657,72.80317,2025-07-16,App
C04860,North,Delhi,28.60243,77.30941,2025-03-19,App
C04861,South,Bengaluru,12.99944,77.51357,2025-09-18,Web
C04862,North,Delhi,28.60372,77.21559,2024-02-06,Web
C04863,North,Delhi,28.74358,77.13176,2024-12-11,App
C04864,East,Bhubaneswar,22.65623,88.44565,2025-06-11,App
C04865,East,Patna,22.56635,88.40699,2024-12-25,App
C04866,West,Mumbai,19.04361,72.89488,2025-01-09,App
C04867,West,Ahmedabad,18.98486,72.81653,2024-10-21,Web
C04868,South,Chennai,12.9866,77.52923,2025-09-16,App
C04869,South,Bengaluru,12.91792,77.59118,2025-04-02,App
C04870,South,Hyderabad,13.01601,77.57485,2024-07-06,Web
C04871,East,Patna,22.51712,88.49479,2025-08-12,Web
C04872,East,Patna,22.54594,88.30175,2025-03-16,App
C04873,West,Ahmedabad,19.0939,72.88877,2025-05-22,App
C04874,East,Kolkata,22.61931,88.30326,2024-12-05,App
C04875,West,Pune,19.05683,72.82525,2024-09-05,App
C04876,West,Ahmedabad,19.01403,72.85423,2024-05-06,Web
C04877,South,Hyderabad,13.08394,77.73969,2025-05-16,App
C04878,South,Hyderabad,12.98178,77.61341,2024-11-07,App
C04879,East,Kolkata,22.45963,88.37327,2025-06-02,App
C04880,West,Pune,19.12421,72.86386,2025-09-04,App
C04881,North,Delhi,28.65687,77.18721,2024-05-23,App
C04882,West,Mumbai,19.15607,72.84893,2025-09-30,App
C04883,North,Jaipur,28.55943,77.18248,2024-11-15,App
C04884,North,Delhi,28.52258,77.37824,2024-03-01,App
C04885,North,Jaipur,28.54517,77.23077,2024-03-30,App
C04886,East,Bhubaneswar,22.60149,88.38845,2024-07-22,Web
C04887,East,Bhubaneswar,22.51596,88.40412,2025-03-13,App
C04888,North,Jaipur,28.62316,77.13581,2025-01-04,Web
C04889,South,Bengaluru,13.07182,77.61663,2024-08-06,App
C04890,North,Chandigarh,28.54626,77.2178,2025-02-13,Web
C04891,South,Hyderabad,12.95699,77.60542,2024-06-05,App
C04892,West,Ahmedabad,19.12476,72.95486,2025-09-10,App
C04893,West,Pune,19.09809,73.00267,2024-11-09,App
C04894,West,Pune,19.0035,72.88149,2024-05-31,App
C04895,West,Pune,19.14093,72.83837,2024-08-16,Web
C04896,East,Kolkata,22.59729,88.43789,2024-08-24,App
C04897,North,Delhi,28.65786,77.23996,2025-01-23,App
C04898,North,Delhi,28.65902,77.16984,2024-04-15,App
C04899,North,Chandigarh,28.65734,77.12761,2025-04-20,App
C04900,East,Bhubaneswar,22.48652,88.26469,2024-01-20,App
C04901,East,Bhubaneswar,22.57718,88.32387,2024-08-07,Web
C04902,West,Mumbai,19.03117,72.84563,2024-05-13,Web
C04903,North,Chandigarh,28.64816,77.29868,2025-08-03,App
C04904,East,Kolkata,22.64808,88.48733,2025-07-18,App
C04905,West,Ahmedabad,19.04798,72.99321,2024-12-23,App
C04906,North,Chandigarh,28.64338,77.1972,2024-12-06,App
C04907,East,Kolkata,22.5268,88.43517,2024-01-01,App
C04908,North,Delhi,28.56124,77.16712,2024-11-24,App
C04909,East,Bhubaneswar,22.5707,88.41735,2024-01-01,App
C04910,West,Pune,19.07479,72.88565,2024-10-30,Web
C04911,North,Delhi,28.61757,77.26265,2024-01-25,Web
C04912,West,Ahmedabad,18.9414,72.82967,2024-06-16,App
C04913,South,Hyderabad,12.9449,77.53293,2024-10-25,App
C04914,West,Mumbai,19.04846,72.81877,2025-02-05,App
C04915,North,Chandigarh,28.55748,77.27236,2024-06-12,App
C04916,South,Hyderabad,12.90085,77.54833,2024-09-21,App
C04917,North,Delhi,28.51285,77.23451,2024-02-22,App
C04918,South,Chennai,13.00343,77.68189,2025-05-30,Web
C04919,South,Bengaluru,12.93467,77.61785,2024-09-20,App
C04920,West,Mumbai,19.03207,72.81166,2024-02-03,App
C04921,South,Hyderabad,12.96011,77.46561,2025-02-08,App
C04922,North,Delhi,28.56256,77.23029,2025-05-25,App
C04923,South,Bengaluru,12.93095,77.61561,2025-02-14,App
C04924,West,Pune,19.08292,72.86272,2024-08-31,Web
C04925,East,Kolkata,22.63367,88.30405,2025-07-24,App
C04926,West,Ahmedabad,19.04542,72.96015,2025-10-09,App
C04927,West,Ahmedabad,18.96761,72.8795,2024-07-30,App
C04928,East,Patna,22.51691,88.40773,2024-02-12,App
C04929,North,Chandigarh,28.57489,77.15828,2025-06-14,App
C04930,North,Delhi,28.5616,77.12354,2024-06-01,App
C04931,North,Delhi,28.69213,77.22413,2024-07-08,App
C04932,West,Pune,18.9651,72.83223,2025-04-15,App
C04933,West,Mumbai,19.11572,72.87045,2025-07-12,Web
C04934,West,Pune,19.11919,72.82072,2024-12-07,App
C04935,North,Jaipur,28.46625,77.22795,2025-01-27,Web
C04936,West,Pune,19.15731,72.87726,2025-09-14,App
C04937,South,Chennai,13.01804,77.62945,2024-03-07,App
C04938,North,Chandigarh,28.66185,77.24684,2025-08-06,App
C04939,North,Chandigarh,28.5288,77.12804,2025-08-06,App
C04940,South,Hyderabad,13.03875,77.57248,2024-03-18,App
C04941,South,Bengaluru,13.05206,77.50976,2025-06-13,App
C04942,East,Patna,22.46773,88.27724,2024-07-05,App
C04943,West,Pune,19.11852,72.89249,2024-09-12,Web
C04944,West,Pune,18.9341,72.86557,2025-05-20,Web
C04945,East,Kolkata,22.65162,88.34573,2024-10-13,App
C04946,East,Patna,22.52249,88.37423,2024-11-28,App
C04947,North,Delhi,28.55392,77.1877,2024-02-14,App
C04948,South,Chennai,13.04804,77.53832,2025-04-15,App
C04949,South,Hyderabad,12.99618,77.60141,2025-02-18,App
C04950,North,Delhi,28.63883,77.13432,2025-08-07,App
C04951,South,Chennai,13.0257,77.57974,2025-06-28,App
C04952,North,Chandigarh,28.59032,77.1844,2025-03-13,App
C04953,North,Chandigarh,28.66588,77.23373,2024-07-04,App
C04954,West,Pune,19.08803,72.85818,2024-01-24,Web
C04955,West,Mumbai,19.16012,72.8878,2025-09-23,App
C04956,West,Mumbai,19.2303,72.88596,2024-02-01,App
C04957,West,Pune,19.05795,72.8914,2024-03-11,App
C04958,West,Ahmedabad,19.0543,72.89295,2025-02-22,App
C04959,North,Jaipur,28.61363,77.19792,2024-09-26,App
C04960,South,Bengaluru,12.94332,77.59493,2024-06-28,App
C04961,South,Bengaluru,12.97806,77.63733,2024-11-23,Web
C04962,West,Pune,19.07953,72.90338,2024-03-24,App
C04963,North,Delhi,28.66516,77.18282,2024-08-14,App
C04964,North,Delhi,28.44948,77.17311,2024-02-06,App
C04965,North,Delhi,28.62582,77.15518,2024-05-18,App
C04966,South,Bengaluru,12.95532,77.5334,2025-01-22,App
C04967,South,Chennai,12.96485,77.63825,2024-12-30,Web
C04968,West,Mumbai,19.10076,72.83419,2024-12-10,App
C04969,North,Chandigarh,28.64411,77.17339,2024-05-12,Web
C04970,West,Pune,19.07285,72.99658,2025-01-11,Web
C04971,South,Hyderabad,13.07776,77.48677,2025-05-12,App
C04972,South,Hyderabad,12.96957,77.63035,2024-01-23,App
C04973,East,Bhubaneswar,22.57279,88.32429,2025-06-21,Web
C04974,West,Mumbai,19.14017,72.76539,2024-06-23,App
C04975,East,Kolkata,22.51071,88.32631,2025-03-21,App
C04976,North,Chandigarh,28.5416,77.28997,2025-08-23,App
C04977,South,Hyderabad,12.9275,77.60991,2024-02-16,App
C04978,East,Kolkata,22.62276,88.37442,2024-03-02,Web
C04979,South,Hyderabad,12.99091,77.65172,2025-02-19,App
C04980,East,Kolkata,22.59028,88.39261,2025-04-20,Web
C04981,South,Hyderabad,12.90433,77.63808,2024-07-02,App
C04982,North,Jaipur,28.78439,77.24087,2024-01-21,App
C04983,North,Chandigarh,28.71279,77.12687,2024-07-15,App
C04984,West,Ahmedabad,19.11993,72.96394,2025-01-12,App
C04985,East,Kolkata,22.58033,88.36317,2024-05-31,App
C04986,North,Chandigarh,28.56356,77.3684,2024-12-29,Web
C04987,West,Ahmedabad,19.10968,73.00889,2025-01-21,App
C04988,North,Jaipur,28.63245,77.22969,2025-06-21,App
C04989,South,Hyderabad,13.03549,77.71945,2024-02-28,App
C04990,South,Hyderabad,12.92532,77.51363,2025-05-18,Web
C04991,South,Chennai,13.0166,77.60897,2025-04-24,App
C04992,West,Ahmedabad,19.07637,72.95433,2025-01-07,App
C04993,East,Kolkata,22.49441,88.44447,2025-01-14,App
C04994,South,Hyderabad,12.96813,77.64449,2024-03-15,App
C04995,North,Chandigarh,28.61414,77.19336,2024-04-08,Web
C04996,North,Delhi,28.57869,77.17429,2025-09-17,App
C04997,West,Mumbai,19.16081,72.92335,2025-03-21,App
C04998,North,Delhi,28.52125,77.21198,2025-02-04,App
C04999,South,Bengaluru,12.93504,77.60269,2024-06-30,Web
C05000,East,Kolkata,22.59573,88.37678,2024-03-12,Web
C05001,North,Delhi,28.65746,77.11809,2025-02-12,App
C05002,South,Hyderabad,12.89707,77.60078,2024-07-09,App
C05003,North,Jaipur,28.70302,77.14422,2024-07-29,App
C05004,South,Hyderabad,12.87297,77.63368,2025-02-01,App
C05005,East,Bhubaneswar,22.49424,88.4047,2025-08-08,App
C05006,North,Jaipur,28.54969,77.25805,2024-07-22,App
C05007,West,Mumbai,19.05996,72.98925,2024-05-27,App
C05008,South,Hyderabad,12.97907,77.60459,2025-01-03,App
C05009,North,Jaipur,28.68803,77.12143,2025-08-30,App
C05010,West,Pune,19.01906,72.8945,2024-10-17,Web
C05011,East,Bhubaneswar,22.60674,88.38632,2025-08-13,App
C05012,South,Hyderabad,13.02541,77.60337,2025-07-20,App
C05013,North,Chandigarh,28.64498,77.24372,2024-04-12,App
C05014,South,Bengaluru,12.87936,77.613,2024-05-31,App
C05015,West,Mumbai,19.02065,72.91318,2025-09-11,App
C05016,West,Ahmedabad,19.11507,72.85828,2025-04-13,App
C05017,West,Mumbai,19.08992,72.8653,2024-07-21,App
C05018,North,Delhi,28.6304,77.29662,2024-06-19,App
C05019,South,Chennai,13.0107,77.54253,2024-12-01,App
C05020,East,Patna,22.55945,88.28218,2024-02-03,App
C05021,South,Hyderabad,12.98186,77.61179,2024-04-15,Web
C05022,South,Hyderabad,13.0567,77.63626,2025-06-10,App
C05023,South,Bengaluru,13.03319,77.59583,2024-11-24,App
C05024,South,Hyderabad,13.02373,77.66004,2024-08-09,App
C05025,South,Bengaluru,13.02856,77.58305,2024-08-14,App
C05026,East,Bhubaneswar,22.65337,88.39203,2024-10-22,App
C05027,East,Bhubaneswar,22.52773,88.4404,2024-11-13,App
C05028,West,Mumbai,19.06598,72.94252,2025-05-24,App
C05029,South,Chennai,12.87343,77.44976,2025-08-05,App
C05030,West,Mumbai,19.09555,72.99908,2024-02-29,App
C05031,South,Chennai,12.94854,77.52693,2024-12-16,App
C05032,North,Delhi,28.51312,77.21057,2024-10-11,Web
C05033,North,Jaipur,28.49572,77.26725,2024-02-21,App
C05034,East,Bhubaneswar,22.61147,88.27,2025-05-20,Web
C05035,North,Jaipur,28.56567,77.2426,2024-06-28,App
C05036,South,Hyderabad,12.93646,77.58271,2025-10-09,App
C05037,East,Patna,22.49382,88.3473,2024-02-27,App
C05038,East,Bhubaneswar,22.64675,88.36539,2025-03-27,App
C05039,West,Pune,19.05241,72.90059,2024-07-18,App
C05040,West,Mumbai,19.06717,72.84247,2024-02-28,App
C05041,West,Pune,19.00486,73.01965,2025-04-09,App
C05042,West,Mumbai,19.15264,72.87851,2024-04-17,App
C05043,West,Mumbai,19.172,72.89685,2024-01-09,App
C05044,West,Ahmedabad,19.08161,72.86742,2025-08-25,App
C05045,North,Chandigarh,28.67806,77.28889,2025-02-26,Web
C05046,East,Patna,22.56281,88.41864,2025-01-14,App
C05047,South,Chennai,13.03835,77.60657,2024-07-28,App
C05048,South,Chennai,12.95357,77.68196,2024-08-01,Web
C05049,East,Patna,22.51355,88.39876,2025-08-12,App
C05050,East,Bhubaneswar,22.55206,88.29749,2025-04-20,App
C05051,West,Pune,19.02743,72.79565,2024-12-02,App
C05052,South,Hyderabad,13.05488,77.62647,2025-08-26,App
C05053,North,Jaipur,28.65117,77.08564,2024-08-25,App
C05054,South,Hyderabad,13.05875,77.62359,2025-05-23,Web
C05055,South,Bengaluru,12.91407,77.62858,2024-06-23,App
C05056,North,Chandigarh,28.62691,77.15786,2025-05-23,App
C05057,North,Chandigarh,28.53966,77.21081,2025-03-28,App
C05058,South,Bengaluru,12.99229,77.47723,2024-06-15,Web
C05059,West,Ahmedabad,19.03031,72.8284,2024-07-19,App
C05060,North,Chandigarh,28.68799,77.15375,2024-12-14,Web
C05061,North,Jaipur,28.6706,77.27355,2025-01-30,Web
C05062,West,Mumbai,19.10626,72.84886,2024-07-28,App
C05063,South,Bengaluru,12.99228,77.62524,2025-01-24,Web
C05064,East,Bhubaneswar,22.53706,88.2664,2025-09-26,App
C05065,West,Pune,19.10449,72.78248,2024-02-03,App
C05066,West,Ahmedabad,19.09722,72.96002,2024-10-21,App
C05067,South,Hyderabad,13.02708,77.62509,2024-08-18,App
C05068,North,Chandigarh,28.57664,77.13525,2024-09-08,App
C05069,South,Hyderabad,13.03647,77.59259,2025-10-10,App
C05070,East,Patna,22.51237,88.35887,2025-10-05,App
C05071,West,Pune,19.10313,72.8394,2025-09-06,App
C05072,South,Hyderabad,12.98889,77.58695,2025-03-24,App
C05073,East,Bhubaneswar,22.46918,88.33199,2024-06-22,App
C05074,North,Jaipur,28.48201,77.18724,2024-04-30,App
C05075,West,Ahmedabad,19.11926,72.79174,2024-08-31,App
C05076,West,Pune,19.12044,72.88055,2025-07-11,App
C05077,West,Mumbai,19.16715,72.9131,2024-05-25,App
C05078,West,Mumbai,19.03056,72.71851,2025-03-24,App
C05079,East,Patna,22.56549,88.42241,2025-05-28,App
C05080,North,Delhi,28.58977,77.18099,2024-11-20,Web
C05081,North,Chandigarh,28.56699,77.27051,2024-02-07,App
C05082,North,Jaipur,28.68443,77.20362,2025-05-03,App
C05083,South,Bengaluru,13.10796,77.77636,2024-08-27,Web
C05084,East,Kolkata,22.59463,88.42821,2025-02-02,Web
C05085,South,Hyderabad,12.93384,77.60568,2024-06-26,App
C05086,West,Ahmedabad,19.0554,72.85753,2025-09-22,App
C05087,South,Chennai,12.93268,77.57926,2024-06-16,App
C05088,North,Chandigarh,28.70986,77.12909,2024-09-20,App
C05089,North,Jaipur,28.61897,77.13417,2025-08-30,App
C05090,North,Chandigarh,28.68413,77.2551,2025-04-21,App
C05091,South,Bengaluru,12.92195,77.616,2025-01-07,App
C05092,South,Bengaluru,12.95399,77.46244,2025-09-14,App
C05093,East,Bhubaneswar,22.60478,88.25799,2025-08-02,App
C05094,West,Mumbai,19.1801,72.89764,2025-02-24,App
C05095,North,Chandigarh,28.63283,77.16211,2025-02-28,App
C05096,South,Hyderabad,12.97383,77.52501,2025-04-22,App
C05097,West,Mumbai,19.09217,73.0192,2025-03-13,App
C05098,East,Patna,22.62847,88.42188,2024-12-16,App
C05099,North,Delhi,28.45435,77.16859,2024-04-20,App
C05100,North,Chandigarh,28.55793,77.28296,2025-08-26,App
C05101,South,Bengaluru,12.99411,77.78934,2024-02-16,Web
C05102,West,Pune,19.06549,72.88569,2025-10-07,App
C05103,North,Jaipur,28.59552,77.15458,2024-07-05,App
C05104,West,Pune,18.95357,72.86482,2024-11-15,App
C05105,South,Bengaluru,12.937,77.60157,2024-10-21,App
C05106,East,Bhubaneswar,22.60999,88.42744,2024-02-16,App
C05107,North,Chandigarh,28.68354,77.16632,2024-08-15,App
C05108,North,Jaipur,28.52924,77.19729,2024-06-06,App
C05109,West,Ahmedabad,19.08827,72.83742,2024-12-20,App
C05110,West,Mumbai,19.21816,72.88704,2025-01-26,App
C05111,South,Hyderabad,13.03625,77.64267,2024-01-10,App
C05112,North,Chandigarh,28.5987,77.17692,2025-08-16,Web
C05113,East,Bhubaneswar,22.56069,88.30612,2025-06-25,App
C05114,South,Bengaluru,12.88535,77.55572,2025-04-16,App
C05115,East,Bhubaneswar,22.57032,88.4587,2024-01-17,App
C05116,West,Ahmedabad,19.20512,72.84191,2025-01-29,App
C05117,South,Bengaluru,12.99182,77.62721,2025-05-19,App
C05118,East,Patna,22.55297,88.42116,2025-06-09,App
C05119,South,Chennai,13.03815,77.6294,2024-12-24,Web
C05120,South,Bengaluru,12.95556,77.54253,2025-06-12,App
C05121,North,Delhi,28.65751,77.15968,2025-06-13,Web
C05122,South,Bengaluru,12.93859,77.60856,2025-01-28,App
C05123,West,Ahmedabad,18.98061,72.92028,2024-09-24,Web
C05124,North,Chandigarh,28.61762,77.16865,2025-02-28,App
C05125,East,Patna,22.56964,88.37183,2025-01-07,Web
C05126,East,Kolkata,22.48195,88.36948,2025-01-19,App
C05127,East,Bhubaneswar,22.62237,88.30018,2024-01-12,App
C05128,South,Chennai,12.84208,77.54994,2025-09-26,Web
C05129,North,Jaipur,28.62082,77.30279,2024-09-30,App
C05130,South,Chennai,12.87172,77.6495,2024-11-09,App
C05131,West,Pune,19.07665,73.02375,2024-09-02,Web
C05132,North,Jaipur,28.50828,77.28435,2024-01-20,App
C05133,North,Delhi,28.58756,77.23007,2025-06-18,App
C05134,East,Bhubaneswar,22.59444,88.43047,2024-11-19,App
C05135,West,Pune,19.06817,72.84699,2025-03-25,Web
C05136,East,Patna,22.65847,88.41759,2024-12-28,App
C05137,West,Mumbai,19.1,72.81161,2024-01-22,Web
C05138,West,Ahmedabad,19.0891,72.72464,2024-05-08,App
C05139,North,Delhi,28.55599,77.25899,2025-04-30,Web
C05140,West,Pune,19.07434,72.93107,2024-09-29,App
C05141,North,Delhi,28.57575,77.32391,2024-08-23,App
C05142,West,Pune,19.08381,72.82915,2024-04-23,App
C05143,South,Chennai,12.95395,77.53433,2024-06-17,App
C05144,North,Delhi,28.65215,77.17508,2025-05-27,Web
C05145,West,Ahmedabad,19.17178,72.8098,2024-07-01,App
C05146,North,Chandigarh,28.65421,77.28068,2025-09-10,App
C05147,North,Jaipur,28.66752,77.21124,2024-02-07,App
C05148,East,Bhubaneswar,22.61225,88.34817,2025-02-14,App
C05149,North,Delhi,28.53117,77.28632,2025-01-13,Web
C05150,South,Hyderabad,13.02997,77.51592,2024-07-26,App
C05151,North,Delhi,28.55483,77.15003,2025-07-09,App
C05152,West,Ahmedabad,19.08517,72.87264,2024-06-06,App
C05153,East,Patna,22.61466,88.34855,2025-09-12,App
C05154,South,Hyderabad,13.00266,77.58136,2024-05-07,App
C05155,West,Mumbai,19.16607,72.91879,2025-09-09,App
C05156,East,Bhubaneswar,22.63194,88.34838,2025-05-16,Web
C05157,North,Delhi,28.71418,77.28999,2025-01-17,App
C05158,North,Jaipur,28.66457,77.15145,2024-03-01,App
C05159,North,Chandigarh,28.56576,77.08667,2024-08-12,App
C05160,North,Delhi,28.64208,77.23729,2024-01-22,App
C05161,West,Ahmedabad,19.00909,72.82882,2025-06-10,App
C05162,East,Patna,22.61832,88.39044,2024-02-26,App
C05163,North,Chandigarh,28.58444,77.18889,2024-09-22,Web
C05164,North,Chandigarh,28.60503,77.23667,2024-11-14,App
C05165,East,Patna,22.49974,88.32184,2024-09-25,App
C05166,West,Ahmedabad,19.07623,72.84103,2025-05-03,App
C05167,West,Ahmedabad,19.16515,72.93169,2024-12-26,App
C05168,North,Delhi,28.69669,77.1157,2025-08-09,App
C05169,East,Patna,22.50846,88.24731,2024-03-18,Web
C05170,South,Hyderabad,12.86334,77.63104,2024-12-05,App
C05171,South,Chennai,12.96906,77.52933,2024-05-21,App
C05172,North,Chandigarh,28.64893,77.27306,2025-10-07,App
C05173,West,Ahmedabad,19.02143,72.92524,2024-12-17,App
C05174,South,Hyderabad,12.99294,77.6026,2025-02-04,App
C05175,South,Hyderabad,12.96171,77.59208,2024-06-15,Web
C05176,East,Bhubaneswar,22.56916,88.36729,2024-03-10,Web
C05177,North,Chandigarh,28.49801,77.21085,2024-05-03,Web
C05178,North,Delhi,28.55782,77.23957,2024-10-26,App
C05179,North,Delhi,28.64134,77.31203,2025-09-05,Web
C05180,South,Hyderabad,13.01994,77.56804,2024-10-12,App
C05181,North,Delhi,28.69622,77.26813,2024-01-28,Web
C05182,South,Hyderabad,12.93476,77.69711,2024-10-20,Web
C05183,South,Bengaluru,12.94642,77.64644,2024-02-22,Web
C05184,South,Bengaluru,12.82984,77.60728,2025-03-04,Web
C05185,South,Hyderabad,13.0968,77.58833,2024-03-22,App
C05186,North,Chandigarh,28.52694,77.19647,2024-11-24,App
C05187,North,Chandigarh,28.48806,77.21615,2025-05-29,App
C05188,West,Pune,18.98893,72.93066,2025-05-08,App
C05189,West,Ahmedabad,19.13531,72.87368,2024-07-04,App
C05190,South,Bengaluru,12.93666,77.52784,2025-05-20,App
C05191,North,Jaipur,28.56804,77.08008,2025-07-12,App
C05192,East,Kolkata,22.55777,88.331,2024-09-10,App
C05193,East,Patna,22.59951,88.31905,2025-08-09,App
C05194,South,Hyderabad,13.05911,77.58318,2024-10-28,App
C05195,East,Bhubaneswar,22.56627,88.3752,2024-03-11,App
C05196,North,Delhi,28.59189,77.15694,2024-05-04,Web
C05197,South,Bengaluru,12.92261,77.66272,2024-03-02,Web
C05198,North,Jaipur,28.59323,77.29199,2025-04-04,App
C05199,East,Kolkata,22.72856,88.29901,2024-05-24,App
C05200,North,Jaipur,28.48508,77.29342,2025-07-29,Web
C05201,West,Pune,19.12332,72.83514,2025-02-24,App
C05202,West,Pune,19.01265,72.97208,2024-02-21,App
C05203,East,Patna,22.58972,88.41248,2024-03-01,App
C05204,West,Mumbai,18.94502,72.89751,2024-02-08,App
C05205,East,Patna,22.52369,88.35341,2024-07-30,App
C05206,South,Bengaluru,12.95576,77.63927,2024-07-21,Web
C05207,South,Hyderabad,12.88885,77.62917,2024-08-30,App
C05208,West,Pune,19.08052,72.94677,2024-11-14,App
C05209,South,Hyderabad,13.01328,77.67822,2024-05-21,Web
C05210,North,Chandigarh,28.58496,77.23413,2024-10-31,App
C05211,West,Mumbai,19.13769,72.90188,2024-10-07,App
C05212,South,Chennai,12.86941,77.65866,2025-05-16,Web
C05213,West,Ahmedabad,19.03215,72.79758,2024-07-05,App
C05214,East,Bhubaneswar,22.45739,88.35476,2025-10-09,App
C05215,East,Patna,22.60965,88.30824,2024-02-06,App
C05216,East,Kolkata,22.58163,88.40293,2025-03-17,Web
C05217,North,Chandigarh,28.67345,77.16995,2025-04-29,App
C05218,West,Pune,19.14693,72.90511,2024-10-04,App
C05219,North,Delhi,28.55824,77.1644,2024-05-29,App
C05220,West,Mumbai,19.04766,72.88129,2024-12-01,App
C05221,North,Delhi,28.64889,77.26063,2024-06-15,App
C05222,North,Delhi,28.69059,77.23812,2025-01-29,App
C05223,South,Chennai,12.99114,77.60111,2024-07-10,App
C05224,West,Mumbai,19.0808,72.87352,2024-12-21,Web
C05225,North,Delhi,28.63582,77.17075,2024-01-07,App
C05226,South,Bengaluru,12.92227,77.49709,2025-08-23,App
C05227,North,Delhi,28.5807,77.24709,2024-10-31,App
C05228,West,Pune,19.05469,72.74907,2024-05-05,App
C05229,South,Bengaluru,13.06725,77.53428,2025-10-11,App
C05230,West,Mumbai,18.99911,72.84838,2025-01-08,App
C05231,South,Hyderabad,12.89747,77.54684,2024-11-03,App
C05232,South,Chennai,12.87863,77.56756,2024-09-05,Web
C05233,North,Jaipur,28.56713,77.16802,2025-04-04,App
C05234,West,Mumbai,19.16063,72.99921,2025-08-30,App
C05235,West,Ahmedabad,19.19634,72.88002,2025-06-01,Web
C05236,West,Pune,19.01666,72.87117,2025-03-14,Web
C05237,West,Ahmedabad,19.16871,72.87785,2024-04-08,App
C05238,East,Kolkata,22.56455,88.35395,2024-09-08,App
C05239,West,Mumbai,19.16832,73.04845,2025-09-02,App
C05240,South,Bengaluru,13.01607,77.52008,2025-08-03,App
C05241,East,Patna,22.54272,88.32424,2024-01-09,App
C05242,North,Jaipur,28.64159,77.16768,2025-10-08,App
C05243,East,Kolkata,22.5883,88.30142,2025-03-19,App
C05244,North,Jaipur,28.67315,77.1778,2025-01-27,Web
C05245,North,Jaipur,28.61917,77.1533,2025-08-07,App
C05246,West,Mumbai,19.04387,72.69668,2025-06-26,App
C05247,South,Bengaluru,12.93113,77.54107,2025-06-22,Web
C05248,South,Bengaluru,13.1224,77.65749,2024-01-02,App
C05249,North,Delhi,28.55671,77.23969,2025-03-28,Web
C05250,East,Kolkata,22.4952,88.42244,2025-03-11,App
C05251,West,Mumbai,19.04539,72.97801,2025-06-29,App
C05252,South,Bengaluru,12.97041,77.55574,2025-01-17,App
C05253,East,Bhubaneswar,22.51977,88.38257,2024-06-19,App
C05254,South,Chennai,13.00649,77.55913,2024-07-27,Web
C05255,North,Delhi,28.59555,77.13871,2025-01-03,Web
C05256,North,Delhi,28.60898,77.17725,2024-11-12,Web
C05257,South,Hyderabad,13.01194,77.52909,2024-08-21,App
C05258,South,Bengaluru,12.97414,77.48898,2024-06-09,App
C05259,West,Mumbai,19.09087,72.90791,2024-09-14,App
C05260,North,Jaipur,28.63759,77.23095,2024-08-21,App
C05261,North,Chandigarh,28.56922,77.15924,2024-06-26,App
C05262,South,Bengaluru,12.97658,77.56774,2024-08-20,App
C05263,East,Bhubaneswar,22.42064,88.3931,2025-03-24,App
C05264,West,Pune,19.02049,72.89927,2024-05-22,App
C05265,East,Bhubaneswar,22.60878,88.44389,2025-06-30,App
C05266,East,Bhubaneswar,22.66951,88.33978,2025-08-29,App
C05267,South,Chennai,13.04205,77.55913,2024-03-08,App
C05268,West,Mumbai,19.23919,72.86616,2024-08-16,App
C05269,East,Kolkata,22.56937,88.3667,2025-05-01,App
C05270,North,Delhi,28.6252,77.23642,2025-07-29,App
C05271,West,Pune,19.07708,72.83871,2025-05-22,App
C05272,North,Delhi,28.60088,77.21469,2024-03-01,App
C05273,North,Delhi,28.70855,77.19968,2025-08-12,App
C05274,West,Ahmedabad,18.995,72.87135,2024-09-18,App
C05275,South,Bengaluru,12.96511,77.54353,2024-06-06,App
C05276,West,Ahmedabad,19.00465,72.87264,2025-06-26,Web
C05277,North,Chandigarh,28.67331,77.21819,2024-09-07,App
C05278,West,Ahmedabad,19.09843,73.00076,2024-09-30,App
C05279,South,Chennai,12.93517,77.6315,2025-02-27,Web
C05280,North,Jaipur,28.69241,77.11485,2024-08-31,App
C05281,East,Bhubaneswar,22.6484,88.43711,2024-03-19,App
C05282,West,Pune,18.94795,72.88868,2024-11-24,App
C05283,South,Chennai,12.93643,77.71626,2024-11-26,Web
C05284,West,Ahmedabad,19.14587,72.88962,2025-09-17,App
C05285,East,Patna,22.64808,88.29104,2025-05-25,App
C05286,West,Pune,18.99092,72.92253,2024-04-24,App
C05287,West,Pune,19.14958,72.97617,2024-05-14,App
C05288,West,Ahmedabad,19.03317,72.79633,2024-09-15,App
C05289,North,Jaipur,28.6608,77.27775,2025-08-21,App
C05290,North,Chandigarh,28.62646,77.29691,2025-05-25,App
C05291,South,Hyderabad,12.97519,77.44767,2025-05-29,App
C05292,West,Mumbai,19.13096,72.95553,2024-02-17,Web
C05293,East,Patna,22.58443,88.24474,2024-01-29,App
C05294,West,Ahmedabad,19.01148,72.9441,2024-05-23,App
C05295,West,Mumbai,19.11748,72.86733,2025-01-14,App
C05296,North,Delhi,28.59934,77.23484,2024-07-28,App
C05297,North,Delhi,28.75129,77.12573,2025-09-15,App
C05298,East,Bhubaneswar,22.50701,88.31985,2025-02-26,App
C05299,South,Chennai,13.01473,77.48676,2025-04-19,App
C05300,West,Pune,18.95852,72.89605,2025-08-09,App
C05301,North,Jaipur,28.55592,77.11805,2024-10-21,App
C05302,East,Patna,22.7311,88.32069,2024-10-15,App
C05303,West,Pune,19.13523,72.9942,2025-02-06,App
C05304,South,Bengaluru,12.93131,77.62127,2025-05-15,App
C05305,North,Delhi,28.60829,77.30428,2024-08-15,App
C05306,North,Jaipur,28.59462,77.10077,2024-09-18,App
C05307,South,Chennai,12.96993,77.59132,2025-02-20,App
C05308,West,Ahmedabad,18.92509,72.76867,2025-09-02,App
C05309,East,Patna,22.63202,88.3919,2025-10-05,App
C05310,South,Hyderabad,12.90764,77.67221,2025-03-04,App
C05311,North,Delhi,28.50717,77.14733,2025-04-13,App
C05312,South,Bengaluru,13.02058,77.65039,2024-03-28,App
C05313,North,Delhi,28.59638,77.19919,2024-01-08,App
C05314,North,Chandigarh,28.62573,77.214,2024-12-07,App
C05315,East,Bhubaneswar,22.67454,88.38986,2025-07-13,App
C05316,West,Pune,19.09363,72.88132,2025-03-27,App
C05317,North,Chandigarh,28.57301,77.16482,2024-12-26,App
C05318,East,Bhubaneswar,22.47454,88.24317,2024-07-30,Web
C05319,South,Bengaluru,12.87174,77.61161,2025-05-27,App
C05320,South,Bengaluru,12.9287,77.6582,2025-05-05,Web
C05321,West,Mumbai,19.02016,72.83835,2025-06-04,App
C05322,East,Kolkata,22.59769,88.44177,2024-12-13,Web
C05323,North,Delhi,28.63887,77.2227,2024-08-08,App
C05324,West,Pune,19.03552,72.92046,2025-03-14,App
C05325,South,Hyderabad,13.10052,77.61351,2025-06-26,App
C05326,North,Chandigarh,28.60122,77.28151,2025-05-24,App
C05327,South,Bengaluru,12.90836,77.47267,2024-12-15,App
C05328,East,Kolkata,22.55486,88.27549,2024-04-18,App
C05329,South,Chennai,12.95715,77.66019,2025-03-18,App
C05330,East,Patna,22.48316,88.42297,2025-09-11,Web
C05331,West,Pune,19.05503,72.79728,2025-04-09,App
C05332,East,Patna,22.53488,88.38467,2025-01-19,App
C05333,West,Pune,19.09523,72.94499,2025-05-12,Web
C05334,East,Bhubaneswar,22.58723,88.39435,2024-08-27,App
C05335,North,Chandigarh,28.56757,77.17785,2024-10-27,App
C05336,East,Bhubaneswar,22.54127,88.38625,2024-10-09,Web
C05337,North,Chandigarh,28.53018,77.22267,2024-01-20,App
C05338,North,Jaipur,28.55416,77.15715,2024-03-05,App
C05339,North,Jaipur,28.60423,77.38348,2025-04-07,App
C05340,West,Mumbai,19.06725,72.89007,2025-01-04,App
C05341,West,Mumbai,19.08201,72.88666,2025-08-25,App
C05342,North,Chandigarh,28.50521,77.24271,2024-08-24,App
C05343,West,Ahmedabad,19.01972,72.89209,2024-08-29,App
C05344,West,Ahmedabad,19.05138,72.84674,2025-07-29,App
C05345,North,Delhi,28.6475,77.15622,2025-07-01,App
C05346,East,Bhubaneswar,22.61628,88.46531,2024-11-02,App
C05347,West,Ahmedabad,19.1356,72.73161,2025-01-07,Web
C05348,West,Mumbai,19.1587,72.89072,2025-08-30,App
C05349,East,Bhubaneswar,22.66402,88.4186,2024-08-29,App
C05350,East,Patna,22.59144,88.3278,2024-01-27,App
C05351,East,Bhubaneswar,22.60986,88.35319,2025-08-17,App
C05352,East,Bhubaneswar,22.58229,88.40632,2024-02-26,App
C05353,South,Chennai,12.98421,77.5631,2024-07-04,App
C05354,East,Bhubaneswar,22.5958,88.31719,2025-08-09,App
C05355,West,Ahmedabad,18.95232,72.88482,2025-06-26,App
C05356,West,Pune,19.05112,72.84909,2025-01-08,App
C05357,East,Patna,22.57427,88.29557,2024-04-29,Web
C05358,East,Bhubaneswar,22.5399,88.37283,2024-12-15,App
C05359,North,Delhi,28.71025,77.0699,2025-06-21,App
C05360,East,Bhubaneswar,22.59782,88.37031,2024-02-15,App
C05361,North,Jaipur,28.58235,77.29914,2025-04-20,App
C05362,East,Bhubaneswar,22.49149,88.46195,2025-03-20,App
C05363,North,Jaipur,28.59444,77.30539,2025-04-23,App
C05364,East,Patna,22.65083,88.3225,2024-06-18,App
C05365,North,Delhi,28.65533,77.31008,2024-06-28,App
C05366,South,Bengaluru,12.88658,77.61481,2024-12-06,App
C05367,North,Jaipur,28.72463,77.22364,2024-05-22,App
C05368,North,Jaipur,28.64202,77.21802,2024-04-16,App
C05369,East,Kolkata,22.5757,88.40975,2024-09-10,App
C05370,West,Ahmedabad,19.09521,72.97769,2025-06-28,App
C05371,North,Chandigarh,28.55449,77.14761,2024-11-02,App
C05372,West,Mumbai,19.02435,72.90635,2025-10-11,App
C05373,North,Chandigarh,28.64504,77.20805,2024-07-14,App
C05374,East,Kolkata,22.47591,88.29025,2024-09-10,App
C05375,South,Bengaluru,12.94481,77.53108,2025-02-21,Web
C05376,North,Jaipur,28.61046,77.20745,2024-09-09,App
C05377,East,Kolkata,22.5017,88.33065,2025-05-08,Web
C05378,North,Chandigarh,28.52413,77.14741,2024-01-04,App
C05379,West,Pune,19.1134,72.92936,2025-03-14,App
C05380,South,Hyderabad,12.95068,77.48075,2025-09-20,Web
C05381,West,Pune,19.13935,73.03252,2025-09-09,App
C05382,East,Kolkata,22.48975,88.40278,2024-08-02,App
C05383,East,Kolkata,22.74497,88.34495,2024-06-11,App
C05384,East,Kolkata,22.56876,88.26609,2024-07-09,App
C05385,West,Pune,19.10892,72.92297,2025-10-11,App
C05386,South,Chennai,12.97931,77.57393,2024-09-03,App
C05387,West,Pune,19.12542,72.80974,2025-03-27,App
C05388,East,Patna,22.52246,88.33714,2025-02-16,App
C05389,South,Bengaluru,13.00917,77.62333,2024-03-31,App
C05390,North,Chandigarh,28.62124,77.24958,2024-07-04,App
C05391,North,Chandigarh,28.63238,77.15764,2025-05-12,Web
C05392,East,Kolkata,22.43053,88.41638,2024-07-08,App
C05393,South,Hyderabad,13.06307,77.57319,2024-09-01,Web
C05394,West,Mumbai,19.04551,72.92449,2025-04-21,App
C05395,South,Bengaluru,12.9587,77.46625,2024-09-17,App
C05396,East,Patna,22.66833,88.42386,2025-08-03,App
C05397,East,Bhubaneswar,22.55201,88.38956,2024-10-25,App
C05398,North,Chandigarh,28.55803,77.28493,2025-04-25,App
C05399,West,Ahmedabad,19.01602,72.80961,2024-03-26,App
C05400,North,Chandigarh,28.62089,77.19852,2025-09-25,App
C05401,East,Patna,22.62153,88.45403,2025-01-11,App
C05402,West,Ahmedabad,19.00439,72.91182,2024-06-19,App
C05403,West,Ahmedabad,19.10629,72.84842,2025-08-02,App
C05404,West,Mumbai,18.96017,72.8079,2025-03-30,Web
C05405,West,Ahmedabad,19.06116,72.83745,2024-07-03,App
C05406,West,Pune,18.96023,72.75702,2025-01-12,Web
C05407,North,Jaipur,28.51091,77.34988,2025-08-10,App
C05408,East,Bhubaneswar,22.5345,88.37774,2025-04-26,App
C05409,East,Patna,22.72181,88.38458,2024-05-28,App
C05410,South,Chennai,12.97885,77.56531,2024-03-30,App
C05411,South,Bengaluru,12.89944,77.55196,2024-07-04,App
C05412,North,Delhi,28.54016,77.21611,2025-04-10,App
C05413,West,Pune,19.03343,72.83383,2024-06-14,App
C05414,West,Pune,19.05271,72.87713,2024-05-18,App
C05415,West,Pune,19.00665,72.772,2024-04-07,App
C05416,East,Kolkata,22.55354,88.38423,2024-03-20,App
C05417,West,Pune,19.11514,72.93491,2024-07-09,Web
C05418,South,Chennai,13.05788,77.52419,2025-03-10,App
C05419,North,Chandigarh,28.68714,77.23876,2024-06-09,App
C05420,West,Mumbai,19.06934,72.78405,2024-04-26,App
C05421,West,Pune,19.05672,72.91466,2025-05-26,App
C05422,West,Mumbai,19.06828,72.80963,2024-09-10,App
C05423,North,Delhi,28.63835,77.24449,2024-12-03,Web
C05424,North,Chandigarh,28.54003,77.14075,2025-07-28,App
C05425,West,Ahmedabad,19.12315,72.89245,2024-12-31,App
C05426,South,Chennai,12.90562,77.59749,2024-06-17,App
C05427,South,Hyderabad,12.98327,77.71217,2025-08-01,App
C05428,South,Bengaluru,12.92204,77.50782,2025-09-05,App
C05429,South,Hyderabad,13.04947,77.71266,2025-09-13,App
C05430,North,Jaipur,28.61528,77.21981,2024-11-26,App
C05431,North,Jaipur,28.58974,77.16919,2025-09-07,App
C05432,West,Pune,19.05041,72.91372,2025-06-05,App
C05433,South,Chennai,12.97502,77.61194,2024-12-19,Web
C05434,South,Chennai,13.04866,77.59011,2024-11-09,App
C05435,East,Bhubaneswar,22.61129,88.41573,2024-02-27,App
C05436,East,Bhubaneswar,22.61583,88.38032,2025-06-05,App
C05437,West,Mumbai,19.12421,72.81054,2025-07-23,App
C05438,West,Pune,18.99135,72.87834,2024-04-23,App
C05439,West,Ahmedabad,19.10311,72.92522,2024-04-10,Web
C05440,West,Pune,19.08819,72.74787,2025-06-18,App
C05441,South,Chennai,12.9909,77.60241,2024-11-14,App
C05442,East,Kolkata,22.5625,88.40851,2025-04-17,App
C05443,North,Delhi,28.5826,77.20783,2024-04-20,App
C05444,West,Pune,19.11128,72.81405,2024-09-22,App
C05445,North,Jaipur,28.5965,77.23784,2025-01-07,App
C05446,South,Chennai,12.9575,77.66106,2024-01-07,App
C05447,North,Jaipur,28.52091,77.34932,2024-11-24,App
C05448,South,Hyderabad,12.91762,77.54385,2025-03-03,App
C05449,West,Ahmedabad,18.98892,72.8352,2024-03-24,App
C05450,West,Mumbai,19.02811,72.92229,2025-03-01,App
C05451,West,Mumbai,19.063,72.90689,2025-09-30,App
C05452,South,Chennai,12.98175,77.56552,2025-07-27,Web
C05453,North,Jaipur,28.60432,77.25703,2024-06-01,App
C05454,West,Ahmedabad,19.11149,72.82862,2025-07-04,Web
C05455,North,Jaipur,28.69058,77.25746,2024-06-13,App
C05456,North,Chandigarh,28.66262,77.39864,2024-10-05,App
C05457,East,Bhubaneswar,22.49143,88.44908,2024-11-24,App
C05458,South,Bengaluru,13.07187,77.60296,2025-05-09,App
C05459,West,Pune,19.08181,72.90354,2024-04-22,App
C05460,West,Pune,19.11953,72.84346,2025-05-11,App
C05461,South,Hyderabad,12.9473,77.69212,2024-11-03,App
C05462,West,Pune,19.06879,72.97054,2024-04-15,App
C05463,West,Pune,19.24079,72.86814,2024-07-03,Web
C05464,South,Chennai,12.8886,77.56779,2025-09-08,App
C05465,West,Pune,19.0252,72.85243,2025-08-10,App
C05466,West,Mumbai,18.96926,72.82039,2025-03-18,App
C05467,North,Delhi,28.66039,77.11853,2024-03-30,Web
C05468,South,Bengaluru,12.93371,77.64718,2025-07-12,App
C05469,South,Chennai,13.01855,77.73331,2025-02-17,App
C05470,South,Hyderabad,13.04213,77.5622,2024-09-26,App
C05471,East,Kolkata,22.60523,88.44265,2024-07-26,App
C05472,East,Bhubaneswar,22.70725,88.35955,2025-02-28,App
C05473,West,Ahmedabad,19.03812,72.85164,2024-03-12,App
C05474,West,Mumbai,19.05224,72.93896,2024-10-19,App
C05475,North,Jaipur,28.51416,77.2169,2024-09-27,App
C05476,East,Patna,22.50677,88.29046,2024-04-24,App
C05477,South,Bengaluru,12.97883,77.64924,2024-12-28,App
C05478,East,Kolkata,22.61926,88.29084,2025-04-05,App
C05479,West,Ahmedabad,18.99281,72.87158,2025-03-09,Web
C05480,North,Delhi,28.53585,77.20804,2025-06-28,Web
C05481,West,Pune,19.08765,72.90625,2024-02-14,App
C05482,West,Mumbai,19.07233,72.83987,2025-06-18,App
C05483,North,Jaipur,28.62241,77.22987,2024-08-22,App
C05484,West,Ahmedabad,19.00677,72.90347,2024-10-18,App
C05485,South,Hyderabad,12.98914,77.50546,2024-08-12,App
C05486,East,Patna,22.48515,88.32259,2025-06-19,App
C05487,North,Chandigarh,28.64756,77.13899,2025-03-04,App
C05488,North,Jaipur,28.51291,77.28185,2025-04-29,App
C05489,East,Bhubaneswar,22.52953,88.37712,2024-09-05,App
C05490,North,Delhi,28.60639,77.19232,2024-05-06,Web
C05491,North,Jaipur,28.6837,77.2727,2024-09-21,App
C05492,North,Delhi,28.54597,77.34816,2025-05-28,App
C05493,North,Jaipur,28.66928,77.22353,2024-04-07,Web
C05494,South,Chennai,12.90793,77.61268,2025-05-22,App
C05495,West,Pune,19.0669,72.87601,2024-10-17,App
C05496,North,Chandigarh,28.65705,77.19693,2025-05-12,App
C05497,South,Hyderabad,13.03147,77.64418,2025-03-02,App
C05498,East,Patna,22.63119,88.34672,2024-07-17,App
C05499,West,Ahmedabad,19.05066,72.84358,2024-04-27,App
C05500,South,Bengaluru,12.97359,77.48385,2024-11-29,App
C05501,East,Patna,22.62809,88.35722,2024-01-11,Web
C05502,South,Chennai,12.91982,77.51724,2024-12-08,App
C05503,South,Bengaluru,12.99814,77.62754,2025-09-24,App
C05504,South,Chennai,13.10325,77.69364,2025-03-17,App
C05505,West,Ahmedabad,19.14535,72.99136,2024-01-02,Web
C05506,North,Chandigarh,28.62395,77.23742,2025-10-04,App
C05507,East,Patna,22.68163,88.31953,2024-08-03,App
C05508,North,Jaipur,28.66457,77.15895,2025-07-10,Web
C05509,West,Pune,19.10284,72.82429,2024-07-26,App
C05510,South,Hyderabad,12.84537,77.53876,2024-08-29,App
C05511,West,Ahmedabad,19.11459,72.858,2024-02-09,App
C05512,South,Hyderabad,13.03439,77.65777,2025-02-11,App
C05513,North,Jaipur,28.57913,77.25198,2024-10-11,App
C05514,West,Ahmedabad,19.00494,73.00457,2024-05-02,App
C05515,West,Ahmedabad,19.09573,72.89703,2025-02-14,App
C05516,South,Hyderabad,12.96124,77.59635,2024-12-24,App
C05517,North,Jaipur,28.71938,77.3266,2025-05-31,App
C05518,North,Delhi,28.56003,77.17953,2024-05-01,App
C05519,West,Pune,19.10612,72.74171,2024-02-09,App
C05520,East,Patna,22.58089,88.36931,2025-07-22,App
C05521,East,Bhubaneswar,22.63154,88.42373,2024-09-14,Web
C05522,West,Mumbai,19.12524,72.85496,2025-01-02,Web
C05523,North,Jaipur,28.61322,77.1757,2024-01-02,App
C05524,West,Pune,19.00775,72.83999,2024-08-08,App
C05525,West,Pune,19.01389,72.89408,2025-08-15,App
C05526,South,Hyderabad,12.94173,77.58819,2024-07-14,Web
C05527,North,Delhi,28.53895,77.25218,2024-05-28,App
C05528,South,Chennai,13.05091,77.69961,2025-03-26,App
C05529,East,Bhubaneswar,22.58927,88.29858,2025-07-19,App
C05530,West,Mumbai,19.12003,72.9911,2024-11-13,Web
C05531,East,Bhubaneswar,22.55219,88.25055,2024-12-13,App
C05532,East,Bhubaneswar,22.57881,88.31658,2025-05-29,App
C05533,West,Ahmedabad,19.12978,72.9132,2025-02-15,App
C05534,West,Pune,19.05562,72.90748,2025-08-24,App
C05535,East,Bhubaneswar,22.7115,88.26864,2024-07-16,App
C05536,South,Bengaluru,12.97332,77.50261,2024-05-31,App
C05537,South,Bengaluru,12.97102,77.66317,2025-07-07,App
C05538,South,Hyderabad,12.98334,77.6706,2025-01-12,App
C05539,North,Chandigarh,28.69457,77.23348,2025-08-20,App
C05540,East,Kolkata,22.52969,88.36354,2025-03-03,App
C05541,East,Patna,22.4884,88.40279,2025-05-08,App
C05542,East,Kolkata,22.64031,88.33014,2024-08-27,Web
C05543,West,Pune,19.08671,72.81169,2024-07-19,App
C05544,West,Mumbai,19.0988,72.84649,2025-04-26,App
C05545,West,Ahmedabad,18.96721,72.85212,2024-03-11,App
C05546,East,Kolkata,22.60647,88.26196,2024-05-20,Web
C05547,South,Bengaluru,12.95366,77.49238,2024-05-03,App
C05548,West,Mumbai,19.08337,72.75291,2024-06-05,Web
C05549,North,Jaipur,28.68924,77.18229,2024-05-30,App
C05550,South,Bengaluru,12.92705,77.59585,2025-10-03,Web
C05551,North,Delhi,28.74557,77.12996,2025-04-12,App
C05552,East,Bhubaneswar,22.54184,88.45776,2024-01-10,App
C05553,West,Pune,19.10742,72.99318,2024-10-13,App
C05554,East,Bhubaneswar,22.53049,88.28328,2024-05-09,Web
C05555,South,Bengaluru,13.0639,77.61391,2024-03-17,App
C05556,South,Hyderabad,12.98471,77.62465,2024-04-19,App
C05557,North,Chandigarh,28.59722,77.20753,2024-12-15,App
C05558,South,Bengaluru,12.93945,77.73621,2025-08-13,App
C05559,West,Ahmedabad,19.13098,72.9128,2025-04-07,App
C05560,West,Mumbai,19.22711,72.91397,2024-04-14,App
C05561,East,Bhubaneswar,22.65994,88.37528,2024-02-13,App
C05562,West,Mumbai,19.07283,72.88437,2024-10-05,App
C05563,West,Pune,19.11992,72.92756,2025-05-24,App
C05564,North,Chandigarh,28.65337,77.2067,2024-10-28,App
C05565,East,Patna,22.49943,88.39135,2025-01-24,App
C05566,North,Jaipur,28.62678,77.12129,2025-08-07,App
C05567,South,Bengaluru,13.10356,77.6146,2025-07-01,App
C05568,West,Pune,18.99576,72.90338,2025-06-23,App
C05569,West,Mumbai,19.08909,72.81668,2025-04-05,Web
C05570,South,Bengaluru,12.92858,77.56325,2025-04-01,App
C05571,North,Chandigarh,28.5584,77.32159,2024-06-12,App
C05572,South,Hyderabad,12.92729,77.63836,2025-09-24,App
C05573,East,Patna,22.49002,88.36104,2024-12-18,App
C05574,East,Patna,22.5565,88.36861,2024-11-12,App
C05575,South,Hyderabad,13.09361,77.60842,2025-10-11,Web
C05576,West,Pune,19.05656,72.92491,2024-06-29,App
C05577,South,Chennai,12.92753,77.67056,2025-03-27,Web
C05578,North,Delhi,28.75956,77.08785,2025-09-04,App
C05579,East,Kolkata,22.57261,88.34567,2024-03-06,App
C05580,North,Jaipur,28.54528,77.21901,2024-04-17,App
C05581,North,Delhi,28.60906,77.22001,2025-08-29,App
C05582,South,Chennai,13.03789,77.67369,2024-04-02,App
C05583,North,Delhi,28.70232,77.31346,2025-03-14,App
C05584,East,Kolkata,22.54813,88.42925,2024-10-07,App
C05585,North,Jaipur,28.62462,77.1785,2024-11-18,App
C05586,North,Jaipur,28.55362,77.20743,2024-02-27,Web
C05587,North,Chandigarh,28.62901,77.15028,2024-09-27,App
C05588,East,Patna,22.66405,88.24716,2024-09-01,App
C05589,South,Chennai,13.01083,77.61653,2025-07-01,App
C05590,South,Chennai,12.95752,77.57184,2025-06-11,App
C05591,West,Mumbai,19.18148,72.89319,2025-06-07,App
C05592,West,Pune,19.09416,72.80657,2025-04-28,App
C05593,West,Mumbai,18.97218,72.89409,2025-09-08,App
C05594,West,Ahmedabad,18.99096,72.93781,2024-12-17,App
C05595,East,Bhubaneswar,22.53412,88.36412,2024-09-14,Web
C05596,West,Ahmedabad,19.07037,72.7589,2024-02-21,App
C05597,East,Patna,22.59787,88.42848,2025-08-10,App
C05598,North,Chandigarh,28.71204,77.24438,2024-04-11,App
C05599,East,Patna,22.46392,88.39311,2024-01-10,App
C05600,West,Pune,19.09464,72.86968,2025-07-11,App
C05601,South,Chennai,12.93752,77.63534,2025-04-13,App
C05602,West,Pune,19.06565,72.84732,2025-05-04,App
C05603,South,Bengaluru,12.84828,77.53445,2025-03-03,App
C05604,North,Chandigarh,28.71333,77.14391,2025-04-29,App
C05605,South,Hyderabad,12.97362,77.55254,2024-10-10,App
C05606,South,Hyderabad,12.91637,77.54564,2024-01-08,App
C05607,West,Ahmedabad,19.07388,73.04247,2024-03-04,App
C05608,North,Delhi,28.58099,77.15474,2024-07-11,App
C05609,West,Ahmedabad,19.09049,72.9087,2025-03-08,App
C05610,North,Delhi,28.62574,77.2268,2025-04-23,App
C05611,South,Hyderabad,12.91387,77.6151,2024-02-21,App
C05612,West,Mumbai,19.09221,72.92973,2025-09-03,App
C05613,East,Kolkata,22.6149,88.43031,2025-09-25,App
C05614,North,Delhi,28.57204,77.26506,2024-08-19,App
C05615,West,Pune,19.09004,72.88535,2025-08-23,Web
C05616,West,Mumbai,19.08563,72.78369,2024-09-12,Web
C05617,North,Jaipur,28.55616,77.17978,2024-08-15,App
C05618,North,Delhi,28.63802,77.14919,2024-03-25,App
C05619,East,Bhubaneswar,22.63054,88.40931,2024-01-25,App
C05620,North,Jaipur,28.65074,77.1033,2025-04-23,App
C05621,East,Patna,22.54803,88.37807,2024-07-03,App
C05622,West,Pune,19.05209,72.89228,2025-07-10,Web
C05623,North,Delhi,28.65358,77.25728,2024-06-09,App
C05624,South,Hyderabad,12.96043,77.58995,2024-06-12,App
C05625,East,Kolkata,22.61359,88.28733,2024-02-16,App
C05626,East,Bhubaneswar,22.54964,88.45717,2024-01-22,Web
C05627,South,Chennai,12.84303,77.59071,2025-05-10,App
C05628,South,Bengaluru,12.88794,77.54227,2025-03-14,App
C05629,South,Hyderabad,12.93976,77.64322,2025-01-28,App
C05630,North,Jaipur,28.61266,77.11713,2024-01-22,App
C05631,South,Bengaluru,12.93754,77.51844,2025-02-07,App
C05632,East,Patna,22.61825,88.33071,2024-11-13,App
C05633,East,Kolkata,22.53345,88.48654,2025-01-01,App
C05634,North,Jaipur,28.54279,77.07923,2024-07-06,App
C05635,West,Pune,19.12704,72.89378,2025-05-17,App
C05636,West,Pune,19.18246,72.9707,2025-02-23,App
C05637,West,Ahmedabad,19.00294,72.87298,2024-05-11,App
C05638,East,Kolkata,22.43672,88.36829,2025-01-06,App
C05639,North,Jaipur,28.56996,77.14175,2024-01-30,App
C05640,North,Jaipur,28.66557,77.13138,2024-05-17,App
C05641,North,Delhi,28.59587,77.28295,2025-03-30,App
C05642,West,Mumbai,19.003,72.9085,2024-12-26,App
C05643,North,Chandigarh,28.64736,77.27224,2025-05-13,Web
C05644,North,Jaipur,28.6952,77.26467,2025-01-08,App
C05645,North,Chandigarh,28.60022,77.1869,2024-02-15,Web
C05646,North,Chandigarh,28.67959,77.15128,2024-11-04,App
C05647,South,Bengaluru,13.03124,77.55387,2024-07-08,App
C05648,North,Delhi,28.52514,77.33125,2025-04-02,App
C05649,South,Chennai,13.0095,77.57555,2025-04-21,Web
C05650,South,Hyderabad,13.0622,77.49384,2024-01-31,App
C05651,North,Delhi,28.60606,77.22346,2024-08-19,App
C05652,West,Pune,19.03986,72.96742,2024-08-09,App
C05653,West,Pune,19.07931,72.84793,2024-06-24,App
C05654,South,Bengaluru,13.03609,77.58766,2024-04-22,App
C05655,North,Jaipur,28.60526,77.15223,2024-02-04,App
C05656,West,Ahmedabad,19.1048,72.7878,2025-08-31,App
C05657,South,Hyderabad,13.05456,77.53488,2025-07-04,App
C05658,North,Delhi,28.73513,77.26575,2025-02-19,Web
C05659,North,Delhi,28.62426,77.21848,2025-04-12,App
C05660,South,Hyderabad,12.95128,77.73295,2025-08-08,App
C05661,South,Chennai,12.9789,77.56067,2025-02-11,App
C05662,East,Kolkata,22.64143,88.30702,2025-08-04,App
C05663,North,Chandigarh,28.60025,77.12482,2025-04-02,App
C05664,South,Bengaluru,12.96663,77.65603,2024-09-05,App
C05665,South,Bengaluru,13.03552,77.63944,2025-08-26,App
C05666,South,Chennai,12.95444,77.5182,2025-09-05,Web
C05667,East,Kolkata,22.59724,88.28178,2024-11-22,App
C05668,West,Mumbai,19.19614,72.92255,2024-01-27,App
C05669,North,Chandigarh,28.54814,77.3332,2025-05-24,App
C05670,East,Patna,22.54397,88.35035,2025-02-08,App
C05671,North,Delhi,28.67279,77.13436,2025-06-02,App
C05672,South,Bengaluru,13.07835,77.63807,2024-05-16,App
C05673,North,Delhi,28.51773,77.13676,2024-03-23,App
C05674,North,Jaipur,28.62614,77.1404,2025-05-27,Web
C05675,South,Bengaluru,13.00959,77.62003,2025-07-07,App
C05676,South,Chennai,13.02345,77.58305,2024-11-07,App
C05677,West,Ahmedabad,19.01817,72.81825,2024-05-14,App
C05678,South,Hyderabad,12.89946,77.60806,2024-07-26,App
C05679,North,Chandigarh,28.65327,77.25767,2025-09-05,Web
C05680,East,Bhubaneswar,22.61903,88.45939,2024-04-13,App
C05681,East,Patna,22.56307,88.35313,2024-05-28,Web
C05682,South,Hyderabad,12.87107,77.61189,2024-01-31,App
C05683,West,Ahmedabad,19.06086,72.86457,2024-11-11,App
C05684,North,Chandigarh,28.63574,77.22011,2024-07-21,App
C05685,West,Mumbai,19.02735,72.88687,2024-01-18,App
C05686,North,Chandigarh,28.55958,77.17991,2025-07-02,App
C05687,West,Ahmedabad,19.0985,72.94089,2025-06-13,Web
C05688,East,Patna,22.51197,88.29594,2025-08-19,Web
C05689,East,Bhubaneswar,22.50404,88.33225,2024-12-09,App
C05690,West,Mumbai,19.05721,72.85307,2025-07-31,Web
C05691,East,Kolkata,22.53601,88.31966,2025-09-17,App
C05692,North,Jaipur,28.53646,77.1683,2024-11-09,App
C05693,North,Chandigarh,28.44717,77.20655,2024-12-17,App
C05694,East,Bhubaneswar,22.59241,88.3204,2025-01-11,App
C05695,East,Patna,22.56582,88.39976,2025-08-11,App
C05696,East,Kolkata,22.64687,88.27546,2024-02-20,App
C05697,East,Patna,22.57305,88.39101,2025-09-21,App
C05698,West,Mumbai,19.1262,72.8578,2024-04-14,Web
C05699,West,Ahmedabad,19.15407,72.87231,2025-10-09,App
C05700,South,Bengaluru,13.00003,77.48886,2024-07-07,App
C05701,East,Patna,22.64358,88.37192,2024-06-27,App
C05702,West,Mumbai,19.08189,72.79918,2024-09-01,App
C05703,South,Chennai,12.90601,77.49053,2025-09-02,App
C05704,South,Bengaluru,13.11433,77.45493,2024-06-15,App
C05705,East,Patna,22.55005,88.41311,2024-02-17,App
C05706,West,Unknown,19.09044,72.88915,2025-05-04,App
C05707,North,Jaipur,28.65417,77.29968,2024-02-13,App
C05708,North,Delhi,28.6447,77.17334,2025-02-24,App
C05709,East,Patna,22.53329,88.3793,2024-02-26,Web
C05710,West,Pune,19.20106,72.83905,2025-03-06,Web
C05711,East,Bhubaneswar,22.6704,88.37184,2024-02-20,App
C05712,East,Bhubaneswar,22.5629,88.3936,2024-12-24,App
C05713,South,Chennai,13.05341,77.58304,2024-07-15,App
C05714,East,Patna,22.60835,88.34648,2025-05-14,Web
C05715,West,Mumbai,18.96738,72.87588,2024-08-05,App
C05716,West,Pune,19.06508,72.92528,2025-05-17,App
C05717,East,Bhubaneswar,22.47966,88.40638,2025-08-12,App
C05718,South,Bengaluru,12.91397,77.47309,2024-03-15,App
C05719,South,Hyderabad,12.99713,77.55651,2025-10-08,Web
C05720,West,Ahmedabad,19.12845,72.85653,2024-05-24,App
C05721,South,Chennai,12.97749,77.48606,2025-09-29,App
C05722,East,Kolkata,22.49095,88.31723,2025-09-14,App
C05723,North,Chandigarh,28.6034,77.31945,2024-04-10,App
C05724,South,Bengaluru,12.99292,77.62117,2025-06-08,App
C05725,South,Bengaluru,13.01384,77.64892,2024-09-30,Web
C05726,North,Chandigarh,28.59881,77.28172,2024-07-22,App
C05727,East,Patna,22.59781,88.51395,2024-04-19,App
C05728,South,Hyderabad,12.92986,77.62177,2025-02-25,App
C05729,West,Mumbai,19.03417,73.00388,2024-05-16,App
C05730,East,Kolkata,22.54945,88.34269,2024-05-12,Web
C05731,East,Kolkata,22.5278,88.43999,2024-12-24,App
C05732,North,Jaipur,28.55294,77.14862,2025-08-10,Web
C05733,West,Ahmedabad,19.15991,73.03581,2024-02-22,App
C05734,South,Hyderabad,13.05424,77.58315,2024-03-19,App
C05735,East,Kolkata,22.62689,88.49922,2024-11-18,App
C05736,West,Pune,19.09108,72.84113,2024-03-14,App
C05737,North,Chandigarh,28.6602,77.16869,2024-09-06,App
C05738,West,Pune,19.18893,72.88843,2024-09-07,App
C05739,North,Chandigarh,28.62329,77.14754,2024-03-16,App
C05740,North,Chandigarh,28.56427,77.38968,2025-04-20,App
C05741,North,Jaipur,28.73338,77.33585,2024-03-15,App
C05742,East,Patna,22.59028,88.41746,2025-04-23,App
C05743,North,Chandigarh,28.60996,77.26977,2025-08-01,App
C05744,South,Hyderabad,12.97058,77.54462,2024-06-27,Web
C05745,South,Bengaluru,13.06527,77.53355,2024-04-12,App
C05746,East,Bhubaneswar,22.52229,88.37704,2025-07-22,Web
C05747,West,Unknown,19.13053,72.89144,2025-01-24,App
C05748,South,Bengaluru,13.03447,77.5695,2024-01-10,Web
C05749,West,Ahmedabad,18.99621,72.89268,2024-01-21,App
C05750,East,Patna,22.55645,88.41538,2024-02-09,App
C05751,East,Patna,22.51561,88.28913,2025-06-16,App
C05752,East,Kolkata,22.58098,88.36268,2024-02-14,Web
C05753,West,Mumbai,19.01241,72.87385,2024-07-11,App
C05754,West,Mumbai,19.22997,72.81993,2024-03-29,App
C05755,North,Delhi,28.47346,77.29663,2025-02-07,App
C05756,East,Patna,22.36467,88.27751,2024-12-19,App
C05757,West,Pune,19.0018,72.7909,2024-08-06,App
C05758,South,Bengaluru,13.07575,77.61104,2024-05-28,App
C05759,South,Bengaluru,13.02841,77.56192,2024-02-16,App
C05760,North,Jaipur,28.63582,77.35552,2024-05-23,App
C05761,East,Bhubaneswar,22.5344,88.25234,2024-06-08,App
C05762,North,Chandigarh,28.61602,77.24247,2025-09-30,App
C05763,West,Ahmedabad,19.13509,72.86244,2024-01-13,App
C05764,West,Mumbai,19.06037,72.89186,2024-02-16,App
C05765,East,Kolkata,22.68586,88.30245,2024-09-28,App
C05766,South,Bengaluru,12.85594,77.63724,2024-06-12,App
C05767,South,Chennai,13.06324,77.58573,2024-09-02,App
C05768,South,Hyderabad,13.08011,77.54078,2024-08-07,App
C05769,West,Unknown,19.05283,72.93453,2024-09-15,Web
C05770,West,Ahmedabad,19.13185,72.79452,2024-09-04,App
C05771,West,Mumbai,19.13671,72.95337,2024-06-27,App
C05772,North,Jaipur,28.72323,77.22883,2025-09-20,App
C05773,South,Hyderabad,12.89173,77.54158,2025-05-05,App
C05774,South,Chennai,13.04,77.5417,2024-10-17,App
C05775,North,Jaipur,28.62987,77.1596,2024-11-02,App
C05776,South,Hyderabad,12.98379,77.58225,2024-03-06,App
C05777,East,Patna,22.61138,88.33058,2024-11-16,App
C05778,South,Chennai,12.82789,77.59526,2025-09-07,App
C05779,East,Kolkata,22.50002,88.24928,2024-12-21,App
C05780,East,Kolkata,22.58488,88.31733,2025-01-01,App
C05781,East,Patna,22.61033,88.30117,2025-04-22,App
C05782,East,Bhubaneswar,22.543,88.35514,2024-12-30,App
C05783,North,Delhi,28.4987,77.24023,2024-03-22,Web
C05784,East,Kolkata,22.59378,88.3912,2025-09-09,App
C05785,North,Chandigarh,28.63039,77.1236,2024-08-30,Web
C05786,North,Chandigarh,28.69485,77.2554,2024-06-14,App
C05787,North,Delhi,28.70417,77.10222,2025-02-13,App
C05788,North,Chandigarh,28.57655,77.12243,2024-08-15,App
C05789,North,Chandigarh,28.54446,77.05427,2025-03-23,App
C05790,South,Bengaluru,12.85961,77.54639,2025-07-03,App
C05791,North,Delhi,28.57646,77.11605,2025-05-16,App
C05792,East,Bhubaneswar,22.59643,88.34712,2024-07-19,Web
C05793,South,Bengaluru,12.87568,77.70577,2025-10-02,App
C05794,North,Jaipur,28.59071,77.19028,2024-03-29,App
C05795,West,Mumbai,19.04513,72.77575,2024-03-10,App
C05796,North,Delhi,28.69495,77.24101,2024-10-27,Web
C05797,North,Chandigarh,28.70251,77.22066,2024-04-07,App
C05798,North,Jaipur,28.57904,77.15839,2024-12-31,App
C05799,West,Pune,19.15965,72.93766,2024-07-20,App
C05800,West,Mumbai,19.16891,73.00914,2025-06-28,App
C05801,West,Ahmedabad,19.27251,72.88155,2024-04-12,App
C05802,West,Mumbai,19.15565,73.0157,2024-12-08,Web
C05803,North,Chandigarh,28.54704,77.13219,2025-02-12,App
C05804,West,Pune,19.01817,72.91574,2025-07-01,App
C05805,North,Delhi,28.5846,77.25419,2024-09-10,App
C05806,North,Jaipur,28.66363,77.25304,2024-04-05,App
C05807,North,Chandigarh,28.68922,77.16925,2024-11-25,App
C05808,East,Bhubaneswar,22.53927,88.35225,2024-01-19,App
C05809,East,Bhubaneswar,22.59407,88.34781,2024-05-28,App
C05810,South,Hyderabad,13.11019,77.66117,2025-04-21,Web
C05811,North,Delhi,28.64713,77.20682,2024-08-10,Web
C05812,West,Pune,19.16015,72.92253,2025-05-15,App
C05813,East,Kolkata,22.55824,88.39641,2025-08-16,App
C05814,West,Ahmedabad,19.00904,72.83744,2024-04-29,App
C05815,West,Pune,19.11242,72.75218,2024-07-23,App
C05816,West,Mumbai,19.16226,72.94485,2025-09-19,App
C05817,North,Jaipur,28.61964,77.37081,2024-01-15,App
C05818,West,Pune,19.01905,72.82498,2025-04-05,Web
C05819,West,Mumbai,19.07103,72.88842,2024-07-11,App
C05820,North,Chandigarh,28.78121,77.19274,2025-07-26,App
C05821,South,Bengaluru,13.04832,77.66302,2024-08-15,Web
C05822,West,Pune,19.09741,72.88827,2024-02-25,App
C05823,West,Mumbai,19.04659,72.93795,2024-01-23,App
C05824,South,Bengaluru,12.87437,77.59151,2025-02-10,Web
C05825,North,Jaipur,28.7105,77.13689,2024-11-10,App
C05826,West,Ahmedabad,19.02406,72.97106,2024-09-01,App
C05827,North,Jaipur,28.56063,77.29879,2024-11-01,Web
C05828,South,Hyderabad,12.86625,77.57414,2025-06-20,Web
C05829,South,Bengaluru,12.99148,77.56637,2025-05-18,App
C05830,South,Chennai,12.9991,77.62361,2024-03-13,App
C05831,West,Ahmedabad,19.00432,72.87117,2024-03-29,Web
C05832,South,Bengaluru,12.94735,77.5093,2025-04-28,App
C05833,West,Ahmedabad,19.10851,72.87135,2025-06-02,Web
C05834,West,Pune,19.00883,72.93339,2024-04-14,App
C05835,West,Ahmedabad,19.08032,72.89918,2024-12-29,App
C05836,East,Patna,22.62026,88.22925,2025-06-26,App
C05837,West,Ahmedabad,19.23152,72.83205,2024-04-05,App
C05838,North,Delhi,28.64934,77.18575,2024-12-18,App
C05839,West,Pune,18.95109,72.94825,2024-02-21,App
C05840,West,Pune,19.02393,72.89462,2024-04-14,App
C05841,West,Mumbai,19.02966,72.85716,2024-12-30,App
C05842,West,Ahmedabad,19.21754,72.8505,2024-07-23,App
C05843,North,Jaipur,28.62521,77.19059,2024-05-11,App
C05844,East,Bhubaneswar,22.4906,88.33957,2025-04-08,App
C05845,East,Kolkata,22.58361,88.46245,2025-02-25,App
C05846,North,Jaipur,28.73379,77.28117,2025-03-20,App
C05847,East,Patna,22.57829,88.40942,2024-01-25,Web
C05848,West,Mumbai,19.09108,72.80327,2024-10-27,App
C05849,West,Ahmedabad,19.12177,72.99476,2025-09-10,App
C05850,East,Patna,22.61424,88.25925,2025-08-05,App
C05851,East,Bhubaneswar,22.62835,88.29607,2024-09-27,App
C05852,West,Mumbai,18.99458,72.88124,2025-09-19,App
C05853,North,Chandigarh,28.68707,77.31155,2024-03-02,App
C05854,North,Chandigarh,28.57715,77.21077,2025-09-10,App
C05855,North,Chandigarh,28.63346,77.14956,2025-05-17,Web
C05856,North,Jaipur,28.63806,77.27537,2024-01-18,App
C05857,West,Pune,19.11467,72.91641,2025-05-01,App
C05858,South,Hyderabad,12.87297,77.54503,2025-03-07,App
C05859,South,Bengaluru,13.00813,77.47724,2025-04-29,App
C05860,North,Delhi,28.63173,77.24269,2024-12-23,App
C05861,North,Delhi,28.73535,77.30552,2024-01-13,App
C05862,South,Bengaluru,12.96528,77.76553,2024-03-15,App
C05863,North,Delhi,28.60687,77.23584,2025-07-28,App
C05864,West,Ahmedabad,19.0649,72.83498,2025-02-20,App
C05865,South,Bengaluru,12.89191,77.62208,2024-07-19,App
C05866,East,Kolkata,22.65895,88.3681,2024-11-03,App
C05867,South,Bengaluru,12.97559,77.49194,2025-05-27,App
C05868,South,Hyderabad,13.0028,77.67543,2024-07-31,App
C05869,North,Jaipur,28.63618,77.19853,2025-09-21,Web
C05870,East,Bhubaneswar,22.6057,88.36286,2024-08-24,App
C05871,South,Chennai,12.9217,77.58339,2024-07-13,App
C05872,East,Patna,22.44761,88.40142,2025-07-01,App
C05873,West,Mumbai,19.05229,72.71718,2025-06-17,Web
C05874,North,Delhi,28.70799,77.24835,2024-02-24,App
C05875,South,Chennai,12.84998,77.63911,2025-07-15,App
C05876,North,Jaipur,28.61216,77.20092,2025-04-23,App
C05877,North,Delhi,28.64185,77.29143,2025-08-06,App
C05878,North,Chandigarh,28.61046,77.18501,2024-05-24,App
C05879,West,Pune,19.12862,72.92983,2024-01-18,App
C05880,North,Jaipur,28.62205,77.29498,2025-02-16,Web
C05881,South,Bengaluru,12.93914,77.49212,2024-08-25,App
C05882,West,Ahmedabad,19.12131,73.00254,2024-05-31,App
C05883,East,Bhubaneswar,22.56461,88.34841,2025-06-22,App
C05884,East,Patna,22.59273,88.20436,2024-10-22,App
C05885,North,Jaipur,28.61908,77.15584,2025-01-28,App
C05886,West,Ahmedabad,19.13302,72.85498,2025-05-20,App
C05887,East,Kolkata,22.6251,88.23676,2024-02-14,App
C05888,West,Pune,19.09984,73.01781,2025-04-10,App
C05889,West,Ahmedabad,18.98419,72.84895,2025-07-21,App
C05890,East,Kolkata,22.58294,88.33467,2025-10-03,App
C05891,West,Pune,19.02439,72.76916,2024-08-16,App
C05892,South,Chennai,13.04495,77.4716,2025-07-16,App
C05893,East,Patna,22.68015,88.41034,2024-08-20,Web
C05894,West,Ahmedabad,19.08213,72.86513,2024-10-17,App
C05895,South,Chennai,12.89724,77.64591,2024-02-20,App
C05896,North,Jaipur,28.70072,77.16227,2025-04-06,App
C05897,East,Bhubaneswar,22.53621,88.25121,2024-03-12,App
C05898,North,Jaipur,28.5563,77.33367,2024-12-08,App
C05899,South,Bengaluru,12.96075,77.5481,2024-04-22,App
C05900,East,Bhubaneswar,22.52712,88.40137,2024-01-03,App
C05901,North,Delhi,28.61969,77.21098,2024-01-28,App
C05902,South,Chennai,12.85066,77.7164,2024-10-31,Web
C05903,South,Bengaluru,12.89998,77.63733,2025-05-14,App
C05904,South,Chennai,13.03108,77.46492,2025-08-10,App
C05905,North,Chandigarh,28.55467,77.16346,2025-01-07,App
C05906,East,Kolkata,22.63432,88.41036,2024-06-14,App
C05907,West,Pune,18.90354,72.97986,2024-08-25,App
C05908,South,Bengaluru,12.9849,77.59011,2024-08-23,Web
C05909,East,Patna,22.52155,88.30946,2024-11-17,App
C05910,West,Ahmedabad,19.16376,72.89497,2025-07-13,App
C05911,East,Kolkata,22.59479,88.42411,2025-02-24,App
C05912,North,Jaipur,28.63531,77.12534,2025-02-14,App
C05913,East,Kolkata,22.60316,88.42208,2025-05-06,App
C05914,West,Ahmedabad,19.11605,72.76756,2025-09-20,App
C05915,East,Bhubaneswar,22.55604,88.3501,2024-06-22,App
C05916,North,Chandigarh,28.62863,77.26114,2024-10-12,App
C05917,North,Chandigarh,28.71874,77.25053,2024-05-08,App
C05918,West,Mumbai,19.06341,72.89184,2024-12-30,App
C05919,South,Hyderabad,12.92242,77.53444,2025-01-09,App
C05920,West,Mumbai,19.00496,72.91367,2024-12-14,App
C05921,North,Chandigarh,28.60068,77.24862,2025-08-16,App
C05922,West,Pune,19.16174,72.93772,2025-10-03,App
C05923,West,Pune,19.10559,72.98162,2024-09-14,App
C05924,East,Kolkata,22.58515,88.41668,2025-09-08,Web
C05925,North,Chandigarh,28.6016,77.14528,2024-04-14,Web
C05926,North,Delhi,28.59914,77.21204,2024-08-21,App
C05927,West,Mumbai,19.05718,72.81932,2025-01-22,App
C05928,East,Kolkata,22.57183,88.36616,2025-04-25,App
C05929,South,Hyderabad,13.07819,77.62584,2024-01-05,Web
C05930,West,Ahmedabad,19.08111,72.94875,2024-08-14,App
C05931,South,Bengaluru,12.98698,77.5697,2025-08-29,App
C05932,West,Mumbai,19.09714,72.85897,2024-05-02,App
C05933,South,Chennai,12.87051,77.55383,2024-02-25,App
C05934,West,Mumbai,18.99745,72.91969,2024-06-18,App
C05935,South,Chennai,12.9376,77.64101,2025-04-19,App
C05936,East,Kolkata,22.49578,88.27981,2024-09-27,App
C05937,North,Jaipur,28.62774,77.24138,2024-03-08,App
C05938,North,Chandigarh,28.63423,77.2903,2025-01-15,Web
C05939,West,Mumbai,19.17045,72.94007,2025-08-15,App
C05940,South,Bengaluru,12.94826,77.72466,2024-09-18,App
C05941,South,Bengaluru,13.12776,77.71227,2025-06-03,App
C05942,West,Mumbai,19.06196,72.88133,2025-08-21,App
C05943,North,Chandigarh,28.62291,77.15084,2025-05-02,App
C05944,West,Mumbai,19.13032,72.84803,2025-03-27,App
C05945,East,Kolkata,22.51118,88.22869,2024-10-04,App
C05946,East,Kolkata,22.51658,88.40683,2025-05-13,App
C05947,East,Kolkata,22.5506,88.34211,2024-02-27,App
C05948,South,Hyderabad,12.94149,77.5751,2024-11-19,Web
C05949,East,Kolkata,22.63742,88.37206,2024-06-14,App
C05950,North,Chandigarh,28.61112,77.12785,2025-07-19,App
C05951,South,Chennai,12.97256,77.65866,2024-08-08,App
C05952,West,Ahmedabad,19.09999,72.7517,2025-06-09,App
C05953,East,Kolkata,22.55277,88.21066,2024-02-04,Web
C05954,West,Mumbai,19.17234,72.82187,2024-07-28,App
C05955,East,Bhubaneswar,22.66375,88.43439,2024-01-26,App
C05956,South,Bengaluru,13.00133,77.63164,2024-04-04,App
C05957,North,Chandigarh,28.64896,77.12016,2024-02-02,App
C05958,South,Chennai,12.92862,77.61598,2024-12-19,App
C05959,South,Bengaluru,12.90012,77.61312,2025-07-20,App
C05960,West,Ahmedabad,19.07295,72.79787,2024-12-01,App
C05961,South,Bengaluru,13.03736,77.61324,2025-04-10,Web
C05962,South,Bengaluru,12.84542,77.68194,2025-01-13,App
C05963,North,Jaipur,28.61077,77.22555,2024-03-10,App
C05964,North,Jaipur,28.65462,77.36312,2024-08-14,App
C05965,South,Hyderabad,12.87615,77.55568,2025-04-07,Web
C05966,North,Jaipur,28.70918,77.14797,2024-09-30,Web
C05967,West,Pune,19.11515,72.9269,2025-09-26,Web
C05968,South,Hyderabad,12.97524,77.71492,2025-04-09,App
C05969,East,Patna,22.51615,88.41386,2025-04-29,App
C05970,South,Hyderabad,12.92782,77.56094,2025-09-03,App
C05971,East,Patna,22.60176,88.31801,2024-01-21,App
C05972,North,Delhi,28.64407,77.12433,2024-12-02,App
C05973,West,Mumbai,19.04909,72.93382,2025-04-26,App
C05974,East,Patna,22.46759,88.33646,2025-08-14,App
C05975,South,Bengaluru,13.02989,77.53156,2025-07-01,Web
C05976,West,Pune,19.08843,72.81193,2024-04-14,App
C05977,West,Mumbai,18.94061,72.93528,2024-10-31,App
C05978,South,Hyderabad,12.90075,77.56472,2025-04-07,App
C05979,South,Chennai,13.01333,77.56483,2025-03-24,App
C05980,South,Chennai,12.91169,77.59153,2024-07-14,App
C05981,West,Mumbai,18.98869,72.76773,2024-10-19,App
C05982,South,Bengaluru,13.04211,77.59308,2024-08-01,App
C05983,South,Chennai,12.96538,77.60683,2024-12-01,Web
C05984,East,Bhubaneswar,22.50452,88.40425,2025-08-20,App
C05985,South,Bengaluru,13.0096,77.64337,2024-05-01,Web
C05986,West,Mumbai,19.09027,72.97578,2025-02-01,App
C05987,East,Kolkata,22.61474,88.37347,2025-07-01,App
C05988,South,Bengaluru,13.0468,77.69285,2025-09-12,Web
C05989,North,Unknown,28.6333,77.18483,2024-03-08,App
C05990,North,Jaipur,28.65414,77.05522,2024-10-15,App
C05991,North,Chandigarh,28.53868,77.22299,2024-02-15,App
C05992,South,Chennai,12.92562,77.63396,2025-07-12,App
C05993,East,Kolkata,22.5678,88.42153,2025-03-08,App
C05994,South,Bengaluru,13.00101,77.64032,2025-04-14,App
C05995,South,Hyderabad,13.01573,77.56895,2024-05-14,Web
C05996,West,Mumbai,19.05371,72.80218,2025-02-20,App
C05997,South,Hyderabad,12.92486,77.61728,2025-01-11,App
C05998,North,Chandigarh,28.63716,77.21943,2025-04-29,App
C05999,East,Bhubaneswar,22.53967,88.20709,2024-03-02,App
C06000,East,Bhubaneswar,22.58551,88.41597,2025-05-30,App
C06001,South,Chennai,12.86158,77.53191,2025-05-25,App
C06002,North,Chandigarh,28.57779,77.30139,2025-01-17,App
C06003,South,Chennai,13.01623,77.57722,2025-01-07,App
C06004,East,Bhubaneswar,22.55098,88.40205,2025-01-23,App
C06005,North,Jaipur,28.64498,77.20482,2024-12-10,Web
C06006,West,Ahmedabad,19.04821,72.938,2025-04-23,App
C06007,East,Bhubaneswar,22.48779,88.3783,2024-02-01,App
C06008,South,Chennai,12.87285,77.47305,2024-04-09,Web
C06009,South,Chennai,12.97328,77.58416,2024-09-14,App
C06010,South,Bengaluru,13.09404,77.68611,2024-08-13,App
C06011,South,Hyderabad,12.99031,77.58869,2024-12-18,App
C06012,West,Pune,19.12473,72.87524,2024-07-26,App
C06013,North,Chandigarh,28.56693,77.27391,2025-07-14,App
C06014,North,Chandigarh,28.54057,77.23964,2025-01-07,App
C06015,East,Bhubaneswar,22.59472,88.41234,2024-04-08,App
C06016,West,Ahmedabad,19.12455,72.89147,2025-07-30,App
C06017,West,Pune,19.07248,72.79888,2024-08-26,Web
C06018,West,Mumbai,19.0601,72.77012,2024-04-24,App
C06019,East,Bhubaneswar,22.56506,88.41118,2025-02-27,App
C06020,West,Ahmedabad,19.06062,72.84248,2024-03-19,App
C06021,West,Pune,19.06226,72.86513,2025-07-11,App
C06022,North,Delhi,28.58675,77.26046,2024-07-22,App
C06023,South,Bengaluru,13.00729,77.47935,2025-06-10,App
C06024,North,Chandigarh,28.62227,77.23726,2024-03-30,App
C06025,East,Patna,22.55744,88.44624,2024-05-11,App
C06026,North,Delhi,28.65206,77.17946,2025-07-20,App
C06027,North,Delhi,28.4919,77.29004,2025-04-08,Web
C06028,West,Ahmedabad,18.99601,72.84754,2025-05-09,App
C06029,South,Chennai,12.90531,77.68726,2024-11-06,App
C06030,West,Ahmedabad,19.05524,72.70185,2025-04-13,Web
C06031,West,Mumbai,19.09133,72.75516,2024-03-27,App
C06032,North,Chandigarh,28.63867,77.29427,2025-03-31,Web
C06033,East,Bhubaneswar,22.57469,88.40301,2024-10-13,App
C06034,East,Bhubaneswar,22.56264,88.23694,2025-07-09,App
C06035,West,Ahmedabad,19.10122,72.95426,2025-08-28,App
C06036,South,Chennai,12.95253,77.45617,2025-06-08,App
C06037,East,Kolkata,22.59645,88.36776,2024-09-27,App
C06038,East,Bhubaneswar,22.61901,88.3724,2025-05-20,App
C06039,South,Bengaluru,12.99239,77.58206,2024-04-30,App
C06040,South,Hyderabad,12.89064,77.63775,2024-07-27,App
C06041,West,Ahmedabad,19.15542,72.73063,2024-10-22,Web
C06042,West,Mumbai,18.91258,72.87356,2024-11-05,Web
C06043,West,Pune,19.05004,72.891,2024-10-27,Web
C06044,South,Hyderabad,13.05395,77.66524,2025-09-04,App
C06045,East,Bhubaneswar,22.61301,88.29166,2025-04-15,App
C06046,North,Delhi,28.60633,77.13496,2024-04-28,App
C06047,West,Pune,19.13607,72.8191,2024-07-05,App
C06048,North,Chandigarh,28.60231,77.25256,2024-09-07,App
C06049,East,Bhubaneswar,22.68669,88.25678,2025-03-20,App
C06050,West,Mumbai,19.10074,72.84432,2024-01-28,Web
C06051,North,Chandigarh,28.678,77.36527,2024-06-17,Web
C06052,North,Delhi,28.66564,77.08191,2025-04-08,App
C06053,East,Bhubaneswar,22.59195,88.27132,2024-05-12,App
C06054,West,Mumbai,19.083,72.90611,2025-08-12,App
C06055,West,Pune,19.20184,72.82677,2024-05-15,App
C06056,West,Pune,19.14002,72.8992,2025-03-19,App
C06057,West,Ahmedabad,18.97049,72.83187,2024-01-25,Web
C06058,South,Bengaluru,12.97279,77.50878,2024-12-24,App
C06059,North,Jaipur,28.66668,77.17193,2024-07-05,App
C06060,North,Chandigarh,28.70551,77.20504,2024-08-19,App
C06061,North,Chandigarh,28.55272,77.18016,2024-09-30,App
C06062,South,Hyderabad,12.95446,77.67707,2024-11-26,App
C06063,East,Kolkata,22.50279,88.48064,2024-01-17,App
C06064,West,Ahmedabad,18.99848,72.90544,2024-08-01,Web
C06065,East,Bhubaneswar,22.5107,88.39065,2025-09-06,App
C06066,North,Delhi,28.54408,77.07579,2024-09-20,Web
C06067,West,Pune,18.99464,72.85658,2024-08-20,App
C06068,West,Pune,19.02053,72.90549,2025-07-05,App
C06069,North,Delhi,28.57694,77.13354,2025-03-11,App
C06070,West,Mumbai,19.05426,72.86417,2024-04-24,Web
C06071,North,Chandigarh,28.58512,77.25466,2024-06-29,App
C06072,East,Bhubaneswar,22.6621,88.27599,2025-08-27,App
C06073,West,Pune,19.00969,72.85778,2025-08-18,Web
C06074,East,Bhubaneswar,22.4846,88.30951,2024-05-16,App
C06075,West,Mumbai,19.00936,72.8683,2024-11-19,App
C06076,East,Patna,22.54191,88.43097,2024-05-04,App
C06077,East,Bhubaneswar,22.7173,88.4245,2024-11-10,App
C06078,West,Pune,19.00657,72.99227,2024-02-23,App
C06079,North,Chandigarh,28.47926,77.25439,2025-08-08,App
C06080,North,Chandigarh,28.55221,77.20048,2025-01-28,App
C06081,East,Bhubaneswar,22.52193,88.38975,2024-08-16,Web
C06082,West,Ahmedabad,19.04473,72.92444,2025-03-07,App
C06083,West,Pune,19.09087,72.84713,2024-02-23,App
C06084,South,Bengaluru,13.00421,77.52106,2025-08-20,Web
C06085,West,Mumbai,19.07288,72.84587,2025-07-14,App
C06086,West,Mumbai,18.98826,72.86589,2024-05-18,App
C06087,West,Pune,18.99951,72.82703,2024-09-23,App
C06088,South,Bengaluru,12.95419,77.52386,2024-03-15,App
C06089,East,Bhubaneswar,22.58522,88.48541,2024-04-15,App
C06090,West,Ahmedabad,19.20123,73.00397,2025-05-21,Web
C06091,West,Pune,18.9612,72.93345,2024-05-23,App
C06092,West,Pune,19.03422,72.82556,2025-08-24,App
C06093,East,Kolkata,22.57923,88.38882,2024-05-30,App
C06094,West,Pune,19.16819,72.90187,2024-12-27,Web
C06095,East,Kolkata,22.54723,88.37763,2024-07-23,App
C06096,North,Chandigarh,28.71851,77.31001,2024-08-27,App
C06097,West,Mumbai,19.04942,72.75302,2025-07-16,App
C06098,South,Bengaluru,12.9829,77.55217,2025-06-06,App
C06099,South,Bengaluru,12.89588,77.60882,2024-04-20,App
C06100,West,Mumbai,19.10825,72.97682,2025-05-27,App
C06101,South,Hyderabad,12.87495,77.58353,2025-01-19,App
C06102,North,Chandigarh,28.59357,77.30846,2025-04-12,Web
C06103,East,Patna,22.60267,88.36624,2024-06-21,App
C06104,North,Delhi,28.60075,77.23696,2025-02-20,App
C06105,North,Jaipur,28.71198,77.23609,2024-10-27,App
C06106,East,Bhubaneswar,22.58833,88.38642,2024-01-11,App
C06107,East,Patna,22.55112,88.36277,2024-01-16,App
C06108,South,Bengaluru,12.98559,77.61584,2025-05-26,Web
C06109,East,Bhubaneswar,22.65637,88.3691,2024-05-04,App
C06110,South,Chennai,13.00426,77.61334,2025-06-08,App
C06111,North,Chandigarh,28.60564,77.17813,2024-06-15,App
C06112,North,Jaipur,28.64395,77.24924,2024-04-18,App
C06113,West,Mumbai,19.08767,72.86401,2024-07-19,App
C06114,South,Hyderabad,13.00184,77.67907,2025-01-24,App
C06115,South,Hyderabad,12.99248,77.48364,2024-07-13,App
C06116,North,Delhi,28.55147,77.16503,2024-11-09,App
C06117,West,Pune,18.9944,72.87495,2024-01-17,Web
C06118,South,Bengaluru,12.88697,77.66207,2024-03-01,Web
C06119,North,Delhi,28.70149,77.23123,2024-01-21,App
C06120,South,Bengaluru,12.98647,77.55934,2025-06-13,Web
C06121,West,Ahmedabad,19.08699,72.93152,2025-01-10,App
C06122,South,Chennai,12.8957,77.54291,2025-06-19,Web
C06123,North,Chandigarh,28.59699,77.20637,2024-03-21,Web
C06124,North,Jaipur,28.6246,77.25532,2025-02-18,App
C06125,East,Kolkata,22.58653,88.45505,2025-09-01,App
C06126,North,Delhi,28.675,77.18523,2025-09-02,App
C06127,West,Ahmedabad,19.1797,72.86729,2024-01-04,App
C06128,West,Mumbai,19.0342,72.8652,2024-03-18,App
C06129,West,Ahmedabad,19.0138,72.83842,2025-07-04,App
C06130,South,Chennai,12.96431,77.624,2025-09-01,App
C06131,West,Mumbai,19.06372,72.84776,2025-02-16,Web
C06132,North,Chandigarh,28.58638,77.28274,2024-12-12,App
C06133,South,Hyderabad,13.04272,77.62085,2024-11-18,Web
C06134,West,Mumbai,19.12781,73.02507,2024-07-07,App
C06135,North,Delhi,28.64266,77.21308,2025-02-10,App
C06136,East,Kolkata,22.6297,88.42187,2025-09-04,App
C06137,West,Pune,19.07524,72.84393,2024-11-25,App
C06138,East,Patna,22.68311,88.44096,2024-06-12,App
C06139,West,Mumbai,19.03372,72.85381,2025-02-26,App
C06140,South,Hyderabad,12.87385,77.60023,2024-02-07,App
C06141,West,Pune,19.07966,72.88984,2025-08-03,Web
C06142,South,Bengaluru,12.92723,77.5092,2025-06-22,App
C06143,South,Bengaluru,12.87961,77.67208,2024-03-04,App
C06144,North,Jaipur,28.52937,77.19733,2025-04-27,Web
C06145,North,Jaipur,28.52583,77.28624,2025-06-01,App
C06146,East,Bhubaneswar,22.5344,88.33734,2024-04-15,App
C06147,West,Mumbai,19.13106,72.93129,2025-09-09,App
C06148,West,Pune,19.15221,72.92573,2025-03-09,App
C06149,East,Patna,22.53032,88.34945,2024-10-05,Web
C06150,East,Kolkata,22.43313,88.31439,2024-08-15,App
C06151,South,Bengaluru,12.95084,77.5506,2024-02-09,Web
C06152,West,Mumbai,18.99344,72.84476,2025-06-22,App
C06153,West,Mumbai,19.10864,72.87482,2025-06-22,App
C06154,North,Chandigarh,28.58044,77.19888,2025-01-09,App
C06155,South,Chennai,12.98859,77.52626,2025-04-15,App
C06156,East,Patna,22.59866,88.29856,2025-02-22,App
C06157,West,Ahmedabad,18.87466,72.78829,2024-05-23,App
C06158,East,Patna,22.55859,88.32113,2024-05-06,App
C06159,West,Pune,19.08239,72.9341,2025-01-02,Web
C06160,South,Hyderabad,13.00287,77.5809,2024-12-26,App
C06161,East,Patna,22.59851,88.3806,2024-05-20,Web
C06162,North,Chandigarh,28.65819,77.26585,2024-10-31,App
C06163,East,Kolkata,22.5889,88.28932,2024-01-23,App
C06164,East,Patna,22.57522,88.22041,2025-07-21,Web
C06165,East,Patna,22.6044,88.35246,2025-05-02,App
C06166,East,Bhubaneswar,22.5696,88.37021,2024-12-06,App
C06167,North,Chandigarh,28.69773,77.2802,2024-08-18,App
C06168,North,Delhi,28.57841,77.12009,2024-08-21,Web
C06169,North,Chandigarh,28.67595,77.27548,2024-11-13,App
C06170,West,Mumbai,19.15252,72.86303,2024-10-11,App
C06171,South,Chennai,12.94702,77.62781,2024-09-03,App
C06172,West,Ahmedabad,19.09376,72.89157,2024-01-28,App
C06173,South,Chennai,13.04201,77.7223,2025-10-07,App
C06174,South,Chennai,12.91544,77.60365,2024-11-22,App
C06175,South,Chennai,12.919,77.52913,2024-07-18,App
C06176,West,Pune,19.07308,72.87119,2024-09-11,App
C06177,North,Delhi,28.59896,77.18209,2025-07-29,App
C06178,South,Hyderabad,12.85717,77.68195,2025-09-12,App
C06179,South,Bengaluru,13.05853,77.59078,2025-09-14,App
C06180,West,Mumbai,19.13831,72.84995,2025-09-19,App
C06181,South,Chennai,12.94405,77.59728,2025-06-02,App
C06182,North,Delhi,28.57912,77.15144,2024-12-06,App
C06183,South,Hyderabad,12.94501,77.65801,2025-07-14,App
C06184,West,Ahmedabad,19.01787,72.88004,2024-12-14,App
C06185,North,Chandigarh,28.66407,77.25354,2025-04-03,App
C06186,North,Chandigarh,28.61098,77.20466,2024-06-03,App
C06187,North,Delhi,28.6533,77.16874,2024-04-06,Web
C06188,West,Ahmedabad,19.19579,72.92694,2025-09-24,App
C06189,West,Pune,18.95994,72.893,2024-03-12,App
C06190,South,Chennai,13.04897,77.653,2024-10-09,App
C06191,West,Mumbai,19.19028,72.82191,2025-08-24,App
C06192,North,Delhi,28.58038,77.1704,2024-01-31,Web
C06193,West,Mumbai,19.13949,72.81748,2024-12-01,App
C06194,North,Delhi,28.58304,77.31199,2024-07-28,App
C06195,East,Patna,22.64424,88.23907,2024-12-02,App
C06196,East,Unknown,22.51494,88.27483,2024-04-08,App
C06197,West,Pune,19.02846,72.76948,2024-07-13,App
C06198,South,Chennai,12.99946,77.36721,2024-08-06,App
C06199,East,Patna,22.59577,88.34613,2025-02-14,App
C06200,South,Hyderabad,13.00077,77.5605,2025-05-31,App
C06201,North,Delhi,28.7121,77.34192,2025-06-01,App
C06202,South,Hyderabad,12.97734,77.59547,2024-11-04,App
C06203,East,Bhubaneswar,22.50998,88.27565,2025-08-08,Web
C06204,North,Delhi,28.52727,77.26139,2024-08-03,App
C06205,South,Chennai,12.86744,77.59903,2025-05-27,App
C06206,East,Patna,22.58372,88.3004,2024-09-25,Web
C06207,East,Kolkata,22.61854,88.40437,2025-05-19,App
C06208,West,Ahmedabad,19.02248,72.88449,2025-07-24,App
C06209,South,Hyderabad,12.92489,77.48595,2024-10-18,App
C06210,West,Mumbai,19.11017,72.8905,2024-02-06,App
C06211,South,Chennai,12.98103,77.56252,2025-02-06,App
C06212,West,Mumbai,19.02669,72.84634,2025-09-11,App
C06213,South,Hyderabad,12.98486,77.613,2025-04-11,App
C06214,South,Chennai,12.83509,77.56547,2025-02-21,App
C06215,North,Delhi,28.65528,77.2524,2025-08-30,App
C06216,South,Hyderabad,13.01558,77.59166,2025-07-25,Web
C06217,South,Bengaluru,13.00771,77.59949,2024-10-06,App
C06218,West,Ahmedabad,19.01539,72.83293,2024-10-30,App
C06219,North,Chandigarh,28.53316,77.28044,2024-07-22,App
C06220,West,Ahmedabad,19.08222,72.87586,2025-09-12,App
C06221,East,Patna,22.5535,88.39595,2024-03-21,App
C06222,North,Jaipur,28.63236,77.15589,2024-09-09,App
C06223,South,Chennai,12.98852,77.60637,2024-05-11,App
C06224,North,Chandigarh,28.56118,77.12556,2025-08-22,App
C06225,North,Chandigarh,28.61567,77.07479,2025-04-13,Web
C06226,North,Jaipur,28.63152,77.2376,2024-10-24,App
C06227,West,Mumbai,19.15058,72.95887,2024-08-13,App
C06228,North,Delhi,28.69338,77.26226,2024-11-23,App
C06229,West,Ahmedabad,19.01635,72.8181,2024-06-10,App
C06230,West,Pune,18.91004,72.96249,2024-03-27,App
C06231,North,Delhi,28.61001,77.23581,2024-01-03,Web
C06232,West,Mumbai,19.14611,72.88136,2025-07-30,App
C06233,West,Pune,19.05091,72.76067,2025-08-18,App
C06234,North,Jaipur,28.65221,77.2258,2024-11-21,App
C06235,East,Kolkata,22.4426,88.26438,2025-09-15,App
C06236,South,Bengaluru,12.96373,77.50021,2025-07-16,Web
C06237,North,Delhi,28.58692,77.1615,2025-04-03,App
C06238,West,Mumbai,19.11504,72.76306,2024-07-28,App
C06239,West,Pune,18.92422,72.94586,2024-07-01,App
C06240,West,Mumbai,19.09027,72.96981,2024-10-14,App
C06241,East,Kolkata,22.55674,88.3548,2024-10-30,App
C06242,North,Delhi,28.582,77.075,2025-07-09,App
C06243,South,Chennai,12.93984,77.57408,2025-07-28,App
C06244,South,Bengaluru,12.98644,77.59493,2024-12-16,App
C06245,West,Pune,19.03633,72.81024,2025-09-19,App
C06246,West,Pune,18.96049,72.80765,2025-09-01,App
C06247,North,Delhi,28.60656,77.16589,2024-03-03,App
C06248,West,Ahmedabad,18.9885,72.84987,2024-08-12,App
C06249,South,Bengaluru,12.92802,77.58869,2024-03-22,App
C06250,North,Jaipur,28.61405,77.31334,2024-06-05,App
C06251,East,Patna,22.52625,88.34671,2025-02-07,App
C06252,South,Hyderabad,12.90357,77.53726,2024-07-20,App
C06253,East,Patna,22.58605,88.39659,2025-03-19,App
C06254,West,Pune,19.16121,72.84258,2025-07-01,App
C06255,South,Bengaluru,12.88185,77.48055,2025-05-21,Web
C06256,South,Hyderabad,12.9678,77.70264,2025-03-23,App
C06257,East,Bhubaneswar,22.54158,88.42589,2024-09-15,App
C06258,West,Pune,19.1142,72.79095,2024-04-01,App
C06259,South,Hyderabad,12.96574,77.5641,2025-07-21,Web
C06260,West,Pune,19.12892,72.90779,2024-11-15,App
C06261,North,Delhi,28.5908,77.28547,2024-07-01,App
C06262,North,Delhi,28.71169,77.15831,2024-09-15,App
C06263,North,Chandigarh,28.61973,77.21692,2024-03-21,App
C06264,North,Chandigarh,28.56547,77.25372,2025-04-14,App
C06265,North,Jaipur,28.56746,77.17231,2025-05-30,App
C06266,East,Bhubaneswar,22.58049,88.36803,2024-03-13,App
C06267,South,Hyderabad,13.01783,77.55516,2024-12-20,App
C06268,South,Hyderabad,12.96301,77.44265,2025-03-01,App
C06269,North,Chandigarh,28.67176,77.19948,2025-01-25,App
C06270,North,Jaipur,28.54653,77.19669,2024-12-05,App
C06271,West,Pune,19.14075,72.97266,2024-10-07,App
C06272,East,Kolkata,22.56107,88.42867,2024-10-30,App
C06273,South,Hyderabad,12.98498,77.63084,2024-04-10,App
C06274,East,Bhubaneswar,22.54025,88.35724,2024-07-11,App
C06275,North,Delhi,28.57012,77.30295,2024-06-20,App
C06276,North,Jaipur,28.6055,77.28561,2024-07-27,Web
C06277,North,Delhi,28.44615,77.23061,2024-09-13,Web
C06278,East,Bhubaneswar,22.47326,88.47429,2024-09-11,App
C06279,East,Patna,22.61762,88.25249,2024-05-25,App
C06280,North,Jaipur,28.5852,77.16192,2024-07-18,App
C06281,West,Ahmedabad,19.13698,72.80481,2025-01-06,App
C06282,South,Bengaluru,13.06567,77.46126,2024-02-10,App
C06283,North,Chandigarh,28.54143,77.17831,2024-02-13,App
C06284,North,Chandigarh,28.69723,77.19799,2024-05-07,App
C06285,West,Pune,19.14282,72.79078,2024-05-19,App
C06286,West,Ahmedabad,19.12464,72.70527,2025-09-28,Web
C06287,South,Hyderabad,12.95481,77.55558,2024-01-22,App
C06288,North,Chandigarh,28.6116,77.27791,2025-01-07,App
C06289,South,Bengaluru,12.81472,77.42284,2024-03-15,App
C06290,South,Chennai,12.9403,77.52666,2025-10-11,App
C06291,North,Jaipur,28.67361,77.18796,2024-11-23,Web
C06292,South,Hyderabad,12.8651,77.62676,2025-08-17,Web
C06293,South,Hyderabad,12.947,77.68222,2024-05-31,App
C06294,North,Chandigarh,28.67376,77.32896,2025-08-22,App
C06295,West,Ahmedabad,19.0716,72.88981,2025-03-22,App
C06296,West,Pune,19.1203,72.87978,2024-12-21,App
C06297,North,Chandigarh,28.58326,77.25869,2024-05-05,App
C06298,North,Chandigarh,28.69409,77.17106,2024-09-20,App
C06299,South,Chennai,13.02256,77.64302,2025-06-24,Web
C06300,South,Bengaluru,13.04006,77.45266,2025-04-28,App
C06301,East,Kolkata,22.60211,88.30033,2025-08-30,App
C06302,South,Chennai,13.08073,77.51609,2024-11-05,App
C06303,North,Jaipur,28.57585,77.27935,2025-01-09,App
C06304,West,Ahmedabad,19.07071,72.90797,2025-07-01,App
C06305,West,Mumbai,19.04462,73.00954,2024-08-24,App
C06306,North,Jaipur,28.63558,77.20853,2025-09-19,App
C06307,South,Chennai,13.02824,77.60767,2025-02-05,App
C06308,East,Patna,22.5456,88.37106,2024-10-21,App
C06309,North,Chandigarh,28.51129,77.2304,2025-04-14,App
C06310,East,Kolkata,22.50545,88.37585,2024-10-09,Web
C06311,North,Jaipur,28.66066,77.30703,2025-07-22,App
C06312,North,Delhi,28.51049,77.23317,2025-08-08,App
C06313,South,Hyderabad,12.96972,77.59623,2024-10-03,App
C06314,North,Jaipur,28.66175,77.06948,2024-07-02,Web
C06315,North,Delhi,28.72949,77.36017,2024-09-04,App
C06316,West,Mumbai,19.05576,72.95936,2025-03-06,App
C06317,North,Delhi,28.69677,77.20025,2025-10-02,App
C06318,East,Kolkata,22.38223,88.26497,2025-08-28,App
C06319,South,Hyderabad,13.079,77.68066,2025-03-10,Web
C06320,South,Hyderabad,12.90536,77.51088,2025-07-22,App
C06321,East,Bhubaneswar,22.53636,88.29338,2025-04-29,App
C06322,West,Mumbai,19.05519,72.87408,2025-02-14,App
C06323,North,Delhi,28.72494,77.22301,2024-03-18,App
C06324,East,Patna,22.61863,88.36622,2025-05-18,App
C06325,East,Patna,22.55313,88.18731,2024-08-24,Web
C06326,West,Ahmedabad,19.07754,72.8837,2024-12-25,App
C06327,North,Delhi,28.53884,77.12107,2024-10-26,App
C06328,West,Pune,19.16469,72.88486,2024-05-16,App
C06329,West,Pune,19.03957,72.95818,2025-04-26,Web
C06330,South,Hyderabad,12.98307,77.54336,2025-06-06,App
C06331,West,Mumbai,19.04914,72.8623,2025-07-16,App
C06332,West,Mumbai,19.12912,72.87351,2024-12-26,Web
C06333,South,Bengaluru,13.03996,77.5447,2024-06-09,Web
C06334,North,Jaipur,28.65507,77.16183,2024-03-05,App
C06335,West,Mumbai,19.10064,72.91126,2024-10-11,App
C06336,East,Patna,22.62265,88.47405,2024-10-03,Web
C06337,East,Kolkata,22.47669,88.45857,2025-07-23,App
C06338,East,Kolkata,22.57046,88.27707,2024-02-07,App
C06339,North,Chandigarh,28.73088,77.20835,2025-03-27,App
C06340,South,Hyderabad,13.10363,77.5024,2024-04-10,App
C06341,West,Pune,19.05686,72.81832,2024-07-30,App
C06342,West,Pune,19.05879,72.84857,2025-02-07,App
C06343,South,Hyderabad,12.99707,77.62492,2025-07-13,App
C06344,West,Ahmedabad,19.0483,72.93192,2024-11-28,App
C06345,South,Hyderabad,13.00543,77.50502,2025-09-10,App
C06346,East,Patna,22.52458,88.37617,2024-06-15,App
C06347,West,Pune,19.03977,72.91776,2024-08-04,App
C06348,South,Hyderabad,13.00367,77.58257,2024-01-24,App
C06349,East,Bhubaneswar,22.56909,88.45874,2025-02-25,App
C06350,South,Hyderabad,13.04856,77.5702,2025-03-01,Web
C06351,North,Chandigarh,28.59763,77.28743,2024-08-16,App
C06352,South,Hyderabad,12.96294,77.624,2025-07-08,App
C06353,North,Jaipur,28.58017,77.16905,2024-03-19,App
C06354,South,Bengaluru,12.97513,77.5953,2024-04-18,App
C06355,East,Bhubaneswar,22.7237,88.37773,2025-02-03,App
C06356,East,Kolkata,22.47927,88.34131,2025-06-16,App
C06357,South,Hyderabad,13.05511,77.59512,2024-10-26,App
C06358,West,Mumbai,19.09819,72.91529,2024-07-03,App
C06359,North,Chandigarh,28.59492,77.22295,2024-03-26,App
C06360,South,Chennai,12.97905,77.56369,2024-01-17,App
C06361,South,Bengaluru,12.99976,77.55128,2025-03-02,App
C06362,West,Ahmedabad,19.03609,72.87383,2025-08-04,App
C06363,North,Delhi,28.56075,77.17384,2024-01-30,App
C06364,East,Kolkata,22.66949,88.41164,2024-04-26,App
C06365,East,Kolkata,22.64398,88.4607,2025-01-30,Web
C06366,North,Jaipur,28.70973,77.12537,2025-10-03,App
C06367,West,Mumbai,19.15149,72.80555,2025-06-24,App
C06368,North,Chandigarh,28.60775,77.20609,2025-05-02,App
C06369,North,Chandigarh,28.60901,77.1564,2025-02-09,Web
C06370,East,Kolkata,22.63502,88.37887,2025-05-04,App
C06371,East,Patna,22.47293,88.24398,2024-06-12,App
C06372,South,Bengaluru,12.93594,77.62835,2024-01-21,App
C06373,North,Delhi,28.62714,77.1719,2024-10-06,App
C06374,North,Delhi,28.59326,77.2214,2024-06-04,Web
C06375,North,Jaipur,28.59797,77.20685,2025-03-27,App
C06376,West,Ahmedabad,19.12709,72.89206,2024-03-27,App
C06377,North,Delhi,28.63836,77.00155,2024-10-27,Web
C06378,South,Chennai,12.95816,77.45485,2025-05-04,Web
C06379,South,Hyderabad,12.94745,77.58329,2024-01-14,App
C06380,West,Pune,19.07808,72.82987,2024-10-31,Web
C06381,West,Mumbai,19.11971,72.95187,2025-09-07,App
C06382,South,Hyderabad,13.02427,77.65639,2024-08-21,App
C06383,South,Hyderabad,12.9287,77.58637,2025-01-04,App
C06384,North,Chandigarh,28.67619,77.29176,2025-08-11,App
C06385,North,Jaipur,28.60941,77.25627,2024-09-06,App
C06386,North,Chandigarh,28.5758,77.20255,2025-06-04,App
C06387,North,Delhi,28.58644,77.41527,2024-03-21,App
C06388,West,Pune,19.11954,72.85165,2025-09-09,App
C06389,South,Chennai,13.00534,77.62545,2024-07-19,App
C06390,East,Patna,22.56539,88.23927,2025-04-30,Web
C06391,West,Ahmedabad,19.09553,72.81374,2024-03-21,Web
C06392,West,Ahmedabad,19.17659,72.92113,2025-01-15,App
C06393,North,Chandigarh,28.72604,77.21946,2025-05-23,Web
C06394,West,Pune,19.17848,72.83368,2024-09-27,App
C06395,North,Delhi,28.44688,77.16962,2025-04-06,App
C06396,East,Patna,22.62178,88.33439,2025-04-19,Web
C06397,North,Delhi,28.57482,77.12612,2024-01-24,App
C06398,West,Ahmedabad,19.18025,72.91306,2025-02-03,App
C06399,South,Bengaluru,12.92232,77.53454,2024-05-20,Web
C06400,South,Bengaluru,12.93753,77.70628,2025-02-22,App
C06401,South,Bengaluru,12.99061,77.63266,2024-05-04,App
C06402,East,Bhubaneswar,22.56246,88.27879,2025-08-01,App
C06403,South,Bengaluru,12.93559,77.49839,2024-07-17,App
C06404,West,Ahmedabad,19.07745,72.86006,2024-01-20,App
C06405,West,Ahmedabad,19.07637,72.88208,2024-08-02,App
C06406,East,Kolkata,22.59802,88.28727,2024-11-14,App
C06407,West,Pune,19.17101,73.01036,2024-08-27,App
C06408,North,Delhi,28.55561,77.23857,2024-08-26,App
C06409,South,Hyderabad,12.94438,77.71198,2025-07-21,App
C06410,South,Bengaluru,12.9754,77.58794,2024-11-19,App
C06411,South,Hyderabad,13.06459,77.68331,2025-05-31,App
C06412,South,Chennai,12.91145,77.52453,2024-04-22,App
C06413,South,Chennai,12.94384,77.6521,2024-05-17,App
C06414,West,Pune,19.03539,72.81858,2025-01-11,App
C06415,West,Ahmedabad,19.14158,72.73703,2024-04-29,Web
C06416,North,Delhi,28.63108,77.09124,2025-01-21,Web
C06417,East,Kolkata,22.5809,88.47714,2024-12-02,App
C06418,North,Jaipur,28.4488,77.20459,2024-08-23,App
C06419,East,Patna,22.52698,88.50995,2024-12-10,Web
C06420,South,Bengaluru,12.93785,77.66364,2025-08-12,App
C06421,West,Pune,19.0544,72.9094,2024-09-10,App
C06422,West,Pune,19.07378,72.87359,2024-04-06,App
C06423,East,Patna,22.52468,88.31178,2024-07-17,Web
C06424,South,Bengaluru,12.99563,77.6047,2024-08-22,App
C06425,West,Pune,18.97013,72.97573,2024-01-31,App
C06426,North,Chandigarh,28.61929,77.19755,2025-08-14,App
C06427,South,Hyderabad,13.00566,77.59191,2024-04-06,Web
C06428,West,Mumbai,19.0534,72.87572,2025-01-12,App
C06429,North,Chandigarh,28.7315,77.21855,2025-08-15,Web
C06430,South,Hyderabad,12.99282,77.59414,2024-01-17,App
C06431,West,Ahmedabad,19.21371,72.8644,2024-01-04,App
C06432,West,Pune,19.10929,72.82466,2025-07-13,Web
C06433,South,Hyderabad,12.91407,77.52414,2024-08-08,App
C06434,South,Bengaluru,12.93789,77.55567,2024-04-13,App
C06435,East,Kolkata,22.69741,88.33458,2025-03-15,Web
C06436,West,Ahmedabad,19.06654,72.91389,2024-06-19,App
C06437,South,Hyderabad,12.97545,77.65265,2024-08-11,App
C06438,East,Kolkata,22.5114,88.24342,2024-05-29,App
C06439,North,Jaipur,28.62937,77.23393,2024-08-02,App
C06440,West,Ahmedabad,19.12926,72.95564,2024-12-13,App
C06441,West,Pune,18.99241,72.8145,2024-10-20,App
C06442,North,Jaipur,28.54807,77.29289,2025-08-28,App
C06443,South,Bengaluru,12.99017,77.50344,2025-07-12,App
C06444,West,Mumbai,18.99346,72.82009,2024-05-18,App
C06445,West,Mumbai,19.05313,72.90887,2024-04-27,App
C06446,North,Chandigarh,28.59712,77.25309,2025-04-06,App
C06447,West,Ahmedabad,19.07732,72.95587,2024-11-01,App
C06448,North,Chandigarh,28.57742,77.15471,2024-12-11,Web
C06449,West,Mumbai,19.06451,72.78097,2025-07-18,App
C06450,North,Delhi,28.62412,77.25317,2025-06-20,App
C06451,West,Mumbai,19.09121,72.86367,2024-05-18,App
C06452,North,Chandigarh,28.59647,77.20454,2025-10-07,App
C06453,West,Pune,18.98233,72.99462,2025-09-26,App
C06454,West,Mumbai,18.99818,72.91919,2025-02-03,App
C06455,East,Kolkata,22.56777,88.31014,2025-10-01,App
C06456,West,Pune,19.20166,72.89399,2024-02-17,App
C06457,West,Ahmedabad,19.13195,72.91676,2024-11-06,Web
C06458,South,Bengaluru,12.93664,77.52474,2024-02-29,App
C06459,North,Delhi,28.61306,77.1802,2024-08-20,App
C06460,South,Bengaluru,12.97524,77.61375,2024-06-15,App
C06461,North,Jaipur,28.53152,77.14236,2025-01-20,App
C06462,South,Chennai,12.91601,77.53744,2024-11-13,App
C06463,West,Ahmedabad,19.18661,72.91187,2024-04-10,App
C06464,West,Pune,19.09317,72.99192,2025-07-25,Web
C06465,South,Chennai,12.97856,77.58688,2024-03-29,Web
C06466,North,Jaipur,28.68012,77.20599,2025-06-15,App
C06467,South,Bengaluru,12.9728,77.51027,2025-05-10,Web
C06468,North,Chandigarh,28.65309,77.23179,2025-06-27,App
C06469,East,Bhubaneswar,22.53166,88.23891,2024-04-28,App
C06470,South,Chennai,12.89738,77.53625,2024-04-05,App
C06471,South,Bengaluru,12.92287,77.57725,2024-08-04,App
C06472,South,Chennai,12.99954,77.62999,2024-09-20,App
C06473,East,Patna,22.54489,88.25286,2024-05-27,App
C06474,North,Delhi,28.68962,77.17619,2025-07-04,App
C06475,South,Hyderabad,13.01484,77.49389,2024-04-01,App
C06476,West,Mumbai,19.11658,72.8303,2025-09-10,App
C06477,North,Delhi,28.50705,77.27734,2025-05-02,App
C06478,West,Pune,19.00832,72.82033,2024-07-31,App
C06479,North,Delhi,28.67642,77.28119,2025-07-08,App
C06480,East,Kolkata,22.47104,88.33941,2025-05-05,App
C06481,South,Bengaluru,12.96033,77.69026,2025-07-06,App
C06482,West,Pune,19.03161,72.81234,2025-05-13,App
C06483,North,Jaipur,28.6979,77.27572,2024-07-30,App
C06484,East,Kolkata,22.52888,88.29337,2025-09-10,App
C06485,North,Delhi,28.62569,77.18967,2024-09-06,App
C06486,West,Ahmedabad,19.04914,72.90476,2024-10-08,App
C06487,South,Chennai,12.89012,77.65367,2024-11-12,App
C06488,East,Kolkata,22.67277,88.31245,2024-01-03,App
C06489,East,Patna,22.60896,88.4659,2025-05-27,App
C06490,West,Ahmedabad,19.06963,72.8918,2024-08-07,App
C06491,South,Hyderabad,12.92333,77.61485,2024-11-02,App
C06492,South,Hyderabad,12.961,77.58307,2024-11-11,App
C06493,West,Pune,19.17891,72.85138,2024-07-23,App
C06494,West,Mumbai,19.13997,72.84117,2025-03-01,App
C06495,South,Bengaluru,12.96329,77.58744,2025-10-03,App
C06496,North,Jaipur,28.58526,77.15545,2025-07-12,App
C06497,North,Jaipur,28.58042,77.24006,2025-01-16,Web
C06498,West,Ahmedabad,19.08482,72.94875,2024-03-21,App
C06499,West,Ahmedabad,19.01243,72.77185,2025-06-02,App
C06500,South,Bengaluru,12.91727,77.65714,2024-12-07,Web
C06501,West,Pune,19.10547,72.88987,2024-06-21,App
C06502,West,Mumbai,19.19987,73.07168,2024-01-07,Web
C06503,South,Hyderabad,12.87455,77.67163,2024-07-05,App
C06504,North,Jaipur,28.65324,77.30338,2024-05-28,App
C06505,West,Mumbai,19.02179,72.88574,2025-07-20,App
C06506,North,Delhi,28.66391,77.18564,2024-06-05,App
C06507,West,Pune,19.06722,72.87253,2025-02-01,App
C06508,South,Chennai,12.95893,77.6455,2025-02-07,App
C06509,West,Ahmedabad,18.99131,72.81148,2024-09-03,App
C06510,East,Kolkata,22.48191,88.3678,2024-11-16,App
C06511,West,Mumbai,19.13605,72.78967,2024-07-04,Web
C06512,East,Kolkata,22.53661,88.29792,2024-07-27,App
C06513,East,Bhubaneswar,22.52456,88.36945,2024-09-07,App
C06514,South,Chennai,13.0259,77.60972,2025-01-04,Web
C06515,West,Pune,19.11849,72.83692,2025-08-21,App
C06516,South,Bengaluru,12.91752,77.71765,2025-04-12,App
C06517,North,Jaipur,28.63634,77.1358,2024-03-02,App
C06518,North,Jaipur,28.63229,77.17389,2024-03-24,App
C06519,East,Kolkata,22.59357,88.24741,2024-08-02,App
C06520,North,Chandigarh,28.57603,77.38468,2025-03-24,App
C06521,West,Pune,19.12086,72.86025,2025-04-21,App
C06522,West,Ahmedabad,19.18101,72.88854,2024-04-15,App
C06523,North,Chandigarh,28.53748,77.13443,2025-06-22,App
C06524,East,Bhubaneswar,22.63526,88.38869,2024-09-13,App
C06525,South,Bengaluru,12.92626,77.49824,2025-01-02,App
C06526,West,Mumbai,19.09626,72.844,2025-01-29,Web
C06527,North,Jaipur,28.60179,77.29417,2025-09-21,App
C06528,East,Kolkata,22.54859,88.38137,2024-09-04,App
C06529,North,Delhi,28.60099,77.28205,2024-10-22,App
C06530,East,Patna,22.54874,88.34333,2024-07-04,Web
C06531,East,Bhubaneswar,22.47036,88.44485,2024-06-25,App
C06532,South,Hyderabad,13.07611,77.6646,2024-06-08,App
C06533,North,Chandigarh,28.65217,77.2206,2025-10-04,App
C06534,East,Patna,22.62038,88.30668,2025-06-29,App
C06535,North,Delhi,28.67748,77.2259,2024-02-26,Web
C06536,North,Jaipur,28.64071,77.14658,2024-01-02,App
C06537,West,Mumbai,19.08911,72.76642,2025-04-02,App
C06538,East,Kolkata,22.51089,88.35048,2024-11-20,App
C06539,North,Delhi,28.58851,77.12067,2025-09-08,App
C06540,South,Hyderabad,12.91166,77.44252,2024-03-09,App
C06541,West,Mumbai,19.11273,72.81051,2024-08-16,App
C06542,South,Chennai,13.01854,77.57384,2024-05-24,App
C06543,West,Pune,19.1347,72.81296,2024-06-15,App
C06544,West,Ahmedabad,19.15422,72.8281,2024-05-21,App
C06545,North,Chandigarh,28.63368,77.21405,2025-04-18,App
C06546,East,Bhubaneswar,22.64107,88.29985,2024-01-22,App
C06547,South,Bengaluru,13.0623,77.6494,2024-11-17,App
C06548,South,Hyderabad,12.98238,77.56347,2025-04-10,App
C06549,South,Bengaluru,12.92007,77.59022,2024-04-04,App
C06550,West,Ahmedabad,19.11826,72.93539,2024-07-20,App
C06551,West,Mumbai,19.13753,72.80107,2024-02-07,App
C06552,West,Mumbai,19.12505,72.89411,2024-11-02,App
C06553,North,Jaipur,28.60199,77.19688,2025-07-01,App
C06554,East,Bhubaneswar,22.51247,88.42945,2025-03-27,App
C06555,North,Jaipur,28.53544,77.25412,2024-03-13,App
C06556,South,Hyderabad,13.10101,77.57719,2025-03-03,App
C06557,North,Delhi,28.4842,77.26658,2025-09-09,Web
C06558,West,Mumbai,19.0289,72.92067,2025-01-01,App
C06559,West,Mumbai,19.09567,72.9091,2025-07-22,App
C06560,North,Jaipur,28.58258,77.22087,2025-07-02,App
C06561,South,Bengaluru,12.84386,77.63243,2025-09-23,App
C06562,South,Chennai,12.99205,77.59042,2024-08-15,App
C06563,South,Bengaluru,12.94861,77.52158,2025-01-23,App
C06564,North,Jaipur,28.66806,77.22758,2024-09-26,App
C06565,North,Delhi,28.63304,77.09071,2025-07-25,App
C06566,West,Mumbai,19.01782,72.8068,2024-12-16,Web
C06567,South,Hyderabad,12.94439,77.58359,2025-09-11,Web
C06568,West,Ahmedabad,19.1781,72.82136,2025-02-09,Web
C06569,North,Jaipur,28.59978,77.37321,2024-06-19,App
C06570,East,Kolkata,22.56436,88.39743,2024-09-14,App
C06571,North,Delhi,28.70495,77.29358,2024-01-09,App
C06572,West,Ahmedabad,19.01227,72.87476,2024-06-18,App
C06573,South,Chennai,13.03929,77.72635,2024-09-27,App
C06574,North,Jaipur,28.63664,77.23967,2025-04-30,App
C06575,North,Chandigarh,28.67199,77.18791,2025-02-03,App
C06576,West,Pune,19.07066,72.83465,2025-09-16,App
C06577,North,Jaipur,28.63476,77.17029,2025-04-10,App
C06578,South,Hyderabad,12.97588,77.64918,2024-10-09,App
C06579,West,Ahmedabad,18.90711,72.90861,2025-04-18,App
C06580,North,Jaipur,28.62725,77.31572,2024-09-03,Web
C06581,North,Jaipur,28.654,77.23296,2024-12-02,App
C06582,North,Delhi,28.59044,77.24973,2024-05-30,App
C06583,North,Chandigarh,28.69392,77.19259,2025-08-30,App
C06584,West,Mumbai,19.04942,72.8375,2025-06-13,Web
C06585,West,Pune,19.17354,72.80399,2024-12-20,App
C06586,West,Pune,19.11569,72.87216,2025-07-30,App
C06587,West,Ahmedabad,18.95734,72.9281,2025-04-21,App
C06588,East,Patna,22.54592,88.24938,2024-02-17,Web
C06589,North,Jaipur,28.61131,77.24367,2024-05-15,App
C06590,East,Patna,22.46536,88.46362,2025-05-02,App
C06591,West,Ahmedabad,19.15259,72.81606,2024-05-05,App
C06592,North,Chandigarh,28.55726,77.15329,2024-07-17,App
C06593,West,Pune,19.21194,72.81861,2024-11-15,Web
C06594,West,Pune,19.00319,72.9142,2025-04-17,App
C06595,West,Mumbai,19.05572,72.96732,2025-10-02,App
C06596,North,Delhi,28.73008,77.16808,2025-10-04,App
C06597,South,Hyderabad,13.05284,77.6579,2025-08-07,App
C06598,West,Mumbai,19.12875,72.91784,2025-07-28,Web
C06599,East,Bhubaneswar,22.55994,88.34704,2025-08-01,App
C06600,East,Kolkata,22.37503,88.40024,2025-09-15,App
C06601,North,Delhi,28.53582,77.2231,2024-07-09,App
C06602,West,Ahmedabad,19.13139,72.81336,2024-08-01,App
C06603,South,Hyderabad,12.9011,77.66294,2024-10-27,Web
C06604,East,Bhubaneswar,22.54544,88.30786,2024-05-05,App
C06605,West,Pune,19.01904,73.0106,2025-06-15,App
C06606,West,Ahmedabad,19.08037,72.88992,2024-08-14,App
C06607,South,Chennai,13.01405,77.72205,2024-06-21,App
C06608,North,Chandigarh,28.64929,77.32098,2025-06-24,Web
C06609,South,Bengaluru,12.86713,77.5695,2024-11-10,App
C06610,North,Jaipur,28.62249,77.16123,2024-04-02,Web
C06611,South,Hyderabad,13.01965,77.65857,2024-03-29,App
C06612,South,Hyderabad,12.96368,77.57648,2024-06-18,Web
C06613,West,Mumbai,19.04545,72.93512,2025-02-05,App
C06614,East,Kolkata,22.72793,88.38319,2024-06-18,Web
C06615,North,Jaipur,28.59431,77.06171,2024-06-09,App
C06616,South,Chennai,13.0005,77.65833,2025-01-22,App
C06617,South,Bengaluru,12.89058,77.54484,2025-07-30,App
C06618,West,Pune,19.06426,72.91824,2024-09-23,App
C06619,West,Mumbai,19.06206,72.86339,2024-06-14,App
C06620,South,Bengaluru,12.89241,77.6091,2024-09-24,App
C06621,North,Delhi,28.55099,77.24156,2025-03-07,Web
C06622,West,Pune,19.03889,72.81716,2024-02-16,App
C06623,North,Chandigarh,28.5932,77.05549,2024-01-30,App
C06624,South,Bengaluru,12.94404,77.65227,2024-09-30,App
C06625,West,Pune,18.98816,72.97434,2024-09-12,App
C06626,South,Chennai,12.98196,77.63843,2024-03-04,Web
C06627,East,Bhubaneswar,22.60887,88.38889,2025-06-18,Web
C06628,South,Chennai,12.96552,77.64414,2024-08-14,Web
C06629,North,Jaipur,28.6377,77.16498,2024-12-06,App
C06630,East,Bhubaneswar,22.44537,88.25115,2025-04-13,App
C06631,South,Chennai,12.88459,77.56721,2024-11-03,App
C06632,West,Mumbai,18.95845,72.85102,2024-10-10,Web
C06633,South,Bengaluru,12.96235,77.60249,2024-12-13,App
C06634,West,Pune,19.05219,72.87492,2025-02-16,App
C06635,North,Chandigarh,28.62676,77.24268,2025-01-01,Web
C06636,West,Ahmedabad,19.04184,72.83788,2025-03-08,App
C06637,North,Delhi,28.5681,77.18871,2024-08-08,Web
C06638,South,Hyderabad,13.01522,77.55373,2024-01-18,App
C06639,West,Ahmedabad,19.09199,72.87586,2024-08-20,Web
C06640,West,Ahmedabad,19.04434,72.82356,2024-01-25,App
C06641,East,Patna,22.56745,88.314,2024-02-08,App
C06642,South,Chennai,12.99173,77.69226,2024-06-23,App
C06643,North,Delhi,28.67195,77.23795,2025-03-28,App
C06644,South,Hyderabad,12.88699,77.53641,2024-02-20,App
C06645,North,Delhi,28.5588,77.15492,2024-11-20,Web
C06646,East,Bhubaneswar,22.68173,88.27843,2024-02-15,Web
C06647,East,Bhubaneswar,22.54624,88.39479,2024-06-29,App
C06648,North,Jaipur,28.57585,77.16437,2024-07-17,Web
C06649,West,Mumbai,19.03908,72.96445,2024-01-19,App
C06650,North,Chandigarh,28.61394,77.28658,2025-06-05,App
C06651,West,Ahmedabad,18.99007,72.94854,2025-05-26,App
C06652,South,Chennai,12.82016,77.6017,2024-05-09,App
C06653,West,Pune,19.05983,72.87593,2024-06-17,App
C06654,East,Patna,22.52371,88.31386,2024-04-26,App
C06655,West,Ahmedabad,19.06606,72.77925,2025-07-02,Web
C06656,West,Ahmedabad,19.10142,72.75247,2024-08-08,Web
C06657,West,Mumbai,19.0936,72.9548,2025-08-12,App
C06658,West,Mumbai,18.99081,72.93824,2024-06-02,App
C06659,North,Delhi,28.54827,77.14689,2024-02-13,App
C06660,East,Kolkata,22.6726,88.31958,2025-03-10,App
C06661,North,Delhi,28.66619,77.17907,2024-08-19,App
C06662,North,Chandigarh,28.66329,77.22521,2024-09-10,Web
C06663,West,Mumbai,19.10678,72.9907,2025-09-25,App
C06664,East,Bhubaneswar,22.4666,88.34617,2025-02-06,App
C06665,North,Jaipur,28.61494,77.21741,2025-02-11,App
C06666,West,Mumbai,19.0578,72.8076,2025-04-05,Web
C06667,South,Chennai,13.04658,77.54395,2024-03-08,App
C06668,West,Mumbai,19.09664,72.80286,2024-03-19,Web
C06669,South,Hyderabad,13.10419,77.46709,2025-03-21,App
C06670,West,Mumbai,19.1589,73.06978,2025-01-06,App
C06671,South,Chennai,12.99383,77.59684,2024-12-29,App
C06672,East,Bhubaneswar,22.60288,88.42422,2025-09-24,Web
C06673,East,Patna,22.52963,88.31165,2024-02-03,App
C06674,East,Bhubaneswar,22.62256,88.41719,2025-10-03,App
C06675,West,Mumbai,19.15495,72.89632,2024-08-16,App
C06676,West,Ahmedabad,19.08259,72.97824,2024-10-20,App
C06677,North,Chandigarh,28.61736,77.2432,2024-02-01,App
C06678,East,Patna,22.5284,88.32244,2025-03-25,App
C06679,West,Ahmedabad,19.18704,72.93937,2025-05-19,App
C06680,West,Ahmedabad,19.06091,72.91206,2024-12-08,App
C06681,North,Jaipur,28.52702,77.26238,2025-03-17,Web
C06682,West,Pune,19.0228,72.92188,2025-03-02,App
C06683,West,Ahmedabad,18.95544,72.91417,2025-03-18,App
C06684,West,Mumbai,19.12271,72.83648,2025-09-30,App
C06685,South,Hyderabad,13.04924,77.5999,2024-08-24,App
C06686,West,Ahmedabad,19.13856,72.84076,2025-01-31,App
C06687,South,Hyderabad,13.1406,77.56439,2025-06-04,Web
C06688,North,Jaipur,28.53629,77.23957,2025-04-02,App
C06689,South,Chennai,12.90346,77.57291,2024-07-12,App
C06690,West,Pune,19.19125,72.88195,2025-06-14,App
C06691,West,Mumbai,19.12374,72.92919,2025-02-19,App
C06692,North,Delhi,28.59439,77.29844,2025-09-30,App
C06693,South,Chennai,12.93155,77.53475,2024-10-27,App
C06694,West,Ahmedabad,19.12852,72.84564,2024-01-19,App
C06695,East,Bhubaneswar,22.67808,88.37104,2025-02-25,App
C06696,South,Bengaluru,12.9676,77.58859,2024-02-17,App
C06697,South,Chennai,13.12271,77.62127,2024-08-21,App
C06698,South,Bengaluru,12.97687,77.627,2024-06-25,App
C06699,South,Bengaluru,13.04202,77.59699,2024-02-09,Web
C06700,West,Pune,19.04108,72.87335,2024-11-18,App
C06701,South,Chennai,13.01048,77.57518,2025-05-31,App
C06702,West,Pune,19.1235,73.02707,2025-01-16,App
C06703,North,Jaipur,28.64151,77.2929,2025-01-14,App
C06704,South,Bengaluru,12.96787,77.49807,2024-04-08,App
C06705,North,Jaipur,28.68613,77.19788,2024-02-12,Web
C06706,East,Patna,22.58658,88.37121,2025-08-05,App
C06707,South,Bengaluru,12.88154,77.60815,2024-08-09,App
C06708,West,Mumbai,19.00425,72.80997,2024-10-01,App
C06709,South,Hyderabad,12.91731,77.52161,2024-05-15,App
C06710,West,Ahmedabad,19.05501,72.91795,2024-12-07,App
C06711,North,Delhi,28.60826,77.18962,2025-03-26,App
C06712,East,Patna,22.46431,88.40144,2024-04-11,App
C06713,East,Kolkata,22.52702,88.31953,2024-07-27,App
C06714,East,Kolkata,22.60857,88.30509,2024-03-30,Web
C06715,West,Ahmedabad,19.13135,72.83816,2024-04-28,App
C06716,West,Ahmedabad,19.0199,72.83604,2025-04-02,App
C06717,East,Kolkata,22.48108,88.3719,2025-05-23,App
C06718,South,Bengaluru,12.84067,77.44177,2025-08-30,App
C06719,North,Jaipur,28.71726,77.18167,2024-12-08,App
C06720,East,Bhubaneswar,22.4463,88.33621,2024-04-05,App
C06721,South,Chennai,12.87906,77.6043,2025-01-15,Web
C06722,North,Delhi,28.62537,77.27254,2025-07-04,App
C06723,North,Delhi,28.57737,77.24405,2024-11-20,App
C06724,West,Ahmedabad,19.09605,72.91856,2025-08-16,Web
C06725,West,Mumbai,18.90327,72.8629,2025-06-27,Web
C06726,North,Chandigarh,28.55036,77.3524,2025-07-09,App
C06727,West,Ahmedabad,19.05168,72.82532,2025-09-22,App
C06728,West,Pune,19.09525,72.89255,2024-12-13,App
C06729,South,Chennai,13.02015,77.5503,2025-04-12,App
C06730,West,Ahmedabad,19.14995,72.83591,2024-04-11,App
C06731,South,Bengaluru,12.93748,77.57819,2024-08-22,App
C06732,South,Chennai,12.95982,77.55493,2024-10-21,Web
C06733,West,Mumbai,18.98258,72.81905,2024-03-22,Web
C06734,South,Hyderabad,12.9767,77.52261,2025-03-10,App
C06735,West,Pune,19.10849,72.85125,2024-09-13,App
C06736,East,Bhubaneswar,22.54563,88.36153,2024-10-01,App
C06737,South,Bengaluru,13.05647,77.52814,2025-02-10,App
C06738,South,Chennai,12.9905,77.5469,2024-11-16,App
C06739,North,Jaipur,28.5675,77.05701,2024-08-19,App
C06740,North,Jaipur,28.62371,77.13279,2024-07-18,App
C06741,South,Bengaluru,12.96822,77.61672,2024-11-23,Web
C06742,North,Chandigarh,28.63627,77.36288,2025-06-06,Web
C06743,West,Ahmedabad,19.14326,72.81325,2025-03-03,App
C06744,West,Ahmedabad,19.05312,72.94429,2025-02-10,App
C06745,North,Jaipur,28.55892,77.19217,2025-07-10,App
C06746,South,Hyderabad,12.83715,77.56397,2024-02-10,App
C06747,South,Bengaluru,12.96514,77.61807,2024-01-06,App
C06748,West,Mumbai,19.04115,72.90879,2025-09-08,App
C06749,South,Hyderabad,12.93092,77.56227,2024-02-15,App
C06750,South,Bengaluru,12.90916,77.47056,2024-05-11,App
C06751,West,Pune,19.0667,72.8522,2025-05-11,App
C06752,North,Jaipur,28.55049,77.20011,2024-10-30,App
C06753,North,Jaipur,28.70632,77.02243,2024-02-20,App
C06754,North,Jaipur,28.58765,77.1302,2025-03-13,App
C06755,South,Chennai,13.12331,77.51673,2024-04-27,App
C06756,East,Kolkata,22.54573,88.3399,2024-09-19,App
C06757,West,Pune,19.08491,72.89265,2024-03-29,App
C06758,North,Jaipur,28.64214,77.25849,2024-02-12,App
C06759,South,Bengaluru,13.07791,77.52584,2024-08-04,Web
C06760,West,Ahmedabad,19.03724,72.92107,2024-10-22,App
C06761,South,Chennai,13.05533,77.61548,2024-01-16,App
C06762,South,Bengaluru,12.97868,77.65305,2025-08-14,App
C06763,West,Ahmedabad,19.07931,72.7719,2024-02-17,App
C06764,North,Chandigarh,28.65817,77.35231,2024-06-19,Web
C06765,West,Pune,19.09817,72.87905,2025-06-16,App
C06766,South,Bengaluru,12.98909,77.73882,2025-07-16,Web
C06767,North,Delhi,28.61805,77.23505,2025-03-13,App
C06768,West,Ahmedabad,19.07992,72.72416,2024-11-19,App
C06769,West,Pune,19.04312,72.87422,2024-06-15,App
C06770,North,Jaipur,28.65618,77.18846,2024-01-20,Web
C06771,North,Jaipur,28.60817,77.31954,2024-11-07,Web
C06772,South,Chennai,12.91695,77.61419,2024-08-23,App
C06773,East,Patna,22.49538,88.49045,2025-08-23,Web
C06774,West,Pune,19.08546,72.81627,2024-03-01,Web
C06775,South,Hyderabad,12.96885,77.72862,2024-06-20,App
C06776,West,Ahmedabad,19.01004,72.7503,2025-01-08,App
C06777,South,Chennai,13.02569,77.56794,2025-06-22,App
C06778,West,Ahmedabad,18.94674,72.89168,2024-08-26,App
C06779,North,Delhi,28.54575,77.17104,2025-02-04,App
C06780,West,Ahmedabad,19.13534,72.83516,2024-06-29,App
C06781,South,Hyderabad,12.95721,77.59551,2024-01-17,App
C06782,West,Pune,18.96738,72.89327,2024-12-30,Web
C06783,West,Ahmedabad,19.06095,72.94576,2024-02-06,App
C06784,East,Patna,22.62101,88.37079,2024-02-11,App
C06785,North,Jaipur,28.60955,77.22096,2024-05-05,App
C06786,East,Patna,22.47408,88.41095,2024-10-02,App
C06787,North,Delhi,28.80781,77.25568,2024-08-04,App
C06788,East,Kolkata,22.60576,88.45589,2024-07-24,App
C06789,West,Ahmedabad,19.01861,72.77864,2024-05-30,Web
C06790,South,Hyderabad,12.93326,77.58872,2025-06-22,App
C06791,North,Chandigarh,28.72128,77.25505,2024-11-12,Web
C06792,North,Chandigarh,28.53838,77.114,2024-09-28,App
C06793,South,Hyderabad,12.88939,77.57015,2025-07-02,App
C06794,West,Ahmedabad,19.08184,72.85197,2024-09-19,App
C06795,East,Patna,22.49645,88.30781,2024-11-24,App
C06796,North,Chandigarh,28.59754,77.26898,2024-01-09,App
C06797,West,Ahmedabad,19.1047,72.80254,2025-06-08,Web
C06798,South,Chennai,12.93146,77.53235,2024-12-30,App
C06799,South,Chennai,12.93777,77.53855,2024-07-26,App
C06800,West,Pune,19.05751,72.92287,2024-10-05,App
C06801,North,Delhi,28.54095,77.19247,2025-03-24,App
C06802,East,Bhubaneswar,22.64265,88.3874,2024-02-09,App
C06803,East,Patna,22.5376,88.36667,2025-07-04,App
C06804,West,Pune,18.92771,72.75534,2024-02-21,App
C06805,North,Jaipur,28.52339,77.21685,2025-03-26,App
C06806,South,Hyderabad,12.92343,77.59836,2025-03-12,App
C06807,West,Ahmedabad,19.06458,72.89711,2025-05-19,App
C06808,North,Delhi,28.59966,77.14005,2024-11-09,App
C06809,East,Patna,22.56099,88.30929,2025-02-08,App
C06810,North,Jaipur,28.57397,77.18611,2024-11-17,App
C06811,West,Ahmedabad,19.12644,72.94676,2024-04-01,App
C06812,East,Patna,22.55204,88.36537,2024-12-28,Web
C06813,North,Jaipur,28.4941,77.23675,2024-06-19,App
C06814,North,Chandigarh,28.71849,77.23729,2024-06-09,App
C06815,West,Pune,19.10347,72.83204,2025-07-16,App
C06816,South,Bengaluru,13.02326,77.64015,2025-06-27,App
C06817,East,Patna,22.49449,88.29429,2024-12-24,App
C06818,South,Chennai,12.94987,77.52593,2025-06-04,Web
C06819,South,Bengaluru,13.07744,77.70085,2025-04-05,App
C06820,South,Bengaluru,13.04785,77.51974,2024-10-14,App
C06821,North,Chandigarh,28.76113,77.30521,2024-11-15,App
C06822,East,Bhubaneswar,22.48944,88.43149,2024-11-17,App
C06823,West,Mumbai,19.16857,72.79465,2025-08-19,Web
C06824,South,Bengaluru,12.94523,77.62296,2024-06-27,Web
C06825,West,Pune,19.10768,72.92196,2024-06-14,Web
C06826,West,Pune,19.12404,72.98084,2024-12-11,App
C06827,East,Patna,22.51642,88.31462,2025-04-30,App
C06828,East,Bhubaneswar,22.6055,88.37092,2025-06-25,App
C06829,South,Hyderabad,13.01438,77.60007,2025-09-26,App
C06830,South,Bengaluru,12.9888,77.60576,2024-08-05,App
C06831,North,Jaipur,28.63123,77.22476,2025-04-18,App
C06832,West,Mumbai,19.013,72.82645,2025-06-24,Web
C06833,South,Chennai,12.93741,77.52871,2025-08-21,App
C06834,South,Bengaluru,12.98017,77.66164,2024-10-11,Web
C06835,West,Pune,19.17418,72.88391,2024-12-01,App
C06836,West,Pune,19.18396,72.86327,2025-10-02,App
C06837,East,Kolkata,22.63449,88.30491,2024-03-06,App
C06838,North,Jaipur,28.62999,77.22184,2024-07-24,App
C06839,West,Mumbai,19.06772,72.77917,2025-07-14,App
C06840,East,Kolkata,22.52356,88.36891,2024-04-06,Web
C06841,North,Delhi,28.65478,77.1682,2024-05-03,Web
C06842,South,Hyderabad,13.0385,77.63744,2024-04-01,App
C06843,West,Mumbai,19.00194,72.76001,2024-03-27,App
C06844,North,Chandigarh,28.53544,77.18907,2025-03-16,App
C06845,South,Hyderabad,13.0652,77.65197,2025-08-30,Web
C06846,North,Jaipur,28.51634,77.19613,2024-02-29,App
C06847,South,Chennai,12.88588,77.64262,2024-11-04,App
C06848,West,Pune,19.17857,72.98533,2024-05-17,App
C06849,South,Chennai,12.92009,77.60906,2024-08-14,App
C06850,North,Chandigarh,28.59257,77.23417,2024-01-20,Web
C06851,North,Chandigarh,28.63335,77.28045,2024-11-02,Web
C06852,South,Chennai,12.9705,77.51891,2025-08-03,App
C06853,East,Patna,22.52978,88.3253,2024-07-21,App
C06854,North,Jaipur,28.65092,77.14523,2024-07-26,App
C06855,North,Chandigarh,28.65239,77.1419,2025-01-17,App
C06856,North,Chandigarh,28.60827,77.27449,2024-10-06,Web
C06857,East,Bhubaneswar,22.62158,88.34609,2024-01-14,Web
C06858,North,Chandigarh,28.52442,77.23982,2025-01-12,Web
C06859,West,Pune,19.07649,72.78943,2024-12-10,App
C06860,North,Jaipur,28.66289,77.23929,2025-07-31,Web
C06861,East,Kolkata,22.61112,88.40346,2024-07-07,App
C06862,West,Ahmedabad,19.08469,72.98634,2024-06-02,App
C06863,North,Jaipur,28.55723,77.23936,2024-09-21,Web
C06864,South,Chennai,12.90532,77.57531,2025-07-25,App
C06865,East,Patna,22.52468,88.4033,2024-07-17,App
C06866,North,Jaipur,28.634,77.24449,2024-01-27,App
C06867,South,Chennai,12.87404,77.53942,2025-08-30,App
C06868,East,Bhubaneswar,22.50876,88.41022,2025-07-23,Web
C06869,North,Delhi,28.63764,77.25001,2025-01-08,Web
C06870,South,Bengaluru,12.94485,77.59141,2025-06-22,App
C06871,West,Mumbai,19.14553,72.92558,2024-03-12,App
C06872,North,Jaipur,28.61157,77.1545,2024-02-09,App
C06873,West,Pune,19.00428,72.92334,2025-03-07,App
C06874,West,Pune,19.0572,72.8297,2025-07-02,Web
C06875,East,Kolkata,22.52892,88.3403,2024-08-04,App
C06876,East,Patna,22.62098,88.29875,2024-08-17,App
C06877,East,Kolkata,22.54481,88.50321,2024-04-09,App
C06878,West,Pune,19.06471,72.89883,2025-08-02,App
C06879,West,Ahmedabad,19.12088,72.94273,2024-01-30,App
C06880,East,Bhubaneswar,22.44019,88.32535,2024-06-14,App
C06881,West,Pune,19.17448,72.95601,2024-03-22,App
C06882,West,Pune,18.96505,72.81555,2025-06-13,App
C06883,East,Kolkata,22.53533,88.33988,2024-07-05,App
C06884,West,Pune,18.96989,72.94416,2025-07-20,Web
C06885,South,Bengaluru,13.03079,77.68716,2025-04-20,App
C06886,South,Bengaluru,12.96676,77.59753,2024-01-05,App
C06887,South,Hyderabad,12.90391,77.59855,2024-03-01,Web
C06888,West,Ahmedabad,19.13458,72.79947,2024-03-21,App
C06889,South,Bengaluru,12.92702,77.6944,2025-05-09,App
C06890,North,Chandigarh,28.52834,77.14809,2024-08-10,App
C06891,South,Bengaluru,13.00887,77.47857,2024-07-17,Web
C06892,South,Hyderabad,12.95717,77.55231,2024-07-30,Web
C06893,South,Chennai,12.99866,77.66702,2024-02-29,Web
C06894,South,Hyderabad,13.0632,77.56582,2024-08-27,App
C06895,South,Hyderabad,12.98897,77.64013,2024-02-15,App
C06896,West,Ahmedabad,19.04717,72.86726,2024-04-01,Web
C06897,West,Pune,19.07253,72.89767,2024-04-10,App
C06898,North,Chandigarh,28.60121,77.24592,2025-09-24,App
C06899,North,Chandigarh,28.63128,77.21264,2024-02-26,App
C06900,East,Bhubaneswar,22.49729,88.40383,2024-02-15,App
C06901,East,Kolkata,22.54079,88.42054,2024-04-27,App
C06902,West,Mumbai,19.04279,72.87837,2024-07-09,App
C06903,East,Bhubaneswar,22.53473,88.32717,2025-05-31,App
C06904,South,Hyderabad,13.015,77.59565,2024-11-26,App
C06905,South,Bengaluru,12.92219,77.59621,2025-04-09,App
C06906,West,Pune,18.95189,72.76524,2025-04-30,App
C06907,North,Chandigarh,28.63646,77.10941,2025-09-24,App
C06908,North,Jaipur,28.76242,77.08352,2025-05-19,App
C06909,North,Jaipur,28.57756,77.15801,2024-10-02,App
C06910,North,Jaipur,28.71655,77.25556,2024-04-05,App
C06911,West,Pune,19.08155,72.89457,2025-08-17,Web
C06912,South,Bengaluru,12.93009,77.44484,2024-07-07,App
C06913,West,Ahmedabad,19.15498,72.80164,2024-11-14,App
C06914,South,Hyderabad,12.96759,77.65148,2025-07-04,App
C06915,North,Jaipur,28.63075,77.27412,2025-02-02,App
C06916,North,Delhi,28.63636,77.20312,2024-11-19,App
C06917,North,Chandigarh,28.6924,77.18871,2024-11-23,App
C06918,South,Hyderabad,13.01844,77.53132,2025-09-25,App
C06919,West,Mumbai,18.96217,72.78121,2025-07-21,App
C06920,South,Bengaluru,12.96199,77.57704,2024-10-17,App
C06921,East,Patna,22.55999,88.29571,2024-04-30,App
C06922,South,Bengaluru,12.87381,77.52037,2025-01-25,App
C06923,West,Ahmedabad,19.16479,72.87689,2024-01-24,App
C06924,South,Chennai,12.9896,77.59384,2024-04-27,App
C06925,West,Mumbai,19.01816,72.88464,2024-04-22,Web
C06926,South,Chennai,12.96463,77.51482,2025-08-28,App
C06927,South,Hyderabad,12.96214,77.54532,2024-10-26,App
C06928,North,Chandigarh,28.69353,77.28135,2024-01-10,App
C06929,North,Delhi,28.59498,77.27088,2025-02-28,App
C06930,South,Hyderabad,12.85477,77.47649,2024-11-25,App
C06931,West,Pune,19.08398,72.88815,2024-12-25,App
C06932,South,Hyderabad,12.95879,77.56255,2025-07-28,App
C06933,West,Ahmedabad,19.1136,72.8444,2024-11-26,App
C06934,East,Bhubaneswar,22.68038,88.24886,2025-03-04,Web
C06935,North,Delhi,28.56876,77.22614,2025-07-12,App
C06936,West,Pune,19.12659,72.85722,2025-02-01,App
C06937,West,Mumbai,19.05306,72.89476,2025-07-30,App
C06938,North,Jaipur,28.56995,77.30742,2024-11-05,App
C06939,West,Ahmedabad,19.06842,72.89367,2025-01-15,App
C06940,North,Delhi,28.52363,77.20393,2024-10-01,App
C06941,East,Bhubaneswar,22.59592,88.29336,2025-02-03,App
C06942,East,Kolkata,22.57869,88.40029,2024-10-31,App
C06943,West,Mumbai,19.17403,72.87193,2025-06-18,App
C06944,South,Hyderabad,12.91224,77.62228,2025-06-02,App
C06945,South,Hyderabad,13.03196,77.59901,2024-03-04,App
C06946,North,Delhi,28.70622,77.13753,2025-05-02,Web
C06947,East,Patna,22.63092,88.33925,2024-06-02,App
C06948,West,Pune,19.06305,72.78754,2025-01-03,App
C06949,East,Kolkata,22.57251,88.36913,2025-05-28,App
C06950,South,Hyderabad,12.9722,77.53927,2025-03-27,Web
C06951,North,Chandigarh,28.55344,77.18159,2024-01-22,App
C06952,South,Chennai,12.97946,77.51167,2024-04-10,App
C06953,South,Bengaluru,13.09032,77.52656,2024-06-01,App
C06954,East,Kolkata,22.54953,88.21884,2025-01-17,App
C06955,North,Chandigarh,28.66451,77.24388,2025-03-06,App
C06956,East,Patna,22.68709,88.41622,2024-10-10,App
C06957,North,Chandigarh,28.65899,77.16046,2025-07-20,Web
C06958,South,Bengaluru,12.94601,77.49996,2025-02-27,App
C06959,South,Bengaluru,12.96965,77.58139,2024-03-03,App
C06960,East,Bhubaneswar,22.71652,88.36629,2024-03-07,App
C06961,North,Delhi,28.64675,77.2712,2024-02-16,App
C06962,East,Bhubaneswar,22.59783,88.349,2024-08-09,App
C06963,East,Patna,22.53741,88.19769,2024-03-10,App
C06964,South,Hyderabad,13.08387,77.54286,2024-10-31,App
C06965,South,Hyderabad,12.95511,77.61291,2024-12-16,Web
C06966,South,Chennai,13.0004,77.51424,2025-03-08,Web
C06967,East,Patna,22.4828,88.32624,2024-12-30,Web
C06968,East,Bhubaneswar,22.58692,88.31417,2024-12-29,App
C06969,North,Jaipur,28.5978,77.25099,2024-02-21,App
C06970,South,Chennai,13.00945,77.53457,2024-11-16,App
C06971,South,Chennai,12.97553,77.50781,2025-05-15,App
C06972,West,Mumbai,19.13447,72.93384,2024-06-07,App
C06973,South,Chennai,12.94049,77.48786,2024-05-10,Web
C06974,South,Chennai,12.89325,77.59667,2024-03-01,App
C06975,North,Delhi,28.5998,77.21363,2025-06-17,App
C06976,South,Bengaluru,12.97653,77.54677,2025-03-23,App
C06977,West,Mumbai,18.99418,72.79224,2025-01-13,App
C06978,South,Hyderabad,13.04464,77.55984,2024-11-29,App
C06979,South,Bengaluru,12.94986,77.59845,2025-01-30,Web
C06980,South,Hyderabad,12.93471,77.575,2024-10-08,App
C06981,South,Hyderabad,12.95321,77.60868,2025-06-27,Web
C06982,South,Chennai,13.03368,77.57592,2024-06-09,Web
C06983,West,Pune,19.08438,72.89329,2024-03-18,App
C06984,West,Ahmedabad,19.05207,72.80554,2024-07-02,App
C06985,South,Bengaluru,13.04358,77.58764,2024-09-28,App
C06986,East,Kolkata,22.52423,88.35289,2024-12-03,App
C06987,West,Mumbai,19.06484,72.89065,2025-03-16,App
C06988,North,Jaipur,28.61049,77.25074,2024-11-09,App
C06989,East,Patna,22.45276,88.24916,2024-05-13,App
C06990,East,Bhubaneswar,22.62758,88.34217,2025-10-09,App
C06991,North,Delhi,28.51649,77.25491,2024-08-06,App
C06992,East,Bhubaneswar,22.59203,88.40856,2024-09-06,Web
C06993,West,Ahmedabad,19.15728,72.87289,2025-08-29,App
C06994,West,Ahmedabad,19.11905,72.88621,2025-08-30,App
C06995,North,Jaipur,28.56037,77.09406,2025-08-27,App
C06996,North,Chandigarh,28.60884,77.19795,2025-06-26,App
C06997,East,Kolkata,22.55862,88.37341,2025-04-03,App
C06998,South,Chennai,13.01196,77.7293,2025-10-01,App
C06999,North,Jaipur,28.64763,77.22635,2024-12-30,App
C07000,East,Kolkata,22.67191,88.39455,2025-07-22,App
C07001,West,Mumbai,19.11386,72.7981,2025-08-22,Web
C07002,South,Bengaluru,12.95253,77.73405,2024-04-02,App
C07003,South,Bengaluru,12.97022,77.66361,2024-11-26,App
C07004,East,Bhubaneswar,22.43783,88.34718,2024-04-09,App
C07005,East,Kolkata,22.50423,88.4169,2024-03-02,App
C07006,East,Patna,22.65725,88.36035,2024-09-26,App
C07007,West,Ahmedabad,19.02574,72.99849,2025-03-02,App
C07008,South,Chennai,13.01611,77.62277,2025-01-25,App
C07009,South,Chennai,12.95085,77.65919,2024-12-13,App
C07010,South,Chennai,12.95438,77.54798,2024-09-05,App
C07011,North,Chandigarh,28.60347,77.31664,2025-03-30,App
C07012,North,Chandigarh,28.52083,77.21384,2024-11-08,App
C07013,North,Jaipur,28.5058,77.24385,2025-05-20,App
C07014,South,Hyderabad,12.92353,77.58358,2025-01-10,App
C07015,South,Hyderabad,12.92131,77.61473,2024-03-09,Web
C07016,East,Bhubaneswar,22.53487,88.35573,2025-08-12,App
C07017,East,Kolkata,22.64571,88.3655,2024-10-31,Web
C07018,West,Pune,19.1158,72.83159,2025-08-23,App
C07019,West,Mumbai,18.98043,72.90302,2025-02-19,App
C07020,South,Hyderabad,12.98293,77.64442,2025-01-19,App
C07021,North,Chandigarh,28.59414,77.18821,2024-03-20,App
C07022,West,Mumbai,19.22991,72.87772,2025-02-15,Web
C07023,West,Pune,19.10377,72.8341,2025-05-21,App
C07024,North,Jaipur,28.49523,77.16223,2024-12-10,App
C07025,West,Ahmedabad,19.06074,72.79023,2024-11-08,Web
C07026,North,Chandigarh,28.65242,77.31456,2025-01-25,Web
C07027,South,Chennai,12.95538,77.70541,2025-01-20,App
C07028,South,Bengaluru,13.01302,77.65976,2024-02-23,Web
C07029,West,Pune,19.07519,72.94237,2024-04-26,App
C07030,North,Jaipur,28.73752,77.11259,2025-06-12,App
C07031,East,Kolkata,22.56022,88.44744,2025-04-12,Web
C07032,West,Ahmedabad,19.06685,72.81555,2025-02-01,Web
C07033,North,Delhi,28.55671,77.15779,2024-10-29,App
C07034,West,Pune,18.97307,72.83011,2025-10-03,App
C07035,West,Mumbai,19.08189,72.89489,2025-03-24,App
C07036,East,Patna,22.502,88.36465,2024-08-19,App
C07037,South,Bengaluru,12.83779,77.59152,2024-03-10,App
C07038,West,Ahmedabad,19.1468,72.85207,2024-11-11,App
C07039,West,Ahmedabad,19.01296,73.0471,2024-03-03,Web
C07040,North,Chandigarh,28.66075,77.26719,2024-09-26,App
C07041,West,Mumbai,19.03332,72.86253,2024-12-01,App
C07042,South,Chennai,12.99572,77.67763,2024-05-15,Web
C07043,West,Ahmedabad,19.01525,72.9331,2024-07-07,App
C07044,East,Patna,22.57419,88.38144,2025-07-17,App
C07045,West,Pune,19.05712,72.82994,2024-10-10,App
C07046,North,Delhi,28.61208,77.29798,2024-06-05,Web
C07047,South,Hyderabad,12.91166,77.74848,2024-12-01,Web
C07048,South,Hyderabad,13.00351,77.61777,2025-09-10,App
C07049,West,Pune,19.1181,72.72896,2024-11-23,Web
C07050,North,Chandigarh,28.60288,77.0983,2024-04-14,App
C07051,West,Ahmedabad,19.01154,73.01509,2025-01-06,Web
C07052,South,Chennai,12.98926,77.63746,2024-03-28,App
C07053,West,Pune,19.08365,72.87516,2025-03-03,App
C07054,East,Bhubaneswar,22.56387,88.42604,2024-05-31,Web
C07055,West,Ahmedabad,18.94829,72.88721,2025-07-31,App
C07056,South,Bengaluru,13.00616,77.5974,2024-11-26,App
C07057,West,Mumbai,18.97777,72.89894,2024-05-27,Web
C07058,South,Bengaluru,12.9686,77.58119,2024-08-01,App
C07059,West,Mumbai,19.0823,72.96146,2024-06-28,App
C07060,East,Kolkata,22.56271,88.40621,2024-04-10,App
C07061,East,Bhubaneswar,22.57614,88.31585,2024-04-29,Web
C07062,North,Jaipur,28.63689,77.12752,2024-12-16,App
C07063,North,Jaipur,28.64263,77.19993,2025-01-13,Web
C07064,North,Chandigarh,28.58915,77.26638,2024-04-22,App
C07065,North,Chandigarh,28.55266,77.13396,2024-01-27,App
C07066,North,Delhi,28.69172,77.04036,2025-08-13,App
C07067,South,Hyderabad,12.99382,77.55727,2024-05-17,App
C07068,North,Chandigarh,28.56126,77.04549,2025-02-27,App
C07069,South,Hyderabad,12.93974,77.67012,2024-03-12,App
C07070,East,Patna,22.56999,88.18238,2024-11-15,App
C07071,West,Pune,19.07994,72.942,2024-08-21,App
C07072,North,Chandigarh,28.67744,77.37523,2024-11-01,App
C07073,North,Delhi,28.51036,77.09486,2024-08-29,App
C07074,East,Kolkata,22.50181,88.31721,2025-02-12,App
C07075,North,Chandigarh,28.59406,77.36268,2024-04-22,App
C07076,East,Bhubaneswar,22.37796,88.27086,2024-07-27,App
C07077,South,Hyderabad,13.03553,77.58013,2024-12-31,App
C07078,East,Kolkata,22.56388,88.42307,2025-02-14,App
C07079,North,Delhi,28.61923,77.10508,2024-09-11,App
C07080,West,Pune,19.06827,72.96944,2024-11-04,App
C07081,East,Bhubaneswar,22.65812,88.34432,2025-08-20,Web
C07082,East,Patna,22.42857,88.28803,2025-07-08,Web
C07083,East,Patna,22.55208,88.38075,2024-08-12,App
C07084,South,Chennai,12.87695,77.63119,2024-01-09,App
C07085,East,Kolkata,22.56205,88.44561,2024-06-09,App
C07086,South,Chennai,12.74666,77.54061,2025-06-13,App
C07087,West,Pune,19.06038,72.82659,2024-07-01,App
C07088,East,Kolkata,22.56228,88.41446,2024-11-04,App
C07089,North,Jaipur,28.59819,77.25408,2024-07-02,Web
C07090,West,Ahmedabad,19.16142,72.90017,2024-02-08,App
C07091,East,Patna,22.5178,88.3618,2025-04-19,App
C07092,North,Jaipur,28.69333,77.18415,2025-07-02,App
C07093,West,Ahmedabad,19.15043,72.85185,2024-04-17,App
C07094,East,Patna,22.60897,88.2814,2025-07-16,App
C07095,East,Bhubaneswar,22.6176,88.32119,2024-02-14,App
C07096,North,Chandigarh,28.67557,77.16222,2024-08-11,App
C07097,North,Jaipur,28.6376,77.32721,2025-04-16,App
C07098,East,Bhubaneswar,22.55699,88.29349,2024-06-04,App
C07099,East,Kolkata,22.55601,88.39039,2024-11-21,App
C07100,West,Ahmedabad,19.03783,72.83192,2025-10-02,App
C07101,West,Pune,19.08711,72.99913,2024-12-22,App
C07102,East,Bhubaneswar,22.60793,88.43827,2024-03-23,Web
C07103,East,Bhubaneswar,22.48603,88.30691,2024-08-15,App
C07104,East,Kolkata,22.55226,88.4267,2025-04-05,App
C07105,North,Jaipur,28.57958,77.28068,2025-06-30,App
C07106,South,Bengaluru,12.85258,77.6509,2024-09-11,App
C07107,South,Bengaluru,12.93552,77.53187,2025-06-27,App
C07108,North,Chandigarh,28.60716,77.24437,2024-10-11,App
C07109,West,Pune,19.1126,72.92252,2025-09-13,App
C07110,West,Ahmedabad,19.02998,72.78036,2024-08-29,App
C07111,South,Chennai,12.91427,77.50621,2025-05-02,App
C07112,West,Mumbai,19.22506,72.88463,2025-09-09,Web
C07113,East,Kolkata,22.58296,88.31298,2025-09-11,Web
C07114,East,Patna,22.57734,88.32918,2025-04-07,Web
C07115,North,Chandigarh,28.70517,77.21874,2024-07-06,App
C07116,East,Patna,22.62147,88.37982,2024-02-07,App
C07117,West,Mumbai,19.15351,72.88382,2025-02-03,App
C07118,West,Mumbai,19.14689,72.96367,2024-06-02,App
C07119,North,Jaipur,28.59966,77.17625,2024-12-19,Web
C07120,East,Bhubaneswar,22.52407,88.38853,2024-07-10,Web
C07121,South,Hyderabad,12.96749,77.55616,2025-09-04,App
C07122,North,Chandigarh,28.60042,77.17533,2024-05-29,Web
C07123,North,Jaipur,28.69552,77.128,2025-10-06,App
C07124,East,Patna,22.56187,88.31324,2025-03-30,Web
C07125,West,Mumbai,19.09896,72.8283,2024-05-29,App
C07126,West,Ahmedabad,19.26599,72.82145,2024-10-19,App
C07127,South,Chennai,12.97131,77.6292,2024-11-11,App
C07128,North,Chandigarh,28.5488,77.1649,2025-06-01,App
C07129,South,Bengaluru,12.94439,77.68928,2025-02-20,App
C07130,North,Chandigarh,28.54769,77.22094,2025-02-27,App
C07131,East,Bhubaneswar,22.63743,88.29745,2025-08-16,App
C07132,South,Bengaluru,12.95381,77.62694,2024-04-06,App
C07133,North,Delhi,28.58135,77.21744,2025-04-06,App
C07134,South,Hyderabad,13.023,77.70565,2025-03-16,App
C07135,North,Delhi,28.60997,77.22191,2024-07-04,App
C07136,West,Mumbai,19.15647,72.88283,2024-10-19,Web
C07137,West,Pune,19.12087,72.85083,2025-07-07,App
C07138,South,Chennai,12.90328,77.71683,2024-05-23,App
C07139,West,Pune,19.08826,72.87882,2025-01-10,Web
C07140,North,Chandigarh,28.73851,77.1355,2024-10-25,App
C07141,North,Chandigarh,28.56309,77.26524,2024-04-13,App
C07142,South,Hyderabad,12.84597,77.59327,2024-06-21,App
C07143,North,Delhi,28.69129,77.21406,2024-11-06,Web
C07144,East,Patna,22.63259,88.39553,2024-10-22,App
C07145,East,Bhubaneswar,22.5157,88.42752,2024-09-12,Web
C07146,East,Bhubaneswar,22.55714,88.34039,2024-12-14,App
C07147,South,Chennai,12.90102,77.638,2024-08-09,App
C07148,North,Delhi,28.63508,77.28042,2024-08-05,Web
C07149,East,Kolkata,22.59517,88.37561,2024-05-03,App
C07150,East,Patna,22.55751,88.25985,2024-09-26,Web
C07151,West,Pune,18.9481,72.82159,2025-03-21,Web
C07152,North,Chandigarh,28.59612,77.21514,2025-05-20,App
C07153,West,Pune,18.96736,72.83415,2025-04-01,App
C07154,South,Hyderabad,12.96041,77.61343,2024-03-16,App
C07155,South,Hyderabad,12.92525,77.51978,2024-09-12,App
C07156,West,Mumbai,18.99758,72.97718,2024-12-16,App
C07157,West,Ahmedabad,19.04361,73.02107,2024-05-07,Web
C07158,West,Pune,19.06824,72.82883,2024-11-12,App
C07159,West,Mumbai,19.02467,72.78366,2024-09-29,App
C07160,South,Hyderabad,12.92113,77.56534,2025-06-25,Web
C07161,South,Chennai,13.00036,77.48481,2025-10-09,App
C07162,East,Kolkata,22.68623,88.5091,2025-05-03,App
C07163,West,Pune,19.06127,72.7976,2025-08-01,App
C07164,South,Chennai,12.89233,77.66419,2025-06-20,App
C07165,East,Kolkata,22.6352,88.34876,2025-02-15,App
C07166,South,Chennai,12.98803,77.67591,2025-09-01,Web
C07167,East,Patna,22.39507,88.36509,2024-02-15,App
C07168,East,Bhubaneswar,22.515,88.37436,2024-04-07,Web
C07169,North,Jaipur,28.59879,77.22031,2024-08-22,App
C07170,West,Pune,19.26592,72.88451,2024-01-11,App
C07171,West,Mumbai,19.02075,72.90797,2024-12-11,App
C07172,East,Patna,22.45132,88.29011,2025-02-17,App
C07173,North,Jaipur,28.61336,77.21731,2025-08-18,App
C07174,North,Jaipur,28.67398,77.12085,2025-08-29,Web
C07175,East,Kolkata,22.52761,88.40104,2025-07-25,App
C07176,North,Jaipur,28.65938,77.11495,2025-08-12,Web
C07177,South,Chennai,13.08256,77.68534,2024-07-09,App
C07178,South,Hyderabad,12.95872,77.41614,2024-11-23,App
C07179,West,Mumbai,19.16235,72.86189,2024-06-24,App
C07180,East,Patna,22.55508,88.49016,2025-07-24,App
C07181,West,Mumbai,19.01337,72.88505,2025-01-24,App
C07182,South,Chennai,13.01807,77.54632,2025-09-29,App
C07183,East,Kolkata,22.67202,88.25493,2024-06-13,App
C07184,West,Pune,18.92273,72.97127,2025-05-21,App
C07185,West,Mumbai,19.04486,72.90996,2025-10-02,App
C07186,West,Ahmedabad,19.06318,72.8158,2024-09-22,App
C07187,North,Chandigarh,28.62813,77.15186,2024-12-03,App
C07188,West,Ahmedabad,19.07318,72.88881,2025-01-10,App
C07189,West,Pune,19.2324,72.90166,2024-04-09,App
C07190,West,Mumbai,19.14269,72.94688,2025-07-06,App
C07191,North,Chandigarh,28.59025,77.18494,2024-04-14,App
C07192,West,Pune,19.01059,72.93112,2024-06-04,App
C07193,South,Hyderabad,13.0139,77.66499,2024-07-26,App
C07194,West,Mumbai,19.08707,72.85881,2024-05-26,App
C07195,South,Hyderabad,12.96334,77.52336,2025-05-10,App
C07196,East,Bhubaneswar,22.55853,88.3816,2024-09-27,App
C07197,West,Ahmedabad,18.97326,72.90493,2024-02-12,App
C07198,North,Chandigarh,28.64104,77.2055,2025-01-20,App
C07199,West,Ahmedabad,19.09725,72.87761,2025-08-16,App
C07200,North,Jaipur,28.58627,77.23583,2025-07-01,App
C07201,North,Unknown,28.56003,77.29411,2025-08-01,App
C07202,North,Chandigarh,28.67363,77.27886,2025-08-17,App
C07203,South,Hyderabad,12.97938,77.57603,2025-01-09,App
C07204,South,Bengaluru,13.06386,77.6481,2024-06-02,App
C07205,West,Ahmedabad,19.0876,72.81837,2025-03-26,App
C07206,West,Ahmedabad,19.06688,72.9816,2025-06-18,App
C07207,East,Patna,22.55154,88.34415,2025-01-20,App
C07208,West,Ahmedabad,19.08516,72.7768,2024-06-05,App
C07209,North,Jaipur,28.58683,77.24023,2025-01-19,App
C07210,West,Ahmedabad,19.14283,72.83849,2025-03-11,App
C07211,West,Mumbai,19.05307,72.91053,2024-03-13,App
C07212,West,Ahmedabad,19.14653,72.88021,2024-04-03,App
C07213,South,Hyderabad,13.02244,77.58891,2024-07-27,App
C07214,West,Pune,19.05885,72.86165,2024-01-08,App
C07215,South,Bengaluru,12.96393,77.47753,2025-09-09,App
C07216,West,Pune,19.12273,72.89268,2025-06-18,App
C07217,North,Jaipur,28.59859,77.21848,2024-02-22,App
C07218,South,Chennai,12.96283,77.5625,2024-03-08,App
C07219,North,Jaipur,28.60435,77.17013,2024-05-18,App
C07220,North,Jaipur,28.52642,77.19914,2024-08-31,App
C07221,East,Patna,22.56645,88.24565,2025-09-10,App
C07222,East,Kolkata,22.62261,88.39008,2025-09-29,App
C07223,West,Pune,19.05069,72.90142,2024-09-11,App
C07224,North,Jaipur,28.60184,77.14335,2024-11-24,App
C07225,South,Bengaluru,12.88865,77.61886,2024-01-22,App
C07226,West,Ahmedabad,19.05058,72.83291,2024-06-15,App
C07227,East,Kolkata,22.54493,88.32869,2024-10-26,App
C07228,North,Chandigarh,28.54659,77.22585,2025-04-09,App
C07229,North,Chandigarh,28.68543,77.26774,2025-04-20,App
C07230,South,Chennai,12.9672,77.67752,2025-04-15,Web
C07231,East,Patna,22.57815,88.33713,2025-02-27,App
C07232,North,Delhi,28.5787,77.21361,2025-01-30,Web
C07233,West,Mumbai,19.20544,72.9242,2025-04-23,App
C07234,North,Chandigarh,28.50435,77.28383,2024-10-18,App
C07235,North,Chandigarh,28.55043,77.11878,2024-10-15,App
C07236,West,Ahmedabad,19.14107,73.02025,2025-05-17,App
C07237,West,Mumbai,19.17833,73.04137,2024-06-04,App
C07238,West,Pune,19.08274,72.97647,2025-08-23,App
C07239,West,Ahmedabad,19.02975,72.87677,2024-11-12,App
C07240,West,Mumbai,19.0137,72.83806,2025-10-05,App
C07241,West,Mumbai,19.0584,72.96564,2024-11-02,App
C07242,West,Ahmedabad,19.1707,72.8358,2025-07-07,Web
C07243,South,Chennai,12.96879,77.56806,2025-05-03,App
C07244,North,Delhi,28.67726,77.17834,2024-07-03,App
C07245,South,Chennai,13.00369,77.60439,2024-03-30,App
C07246,South,Hyderabad,12.89248,77.52934,2024-07-07,App
C07247,East,Patna,22.72769,88.44351,2024-06-15,App
C07248,West,Pune,19.0628,72.8145,2025-05-02,App
C07249,North,Chandigarh,28.49083,77.07112,2025-08-24,App
C07250,East,Patna,22.52848,88.33766,2024-10-19,App
C07251,West,Mumbai,19.08477,72.86141,2024-10-19,App
C07252,East,Bhubaneswar,22.48807,88.33592,2024-08-20,Web
C07253,West,Pune,19.00051,72.83927,2024-05-05,App
C07254,East,Patna,22.61748,88.35825,2025-05-14,App
C07255,South,Chennai,12.96987,77.54336,2024-11-25,Web
C07256,North,Delhi,28.59047,77.26714,2025-05-22,App
C07257,West,Mumbai,19.14709,72.85398,2025-05-19,App
C07258,South,Hyderabad,12.96715,77.58741,2025-08-21,App
C07259,South,Chennai,12.98751,77.53894,2025-08-03,App
C07260,West,Mumbai,19.16158,73.01253,2025-05-25,Web
C07261,West,Pune,19.09086,72.79389,2024-07-03,App
C07262,North,Chandigarh,28.65408,77.30077,2025-01-21,App
C07263,East,Patna,22.61607,88.40091,2025-05-01,App
C07264,East,Kolkata,22.46617,88.34136,2024-08-29,App
C07265,West,Pune,18.96743,72.85496,2024-12-05,App
C07266,East,Bhubaneswar,22.5645,88.35827,2024-03-30,App
C07267,North,Chandigarh,28.62104,77.20666,2025-08-01,App
C07268,West,Pune,19.02944,72.88376,2025-04-23,App
C07269,South,Chennai,13.04479,77.56094,2024-04-14,App
C07270,South,Bengaluru,12.93286,77.58351,2025-01-20,App
C07271,South,Hyderabad,12.92649,77.56316,2024-10-13,Web
C07272,East,Kolkata,22.68149,88.20475,2024-07-11,App
C07273,East,Kolkata,22.4482,88.40292,2024-11-12,Web
C07274,South,Hyderabad,13.11779,77.69922,2024-02-08,App
C07275,South,Hyderabad,13.02497,77.62038,2024-08-25,App
C07276,South,Bengaluru,13.0182,77.55678,2024-06-28,Web
C07277,East,Kolkata,22.60034,88.45783,2025-05-19,App
C07278,South,Hyderabad,12.99751,77.59717,2024-12-02,App
C07279,North,Delhi,28.73635,77.29646,2024-12-27,App
C07280,South,Bengaluru,12.94416,77.55263,2024-11-30,App
C07281,West,Ahmedabad,19.02719,72.83279,2024-11-12,App
C07282,East,Patna,22.69565,88.27136,2025-04-21,App
C07283,South,Bengaluru,12.93409,77.75983,2024-04-09,App
C07284,North,Jaipur,28.55319,77.23021,2025-04-20,App
C07285,East,Bhubaneswar,22.57683,88.33856,2024-01-25,App
C07286,West,Pune,19.05761,72.89366,2024-10-20,App
C07287,South,Hyderabad,13.05277,77.54665,2024-10-01,Web
C07288,North,Delhi,28.51617,77.15245,2024-09-10,App
C07289,North,Jaipur,28.54256,77.14789,2024-08-09,App
C07290,North,Delhi,28.59714,77.16703,2024-12-08,App
C07291,West,Ahmedabad,19.05538,72.84541,2024-07-02,App
C07292,West,Pune,19.05725,72.96154,2024-09-13,Web
C07293,North,Delhi,28.66192,77.29253,2025-03-12,App
C07294,South,Hyderabad,12.99363,77.58422,2024-10-04,App
C07295,North,Delhi,28.61785,77.19646,2024-05-13,App
C07296,North,Delhi,28.57013,77.09852,2024-04-29,App
C07297,North,Chandigarh,28.5863,77.14697,2024-06-13,App
C07298,South,Chennai,12.99151,77.75317,2024-02-03,App
C07299,West,Mumbai,19.03107,72.98096,2025-09-07,App
C07300,West,Pune,19.10778,72.88251,2025-01-22,App
C07301,South,Bengaluru,13.04244,77.51734,2024-09-11,Web
C07302,East,Bhubaneswar,22.65279,88.36381,2024-02-28,App
C07303,South,Hyderabad,12.97665,77.49827,2025-08-02,App
C07304,East,Bhubaneswar,22.62342,88.31984,2024-09-18,App
C07305,South,Hyderabad,12.87468,77.55569,2024-03-03,App
C07306,South,Bengaluru,12.92464,77.62132,2024-09-22,Web
C07307,East,Bhubaneswar,22.6153,88.3975,2024-04-25,App
C07308,South,Bengaluru,12.86648,77.51593,2024-04-01,App
C07309,West,Mumbai,19.09809,72.9443,2025-09-02,App
C07310,North,Delhi,28.51088,77.25735,2024-05-15,App
C07311,North,Jaipur,28.68217,77.18722,2024-02-25,App
C07312,North,Chandigarh,28.6373,77.26257,2024-06-17,App
C07313,East,Bhubaneswar,22.63058,88.25986,2024-07-06,Web
C07314,North,Chandigarh,28.544,77.31587,2025-04-01,App
C07315,North,Chandigarh,28.54254,77.20121,2024-07-08,App
C07316,North,Delhi,28.53844,77.18798,2024-07-15,Web
C07317,South,Chennai,13.07227,77.60475,2024-09-12,App
C07318,West,Mumbai,19.07347,72.86598,2024-05-09,App
C07319,West,Pune,19.11281,72.96093,2025-03-21,Web
C07320,North,Delhi,28.73085,77.17933,2024-12-20,App
C07321,North,Jaipur,28.63181,77.14,2025-08-16,App
C07322,South,Hyderabad,12.94566,77.45223,2024-06-16,App
C07323,South,Chennai,12.83791,77.72423,2025-01-08,App
C07324,West,Ahmedabad,19.03611,72.85777,2024-01-19,App
C07325,East,Bhubaneswar,22.56806,88.30023,2025-01-18,Web
C07326,West,Pune,18.99631,72.85498,2025-05-01,App
C07327,South,Bengaluru,12.91325,77.6629,2024-03-31,App
C07328,East,Bhubaneswar,22.47052,88.38208,2025-08-18,Web
C07329,East,Bhubaneswar,22.462,88.35869,2024-02-05,App
C07330,West,Pune,19.00865,72.84079,2025-02-27,App
C07331,South,Chennai,12.95269,77.50906,2025-02-18,App
C07332,North,Jaipur,28.53252,77.20347,2024-02-14,Web
C07333,West,Pune,19.066,72.86017,2025-01-19,App
C07334,West,Pune,19.06302,72.92329,2025-03-11,App
C07335,South,Chennai,12.97671,77.52627,2024-08-18,App
C07336,East,Bhubaneswar,22.58158,88.32991,2024-09-22,App
C07337,West,Ahmedabad,19.03206,72.81556,2025-05-04,App
C07338,North,Chandigarh,28.60014,77.26647,2024-06-11,App
C07339,West,Ahmedabad,18.99604,72.68598,2025-08-19,Web
C07340,West,Mumbai,19.03965,72.84847,2024-03-01,App
C07341,North,Jaipur,28.50971,77.2883,2025-04-29,App
C07342,West,Ahmedabad,19.15752,72.93279,2024-08-23,App
C07343,North,Chandigarh,28.57099,77.13088,2024-10-07,App
C07344,South,Chennai,13.01712,77.57415,2025-02-10,App
C07345,South,Chennai,12.92296,77.58881,2024-12-02,App
C07346,South,Chennai,13.04281,77.62329,2025-01-18,App
C07347,West,Ahmedabad,19.19264,72.87135,2025-01-17,Web
C07348,East,Bhubaneswar,22.64889,88.397,2024-11-09,App
C07349,North,Chandigarh,28.57549,77.18594,2024-09-21,App
C07350,East,Patna,22.58612,88.46716,2024-11-20,App
C07351,North,Delhi,28.61185,77.1637,2024-08-28,App
C07352,North,Chandigarh,28.58251,77.23571,2025-01-03,App
C07353,West,Ahmedabad,19.18146,73.02411,2025-08-09,App
C07354,North,Delhi,28.65423,77.13025,2025-03-12,App
C07355,South,Chennai,13.02353,77.67417,2024-07-20,Web
C07356,East,Bhubaneswar,22.55091,88.17671,2025-07-24,App
C07357,South,Hyderabad,12.98182,77.59799,2025-06-18,Web
C07358,West,Pune,19.07425,72.97223,2024-10-31,App
C07359,East,Bhubaneswar,22.51476,88.30701,2024-05-11,App
C07360,North,Chandigarh,28.53647,77.23963,2025-01-05,App
C07361,North,Delhi,28.69868,77.22769,2025-03-03,App
C07362,West,Pune,19.05124,72.94711,2024-01-13,App
C07363,North,Chandigarh,28.66722,77.15465,2025-04-21,App
C07364,North,Jaipur,28.61645,77.17267,2024-02-25,App
C07365,East,Kolkata,22.55139,88.33234,2025-01-18,Web
C07366,North,Chandigarh,28.58028,77.23518,2024-03-11,App
C07367,East,Kolkata,22.47146,88.38221,2025-06-29,App
C07368,South,Bengaluru,12.89378,77.57599,2025-10-11,Web
C07369,South,Hyderabad,12.91121,77.66899,2025-04-07,App
C07370,South,Bengaluru,13.05028,77.64876,2025-04-03,App
C07371,East,Bhubaneswar,22.7047,88.41652,2024-06-06,Web
C07372,West,Mumbai,19.12721,72.87327,2024-10-27,App
C07373,North,Jaipur,28.67575,77.2699,2024-01-20,App
C07374,West,Pune,19.05245,72.8576,2024-06-21,App
C07375,South,Hyderabad,13.01173,77.68218,2024-07-19,App
C07376,North,Jaipur,28.69545,77.2429,2025-06-19,Web
C07377,North,Delhi,28.67771,77.27524,2024-08-02,Web
C07378,West,Mumbai,19.04601,72.95284,2024-04-04,Web
C07379,North,Delhi,28.60117,77.17808,2025-02-09,Web
C07380,South,Hyderabad,12.95248,77.67792,2025-06-22,App
C07381,South,Hyderabad,12.86058,77.63178,2024-10-22,App
C07382,East,Bhubaneswar,22.63558,88.31968,2025-09-02,Web
C07383,West,Pune,19.06348,72.90902,2025-01-28,App
C07384,West,Mumbai,19.15966,72.91321,2025-06-11,Web
C07385,South,Chennai,12.98967,77.53109,2024-12-28,Web
C07386,West,Pune,19.08171,72.82639,2025-04-14,Web
C07387,West,Mumbai,19.15484,72.85455,2024-01-31,App
C07388,North,Delhi,28.57078,77.17012,2024-10-27,App
C07389,North,Delhi,28.61516,77.17623,2025-08-28,App
C07390,North,Jaipur,28.59823,77.09936,2024-06-08,Web
C07391,East,Kolkata,22.62276,88.2838,2024-12-25,App
C07392,South,Hyderabad,12.94306,77.61066,2025-09-06,App
C07393,West,Ahmedabad,19.01937,72.90816,2024-11-30,App
C07394,North,Jaipur,28.42064,77.25671,2024-11-05,Web
C07395,North,Delhi,28.67003,77.21561,2024-10-23,App
C07396,North,Jaipur,28.58269,77.17766,2025-03-08,Web
C07397,North,Delhi,28.59047,77.18028,2025-04-24,Web
C07398,West,Mumbai,19.17347,72.94594,2024-11-21,App
C07399,North,Chandigarh,28.82135,77.17227,2025-10-03,App
C07400,North,Chandigarh,28.56111,77.28637,2024-02-25,App
C07401,East,Bhubaneswar,22.60108,88.4307,2025-08-19,App
C07402,North,Jaipur,28.65068,77.17562,2024-08-03,App
C07403,South,Bengaluru,13.07522,77.58449,2025-05-29,App
C07404,North,Delhi,28.71069,77.24327,2025-01-28,Web
C07405,North,Chandigarh,28.60592,77.26039,2025-02-09,App
C07406,South,Chennai,12.9404,77.46005,2025-03-05,App
C07407,West,Pune,19.06951,72.84883,2024-06-10,App
C07408,South,Hyderabad,12.99931,77.54077,2024-10-08,Web
C07409,North,Jaipur,28.62412,77.20431,2025-10-03,Web
C07410,South,Hyderabad,12.89917,77.47636,2024-12-15,App
C07411,East,Kolkata,22.50864,88.35863,2024-02-05,App
C07412,East,Patna,22.48157,88.31455,2024-07-19,Web
C07413,North,Delhi,28.6057,77.29154,2025-02-03,App
C07414,South,Chennai,13.02082,77.43929,2024-05-29,Web
C07415,West,Ahmedabad,19.08212,72.89171,2024-12-27,App
C07416,West,Pune,19.09309,72.84059,2024-03-22,Web
C07417,South,Chennai,13.02327,77.54892,2024-02-29,App
C07418,East,Kolkata,22.63643,88.45383,2024-08-24,App
C07419,North,Delhi,28.54244,77.24582,2024-05-30,Web
C07420,South,Hyderabad,13.05114,77.47673,2024-09-03,App
C07421,East,Patna,22.65859,88.39829,2025-05-27,App
C07422,South,Bengaluru,12.924,77.64152,2024-01-27,App
C07423,West,Mumbai,19.10511,72.91468,2025-03-09,App
C07424,North,Delhi,28.60747,77.22437,2025-07-04,App
C07425,West,Mumbai,18.98516,72.92234,2024-05-19,App
C07426,West,Ahmedabad,18.99902,72.9278,2025-04-04,App
C07427,East,Bhubaneswar,22.53275,88.30232,2024-07-21,App
C07428,North,Jaipur,28.47352,77.16562,2024-08-15,Web
C07429,East,Patna,22.64271,88.26168,2024-04-28,Web
C07430,South,Hyderabad,13.11785,77.69991,2024-04-24,App
C07431,West,Ahmedabad,19.16677,72.87107,2024-02-20,Web
C07432,West,Mumbai,18.93693,72.76881,2025-06-15,App
C07433,North,Delhi,28.60856,77.13952,2024-09-21,App
C07434,North,Chandigarh,28.6065,77.15104,2024-05-02,App
C07435,North,Delhi,28.7027,77.24784,2024-04-01,App
C07436,North,Jaipur,28.62638,77.23421,2025-05-19,App
C07437,North,Jaipur,28.60163,77.15219,2025-08-07,App
C07438,East,Bhubaneswar,22.52301,88.35461,2025-09-01,App
C07439,West,Ahmedabad,19.16943,72.75784,2025-05-29,App
C07440,South,Bengaluru,13.0133,77.71971,2024-10-16,App
C07441,West,Pune,19.12236,72.87529,2024-08-19,App
C07442,South,Bengaluru,12.98438,77.44554,2025-06-27,App
C07443,North,Chandigarh,28.66262,77.34101,2024-03-18,App
C07444,West,Ahmedabad,19.05738,72.84361,2025-05-14,App
C07445,North,Delhi,28.60224,77.22862,2024-11-09,App
C07446,West,Ahmedabad,19.22289,72.92772,2024-10-27,App
C07447,East,Patna,22.45301,88.28539,2025-02-20,App
C07448,West,Pune,19.05001,72.89899,2025-08-05,App
C07449,North,Jaipur,28.63749,77.1402,2024-07-17,App
C07450,West,Mumbai,19.05949,72.96117,2024-02-06,App
C07451,West,Pune,19.12097,72.85891,2025-07-17,App
C07452,South,Unknown,12.83129,77.6997,2024-11-28,App
C07453,North,Jaipur,28.67553,77.2099,2024-10-16,Web
C07454,East,Patna,22.71246,88.37477,2024-12-11,Web
C07455,West,Mumbai,19.10885,72.84909,2024-06-17,App
C07456,North,Delhi,28.78351,77.21663,2024-12-22,App
C07457,West,Ahmedabad,19.09629,72.80068,2025-01-05,App
C07458,East,Bhubaneswar,22.58794,88.30231,2025-04-30,Web
C07459,West,Ahmedabad,19.12495,72.89292,2024-01-03,App
C07460,North,Delhi,28.5617,77.14052,2024-09-16,App
C07461,East,Kolkata,22.55282,88.2954,2024-08-14,App
C07462,West,Pune,19.00374,72.93807,2025-01-19,App
C07463,East,Kolkata,22.62221,88.47253,2025-08-16,App
C07464,West,Mumbai,19.10681,72.85982,2025-03-26,App
C07465,North,Delhi,28.65963,77.20645,2025-08-25,App
C07466,West,Mumbai,19.07699,72.89747,2024-05-28,Web
C07467,North,Delhi,28.69591,77.30753,2025-05-01,Web
C07468,East,Patna,22.61458,88.19612,2024-01-12,App
C07469,East,Kolkata,22.51149,88.36844,2024-04-22,Web
C07470,East,Bhubaneswar,22.66801,88.39997,2024-09-10,App
C07471,South,Chennai,12.93916,77.58048,2024-02-08,App
C07472,West,Mumbai,19.1771,72.95426,2025-09-16,App
C07473,West,Pune,19.04272,72.97488,2025-02-11,App
C07474,West,Mumbai,19.14631,72.91826,2024-10-22,App
C07475,East,Bhubaneswar,22.5074,88.41365,2025-01-07,App
C07476,South,Chennai,12.95916,77.51848,2024-07-30,App
C07477,North,Jaipur,28.54149,77.245,2024-09-14,App
C07478,West,Mumbai,19.00713,72.88813,2025-01-22,App
C07479,West,Mumbai,19.14895,72.8449,2024-08-18,App
C07480,East,Kolkata,22.44369,88.45853,2024-11-12,App
C07481,South,Chennai,12.96949,77.61846,2025-02-20,App
C07482,North,Chandigarh,28.68344,77.2049,2024-12-25,App
C07483,North,Unknown,28.70113,77.13289,2024-03-23,App
C07484,West,Ahmedabad,19.11665,72.91487,2024-11-09,Web
C07485,North,Delhi,28.63693,77.22809,2024-07-03,Web
C07486,North,Chandigarh,28.51778,77.19887,2024-01-26,App
C07487,South,Chennai,12.99062,77.72351,2025-04-15,App
C07488,North,Delhi,28.68854,77.24331,2025-04-14,App
C07489,West,Mumbai,19.03362,72.91177,2024-06-19,App
C07490,South,Chennai,13.00599,77.55727,2024-11-06,App
C07491,North,Chandigarh,28.75499,77.15046,2024-10-05,App
C07492,North,Delhi,28.75675,77.31304,2024-03-22,Web
C07493,West,Pune,19.10177,72.90784,2024-04-01,App
C07494,East,Patna,22.66329,88.36596,2024-09-03,App
C07495,North,Jaipur,28.47573,77.21735,2024-07-02,App
C07496,North,Chandigarh,28.63387,77.42573,2024-11-24,App
C07497,South,Bengaluru,12.9384,77.66962,2025-08-23,Web
C07498,North,Jaipur,28.56526,77.26187,2025-07-31,Web
C07499,South,Hyderabad,12.9432,77.58292,2024-09-05,App
C07500,South,Chennai,13.03049,77.55997,2024-08-27,App
C07501,South,Chennai,12.94455,77.659,2025-05-14,App
C07502,North,Jaipur,28.64352,77.2444,2025-06-10,Web
C07503,West,Mumbai,19.08676,72.924,2025-05-18,App
C07504,North,Jaipur,28.69769,77.0552,2024-08-24,App
C07505,North,Delhi,28.65104,77.21758,2025-02-07,App
C07506,South,Bengaluru,13.03454,77.66992,2024-10-21,App
C07507,North,Chandigarh,28.57542,77.2142,2024-02-05,App
C07508,West,Ahmedabad,18.94945,72.90884,2025-03-31,App
C07509,West,Pune,18.99,72.82198,2024-04-17,Web
C07510,North,Delhi,28.75449,77.29409,2024-12-27,App
C07511,North,Chandigarh,28.69558,77.30597,2025-02-26,App
C07512,West,Mumbai,19.14052,72.79945,2024-09-19,App
C07513,West,Mumbai,19.1538,72.89527,2024-06-23,App
C07514,East,Kolkata,22.6549,88.41177,2024-01-29,Web
C07515,East,Bhubaneswar,22.63947,88.30283,2024-10-01,App
C07516,South,Hyderabad,12.95994,77.50654,2024-05-24,App
C07517,South,Hyderabad,12.96535,77.66349,2025-08-24,App
C07518,East,Bhubaneswar,22.43119,88.35701,2024-05-31,Web
C07519,West,Ahmedabad,19.03959,73.04095,2025-10-06,Web
C07520,West,Ahmedabad,19.00708,72.92777,2024-08-07,App
C07521,South,Bengaluru,12.85246,77.45816,2025-04-22,App
C07522,South,Chennai,13.07517,77.6565,2024-09-29,App
C07523,East,Patna,22.55681,88.27617,2024-07-20,App
C07524,North,Delhi,28.68289,77.13817,2025-04-24,App
C07525,South,Chennai,12.97255,77.70078,2025-02-02,App
C07526,West,Pune,19.23599,72.8549,2025-05-12,App
C07527,East,Patna,22.58953,88.44726,2025-07-05,Web
C07528,South,Hyderabad,13.0062,77.61322,2025-01-01,App
C07529,East,Patna,22.61603,88.36683,2025-03-20,App
C07530,East,Bhubaneswar,22.61285,88.3904,2024-05-03,App
C07531,North,Chandigarh,28.56816,77.03297,2024-01-06,App
C07532,North,Jaipur,28.54037,77.11648,2024-01-20,App
C07533,North,Delhi,28.72557,77.16988,2024-02-13,App
C07534,East,Kolkata,22.68334,88.26983,2025-04-13,App
C07535,West,Mumbai,19.2023,72.81131,2025-01-03,App
C07536,North,Jaipur,28.67347,77.20487,2024-09-14,App
C07537,North,Delhi,28.54786,77.25325,2024-12-27,App
C07538,South,Bengaluru,13.05228,77.67466,2024-06-03,App
C07539,North,Jaipur,28.5095,77.23724,2024-11-10,App
C07540,West,Ahmedabad,19.08318,72.9126,2025-03-11,App
C07541,North,Jaipur,28.76899,77.23604,2025-03-02,Web
C07542,North,Delhi,28.64741,77.09406,2024-07-02,App
C07543,West,Ahmedabad,19.17266,72.87933,2025-01-11,App
C07544,South,Bengaluru,13.07268,77.5736,2024-12-26,App
C07545,North,Chandigarh,28.65758,77.32652,2024-12-21,App
C07546,West,Mumbai,19.14481,72.7925,2025-01-10,App
C07547,North,Chandigarh,28.55923,77.1429,2024-01-12,App
C07548,West,Mumbai,19.14705,72.93988,2024-01-29,App
C07549,East,Kolkata,22.61357,88.43617,2025-04-01,App
C07550,West,Ahmedabad,19.098,72.99587,2025-06-21,App
C07551,North,Delhi,28.57868,77.19754,2025-03-12,App
C07552,West,Mumbai,19.09837,72.87969,2024-08-16,App
C07553,West,Mumbai,18.97685,72.92419,2025-05-11,App
C07554,West,Mumbai,19.02739,72.9196,2025-06-30,App
C07555,East,Kolkata,22.63362,88.27425,2024-03-01,Web
C07556,South,Bengaluru,12.9884,77.64388,2024-03-15,Web
C07557,West,Mumbai,19.0111,72.85252,2025-07-07,App
C07558,South,Hyderabad,13.15137,77.70969,2025-09-18,Web
C07559,South,Hyderabad,12.86666,77.68413,2024-07-28,App
C07560,West,Mumbai,19.02544,72.82393,2025-02-17,App
C07561,South,Hyderabad,12.94479,77.51198,2024-03-12,Web
C07562,South,Hyderabad,13.08346,77.55975,2025-01-20,App
C07563,North,Jaipur,28.58496,77.2641,2025-03-29,App
C07564,South,Chennai,13.00023,77.63413,2024-04-25,App
C07565,West,Mumbai,19.08465,72.75692,2024-08-15,App
C07566,East,Bhubaneswar,22.60742,88.41843,2025-04-28,App
C07567,East,Kolkata,22.4978,88.30973,2025-06-20,App
C07568,South,Chennai,12.98733,77.61481,2025-01-16,Web
C07569,South,Chennai,12.87642,77.52031,2025-09-22,App
C07570,East,Patna,22.5341,88.35825,2024-08-17,App
C07571,West,Pune,19.23526,72.9217,2024-12-19,Web
C07572,West,Mumbai,19.0185,72.87804,2025-03-17,App
C07573,North,Chandigarh,28.57627,77.23255,2024-03-31,App
C07574,North,Chandigarh,28.70322,77.21802,2025-09-19,App
C07575,North,Jaipur,28.68101,77.26305,2024-01-29,App
C07576,South,Chennai,12.96522,77.6125,2024-03-24,App
C07577,East,Kolkata,22.51502,88.41295,2025-01-11,App
C07578,North,Jaipur,28.5986,77.22376,2025-04-02,App
C07579,West,Mumbai,19.11033,72.97082,2024-11-04,App
C07580,West,Ahmedabad,19.10518,72.84974,2025-10-03,App
C07581,North,Chandigarh,28.6167,77.22428,2024-09-17,App
C07582,West,Mumbai,19.05286,72.77619,2025-04-10,App
C07583,East,Kolkata,22.59931,88.3624,2024-01-06,App
C07584,East,Kolkata,22.57984,88.44759,2024-03-06,App
C07585,North,Delhi,28.61339,77.2448,2024-05-20,Web
C07586,North,Delhi,28.5995,77.15641,2024-08-11,Web
C07587,North,Delhi,28.67951,77.19796,2024-02-26,App
C07588,North,Jaipur,28.48828,77.2026,2024-07-10,App
C07589,West,Mumbai,19.0993,72.95099,2025-07-26,App
C07590,North,Delhi,28.69372,77.39371,2025-09-15,App
C07591,North,Delhi,28.58798,77.23803,2024-12-24,App
C07592,East,Bhubaneswar,22.39894,88.34777,2024-03-31,App
C07593,West,Pune,19.08297,72.84872,2024-01-19,App
C07594,South,Chennai,13.02426,77.55431,2024-09-23,App
C07595,West,Mumbai,19.12394,72.82012,2024-03-04,App
C07596,West,Ahmedabad,19.17972,72.81879,2024-08-21,App
C07597,South,Hyderabad,12.87191,77.68259,2025-10-10,App
C07598,South,Hyderabad,13.04353,77.52343,2024-01-10,App
C07599,West,Mumbai,19.08932,72.82515,2024-11-06,App
C07600,North,Jaipur,28.57514,77.14778,2024-04-08,App
C07601,South,Bengaluru,12.89615,77.67008,2024-12-10,App
C07602,West,Ahmedabad,19.02648,72.89719,2025-09-08,App
C07603,North,Jaipur,28.5896,77.20899,2024-10-27,App
C07604,East,Kolkata,22.49712,88.24898,2024-08-03,App
C07605,West,Mumbai,19.11025,72.82873,2025-08-08,App
C07606,East,Patna,22.65069,88.28125,2025-04-03,App
C07607,West,Pune,19.00689,72.8925,2024-08-27,Web
C07608,West,Mumbai,19.21451,72.91791,2025-05-17,App
C07609,South,Hyderabad,12.96408,77.72889,2024-05-11,App
C07610,East,Bhubaneswar,22.34202,88.2725,2025-09-26,App
C07611,South,Bengaluru,12.95019,77.66774,2025-03-09,App
C07612,North,Chandigarh,28.59177,77.22525,2024-11-05,App
C07613,West,Pune,19.04533,72.8718,2024-01-06,App
C07614,North,Jaipur,28.58806,77.2131,2025-04-22,App
C07615,North,Delhi,28.55632,77.19911,2024-11-24,App
C07616,West,Mumbai,18.96282,72.90209,2024-01-31,App
C07617,North,Delhi,28.62262,77.22325,2025-03-28,App
C07618,West,Ahmedabad,19.02297,72.79333,2024-01-25,App
C07619,West,Pune,19.15252,72.91051,2025-06-05,App
C07620,West,Pune,19.09842,72.82367,2024-08-09,App
C07621,West,Ahmedabad,19.12649,72.97691,2024-07-07,Web
C07622,South,Hyderabad,13.095,77.56635,2024-06-22,App
C07623,East,Bhubaneswar,22.48731,88.44982,2024-08-15,App
C07624,East,Bhubaneswar,22.56335,88.38764,2024-11-11,App
C07625,South,Bengaluru,13.03278,77.57982,2025-03-05,App
C07626,East,Kolkata,22.53006,88.36351,2024-04-26,App
C07627,West,Pune,19.15878,72.87074,2024-05-19,App
C07628,East,Bhubaneswar,22.52494,88.30057,2025-09-01,Web
C07629,South,Hyderabad,12.88503,77.61845,2024-03-11,App
C07630,South,Chennai,12.99165,77.59224,2025-09-03,Web
C07631,East,Bhubaneswar,22.62118,88.28294,2025-03-13,App
C07632,West,Pune,19.08863,72.86825,2024-06-28,App
C07633,West,Ahmedabad,19.02995,72.72385,2024-04-10,App
C07634,North,Delhi,28.69867,77.32866,2024-12-21,App
C07635,North,Delhi,28.57631,77.21347,2024-12-13,App
C07636,East,Kolkata,22.5786,88.45503,2025-03-19,App
C07637,West,Ahmedabad,19.08015,72.93796,2025-08-26,App
C07638,West,Ahmedabad,19.01765,72.87789,2025-08-11,App
C07639,East,Patna,22.45388,88.26031,2024-07-06,Web
C07640,West,Pune,19.23779,72.92081,2024-10-02,Web
C07641,East,Bhubaneswar,22.60017,88.49852,2024-11-09,App
C07642,West,Pune,19.01153,72.89232,2025-07-24,App
C07643,West,Ahmedabad,19.12011,72.87402,2024-12-24,App
C07644,West,Mumbai,19.12508,72.90544,2024-08-10,App
C07645,North,Delhi,28.49592,77.33626,2025-07-22,App
C07646,North,Jaipur,28.58761,77.19778,2025-01-26,App
C07647,North,Chandigarh,28.50418,77.09403,2024-01-24,App
C07648,South,Hyderabad,12.89722,77.60711,2024-01-19,App
C07649,South,Bengaluru,12.96411,77.59411,2024-09-26,App
C07650,West,Ahmedabad,19.01227,72.89663,2024-02-22,App
C07651,South,Chennai,12.92491,77.58391,2024-12-31,Web
C07652,South,Hyderabad,12.99927,77.60429,2024-09-02,App
C07653,North,Chandigarh,28.60859,77.16645,2024-05-25,App
C07654,North,Delhi,28.63066,77.16899,2024-04-28,Web
C07655,West,Pune,19.00738,72.86773,2025-04-24,App
C07656,West,Mumbai,19.18413,72.85179,2025-08-27,App
C07657,South,Chennai,12.92515,77.51028,2025-05-21,Web
C07658,South,Hyderabad,12.9637,77.6063,2024-07-30,App
C07659,East,Bhubaneswar,22.47469,88.45225,2025-04-05,Web
C07660,South,Hyderabad,12.96855,77.56371,2025-10-07,Web
C07661,North,Delhi,28.60584,77.21895,2025-01-08,App
C07662,West,Ahmedabad,19.01534,72.80961,2025-09-08,App
C07663,East,Kolkata,22.51381,88.29387,2024-12-21,App
C07664,North,Delhi,28.61417,77.37486,2025-06-21,App
C07665,North,Jaipur,28.53629,77.16684,2025-06-09,App
C07666,North,Delhi,28.51748,77.0895,2025-07-05,App
C07667,West,Pune,19.07781,72.75334,2025-07-21,App
C07668,North,Jaipur,28.6849,77.17088,2024-09-08,App
C07669,South,Chennai,13.00231,77.58763,2025-10-08,App
C07670,North,Chandigarh,28.75237,77.25501,2025-08-25,App
C07671,North,Delhi,28.56437,77.25017,2025-06-06,App
C07672,North,Chandigarh,28.6906,77.27141,2025-08-26,App
C07673,South,Chennai,12.96276,77.48687,2025-03-23,App
C07674,North,Delhi,28.47829,77.07532,2025-03-05,App
C07675,West,Mumbai,19.10741,72.81552,2025-02-13,App
C07676,South,Chennai,12.97002,77.4569,2025-08-03,Web
C07677,South,Hyderabad,13.04084,77.55159,2025-09-14,App
C07678,North,Chandigarh,28.67067,77.14929,2024-06-18,App
C07679,West,Pune,19.0689,72.96509,2025-06-03,App
C07680,North,Chandigarh,28.53881,77.31418,2025-03-01,App
C07681,East,Patna,22.38964,88.49936,2024-12-29,App
C07682,North,Delhi,28.6956,77.22442,2024-08-06,App
C07683,East,Patna,22.60397,88.40471,2024-04-01,Web
C07684,East,Kolkata,22.54294,88.25846,2024-10-22,App
C07685,West,Pune,19.1055,72.89297,2024-10-12,App
C07686,South,Bengaluru,13.03687,77.58212,2024-09-13,App
C07687,West,Pune,18.98625,72.84274,2025-02-14,Web
C07688,North,Jaipur,28.55389,77.16472,2025-03-24,Web
C07689,North,Jaipur,28.58443,77.19198,2025-07-05,App
C07690,North,Jaipur,28.52189,77.17782,2025-06-20,Web
C07691,South,Chennai,12.8859,77.61677,2024-09-19,App
C07692,West,Mumbai,18.97239,72.7577,2025-06-01,App
C07693,East,Bhubaneswar,22.61108,88.32271,2025-03-02,App
C07694,South,Hyderabad,13.04691,77.58375,2025-01-23,App
C07695,West,Mumbai,19.14348,72.8036,2025-03-21,App
C07696,South,Bengaluru,13.01248,77.67119,2025-06-04,Web
C07697,West,Pune,19.10047,72.896,2024-05-10,App
C07698,West,Ahmedabad,19.18681,72.83709,2024-06-10,App
C07699,North,Chandigarh,28.6726,77.14331,2024-11-25,Web
C07700,West,Ahmedabad,19.11583,72.70204,2024-02-05,App
C07701,South,Hyderabad,12.99036,77.65445,2025-07-09,App
C07702,North,Jaipur,28.63327,77.17956,2025-07-18,App
C07703,South,Chennai,12.95219,77.6061,2024-01-25,App
C07704,North,Jaipur,28.53409,77.15336,2024-01-07,App
C07705,South,Hyderabad,13.00741,77.63399,2024-11-05,App
C07706,North,Chandigarh,28.60697,77.30418,2024-04-26,Web
C07707,West,Pune,19.06389,72.86659,2025-05-30,App
C07708,West,Pune,19.12872,73.00352,2024-08-11,App
C07709,South,Chennai,12.95757,77.5227,2025-09-21,App
C07710,East,Bhubaneswar,22.66949,88.32143,2024-12-09,App
C07711,West,Ahmedabad,19.16134,72.84872,2024-09-12,App
C07712,East,Patna,22.73045,88.35532,2024-01-07,App
C07713,North,Chandigarh,28.75311,77.21281,2025-05-13,App
C07714,North,Jaipur,28.61292,77.22277,2024-06-12,App
C07715,South,Hyderabad,12.99005,77.65124,2025-08-24,App
C07716,South,Bengaluru,12.95999,77.55284,2024-11-05,App
C07717,South,Chennai,13.02887,77.6631,2025-10-05,App
C07718,North,Chandigarh,28.51276,77.16507,2025-05-21,App
C07719,West,Ahmedabad,19.05247,72.97925,2024-07-22,App
C07720,South,Hyderabad,13.0842,77.59974,2024-08-03,App
C07721,North,Delhi,28.47452,77.26862,2024-04-01,App
C07722,South,Bengaluru,13.06105,77.55137,2025-08-14,App
C07723,West,Pune,19.11484,72.80827,2025-04-16,App
C07724,North,Chandigarh,28.61401,77.22033,2025-04-05,App
C07725,West,Ahmedabad,19.10289,72.96287,2024-09-25,App
C07726,South,Chennai,12.96235,77.56034,2024-11-18,App
C07727,South,Hyderabad,12.96158,77.63739,2025-01-25,App
C07728,West,Ahmedabad,19.00237,72.89401,2025-01-11,App
C07729,East,Patna,22.5693,88.34771,2025-08-15,App
C07730,West,Mumbai,19.04831,72.91846,2024-10-06,App
C07731,East,Patna,22.6363,88.22697,2024-03-28,App
C07732,West,Mumbai,19.00062,72.8618,2024-11-22,Web
C07733,East,Patna,22.74792,88.40594,2024-07-12,App
C07734,South,Hyderabad,12.94788,77.66405,2025-09-30,App
C07735,North,Jaipur,28.57708,77.24768,2024-08-15,App
C07736,East,Bhubaneswar,22.52356,88.29703,2025-02-04,Web
C07737,North,Delhi,28.57545,77.13426,2024-11-25,App
C07738,North,Delhi,28.63012,77.23862,2025-08-06,App
C07739,West,Mumbai,19.02435,72.91211,2024-11-28,App
C07740,North,Jaipur,28.61409,77.13873,2024-11-27,Web
C07741,West,Mumbai,19.07594,72.91283,2025-09-14,App
C07742,East,Patna,22.4897,88.26907,2025-07-06,Web
C07743,North,Chandigarh,28.59305,77.26352,2024-02-23,App
C07744,South,Hyderabad,12.92292,77.5888,2025-02-01,App
C07745,South,Bengaluru,12.9433,77.4488,2025-01-29,App
C07746,West,Ahmedabad,19.09509,72.83526,2025-03-25,App
C07747,East,Bhubaneswar,22.6207,88.34345,2024-12-05,App
C07748,North,Delhi,28.63439,77.19003,2024-07-01,App
C07749,East,Kolkata,22.64292,88.42652,2024-08-25,App
C07750,West,Ahmedabad,19.12466,72.94715,2025-01-25,Web
C07751,East,Patna,22.66708,88.38914,2025-06-28,App
C07752,South,Bengaluru,12.89889,77.58763,2024-02-23,App
C07753,West,Mumbai,19.08371,72.85393,2024-08-13,App
C07754,South,Chennai,12.91841,77.66501,2025-04-03,App
C07755,West,Ahmedabad,19.1394,72.87621,2025-03-02,Web
C07756,West,Pune,19.0309,72.89722,2024-06-10,App
C07757,West,Mumbai,19.248,72.87339,2025-07-28,App
C07758,South,Chennai,12.8338,77.55748,2025-07-03,Web
C07759,South,Bengaluru,12.97966,77.5761,2024-09-01,App
C07760,East,Bhubaneswar,22.68332,88.38739,2024-07-10,App
C07761,South,Hyderabad,13.01193,77.45308,2024-01-27,App
C07762,South,Bengaluru,12.88871,77.52667,2024-01-18,App
C07763,North,Jaipur,28.57739,77.15848,2025-03-02,App
C07764,North,Delhi,28.57062,77.20742,2024-08-23,App
C07765,North,Chandigarh,28.54797,77.22123,2025-09-18,App
C07766,North,Jaipur,28.59015,77.30691,2025-07-22,App
C07767,North,Delhi,28.54585,77.31832,2025-06-26,Web
C07768,West,Ahmedabad,19.13276,72.82621,2024-06-30,App
C07769,South,Bengaluru,12.96487,77.56142,2025-09-23,Web
C07770,South,Hyderabad,12.99499,77.59893,2025-06-02,App
C07771,South,Hyderabad,12.92144,77.67965,2024-03-02,Web
C07772,West,Mumbai,19.01715,72.79315,2025-04-08,Web
C07773,West,Mumbai,19.15132,72.92912,2024-11-30,App
C07774,North,Jaipur,28.73711,77.22925,2024-03-11,App
C07775,West,Ahmedabad,19.04168,72.78682,2025-02-22,Web
C07776,North,Chandigarh,28.67649,77.24035,2025-09-02,App
C07777,South,Chennai,13.03812,77.69129,2025-01-04,App
C07778,West,Mumbai,19.05754,72.87793,2024-03-11,App
C07779,South,Hyderabad,12.90753,77.67429,2024-02-05,App
C07780,West,Mumbai,18.97477,72.68066,2024-06-19,App
C07781,East,Kolkata,22.51503,88.30741,2025-03-12,App
C07782,East,Patna,22.55215,88.43641,2025-04-17,App
C07783,North,Jaipur,28.68677,77.3687,2025-01-21,App
C07784,North,Jaipur,28.61485,77.12448,2024-06-22,App
C07785,South,Hyderabad,12.88646,77.64993,2024-03-11,App
C07786,East,Bhubaneswar,22.54404,88.39125,2024-12-29,App
C07787,North,Jaipur,28.59872,77.38645,2024-01-28,Web
C07788,West,Mumbai,19.05824,72.7759,2024-07-20,App
C07789,East,Patna,22.56483,88.30598,2024-12-29,App
C07790,West,Mumbai,19.17712,72.85599,2025-06-23,App
C07791,South,Hyderabad,12.94296,77.63336,2024-04-22,App
C07792,North,Jaipur,28.58055,77.18017,2024-04-08,App
C07793,North,Chandigarh,28.64254,77.07843,2024-01-30,App
C07794,West,Mumbai,19.05434,72.79762,2025-09-13,App
C07795,East,Patna,22.64278,88.34631,2025-06-25,App
C07796,North,Delhi,28.69055,77.29756,2024-04-03,Web
C07797,North,Chandigarh,28.51421,77.196,2024-12-30,App
C07798,North,Jaipur,28.66114,77.22222,2024-10-20,App
C07799,South,Chennai,12.94599,77.51742,2024-12-07,App
C07800,North,Delhi,28.50891,77.24328,2024-05-28,App
C07801,East,Kolkata,22.67246,88.37807,2025-05-29,App
C07802,East,Patna,22.62208,88.44649,2024-01-29,App
C07803,South,Hyderabad,12.98128,77.56239,2025-07-05,App
C07804,East,Kolkata,22.64503,88.32963,2024-07-30,App
C07805,South,Chennai,12.96007,77.6837,2025-01-29,App
C07806,West,Pune,19.08733,72.98688,2025-07-30,App
C07807,South,Bengaluru,12.81892,77.70196,2025-02-16,App
C07808,North,Chandigarh,28.62283,77.28768,2024-08-30,App
C07809,North,Jaipur,28.76044,77.13188,2024-11-29,App
C07810,East,Patna,22.53442,88.44843,2024-05-02,App
C07811,East,Patna,22.6827,88.31674,2025-10-04,Web
C07812,South,Hyderabad,12.99015,77.4963,2025-08-03,App
C07813,West,Ahmedabad,19.10408,72.90337,2024-03-12,App
C07814,North,Delhi,28.64259,77.30161,2024-06-23,App
C07815,West,Ahmedabad,19.05098,72.9185,2024-05-19,App
C07816,South,Chennai,12.9581,77.47454,2025-05-19,Web
C07817,West,Pune,19.09663,72.82752,2025-03-15,App
C07818,East,Bhubaneswar,22.65543,88.37873,2025-01-29,App
C07819,South,Chennai,12.97191,77.5562,2025-07-08,App
C07820,North,Jaipur,28.69653,77.0717,2025-01-18,Web
C07821,West,Ahmedabad,19.12639,72.94379,2024-10-08,App
C07822,West,Ahmedabad,19.07295,72.90415,2024-05-28,Web
C07823,South,Bengaluru,12.85763,77.51067,2024-05-10,App
C07824,West,Pune,19.07507,72.88669,2025-02-02,App
C07825,West,Ahmedabad,18.98395,72.85516,2025-03-09,Web
C07826,West,Ahmedabad,19.10302,72.81931,2024-11-16,Web
C07827,South,Hyderabad,12.95584,77.603,2024-06-08,App
C07828,North,Delhi,28.68444,77.25217,2025-08-26,Web
C07829,West,Pune,19.02603,72.98266,2025-07-13,Web
C07830,East,Bhubaneswar,22.58734,88.35493,2024-10-23,App
C07831,West,Mumbai,19.08443,72.97408,2024-05-02,App
C07832,North,Chandigarh,28.56007,77.21055,2025-03-14,App
C07833,West,Mumbai,19.12971,72.85441,2025-08-09,App
C07834,South,Bengaluru,12.94715,77.56503,2024-08-05,App
C07835,North,Chandigarh,28.57654,77.23593,2024-12-19,Web
C07836,West,Mumbai,19.07057,72.86403,2024-04-01,App
C07837,East,Bhubaneswar,22.6858,88.35835,2024-10-28,App
C07838,South,Hyderabad,12.86494,77.5442,2024-10-29,App
C07839,East,Patna,22.60031,88.41122,2025-05-26,App
C07840,South,Chennai,13.05635,77.58153,2024-05-02,App
C07841,West,Ahmedabad,19.083,72.89887,2025-02-23,App
C07842,West,Ahmedabad,19.12614,72.86875,2024-10-12,App
C07843,South,Bengaluru,12.97751,77.6741,2025-08-27,App
C07844,South,Chennai,13.03732,77.46698,2025-01-15,App
C07845,West,Ahmedabad,19.06333,72.78951,2024-12-10,Web
C07846,West,Mumbai,19.00953,72.9651,2025-01-14,Web
C07847,East,Patna,22.44404,88.39177,2024-07-21,App
C07848,South,Bengaluru,12.80564,77.673,2024-04-25,App
C07849,West,Mumbai,19.05792,72.98335,2025-09-24,App
C07850,North,Delhi,28.51941,77.12674,2024-08-15,App
C07851,West,Pune,19.07564,72.86749,2025-04-15,App
C07852,North,Delhi,28.66849,77.12843,2025-04-23,Web
C07853,West,Pune,19.0776,72.78219,2024-10-05,App
C07854,South,Hyderabad,13.00099,77.64719,2025-02-14,App
C07855,North,Chandigarh,28.7599,77.23921,2025-02-15,App
C07856,East,Bhubaneswar,22.49859,88.2735,2024-02-05,App
C07857,North,Chandigarh,28.66857,77.19511,2025-02-26,App
C07858,North,Chandigarh,28.58972,77.20057,2024-02-02,App
C07859,West,Ahmedabad,19.07429,72.88503,2024-01-18,App
C07860,South,Chennai,12.98492,77.62125,2025-06-11,App
C07861,South,Chennai,13.01043,77.62777,2025-09-07,App
C07862,West,Mumbai,18.9905,72.86138,2025-10-07,App
C07863,East,Patna,22.58616,88.39099,2025-03-24,App
C07864,West,Pune,19.08835,72.87428,2024-09-18,App
C07865,South,Bengaluru,12.82396,77.57412,2024-09-23,App
C07866,South,Chennai,12.98233,77.61129,2025-05-26,App
C07867,West,Ahmedabad,19.0233,72.85127,2024-08-13,Web
C07868,South,Bengaluru,12.93574,77.45686,2025-03-30,Web
C07869,West,Pune,19.07686,72.93875,2024-10-15,Web
C07870,East,Kolkata,22.51523,88.39931,2024-06-25,App
C07871,West,Ahmedabad,19.07934,72.7782,2025-04-23,App
C07872,West,Mumbai,19.0424,72.87801,2025-08-26,App
C07873,West,Mumbai,18.99568,72.99232,2024-12-22,App
C07874,East,Patna,22.58516,88.32578,2025-05-12,App
C07875,West,Ahmedabad,19.14923,72.90938,2025-04-25,Web
C07876,West,Mumbai,19.18029,72.95342,2024-11-29,App
C07877,North,Chandigarh,28.64281,77.18273,2024-09-25,Web
C07878,South,Hyderabad,12.98561,77.66108,2024-07-04,App
C07879,South,Hyderabad,13.09778,77.64931,2025-05-26,App
C07880,East,Kolkata,22.60029,88.49424,2025-08-26,App
C07881,North,Chandigarh,28.70055,77.18575,2025-07-10,App
C07882,East,Kolkata,22.54516,88.30435,2025-01-19,App
C07883,South,Chennai,12.92249,77.51866,2024-02-12,App
C07884,North,Jaipur,28.63936,77.16242,2024-12-28,App
C07885,East,Bhubaneswar,22.56987,88.37887,2024-12-10,App
C07886,South,Bengaluru,12.95445,77.64351,2024-06-03,App
C07887,South,Hyderabad,13.02824,77.52236,2024-12-16,Web
C07888,West,Pune,19.01446,72.872,2024-03-29,Web
C07889,North,Chandigarh,28.59527,77.22649,2024-10-23,App
C07890,North,Jaipur,28.63385,77.26908,2024-01-06,App
C07891,South,Chennai,12.94102,77.53313,2025-04-23,App
C07892,West,Mumbai,19.06755,72.90737,2024-10-21,Web
C07893,East,Kolkata,22.69919,88.3698,2024-12-24,App
C07894,North,Delhi,28.67713,77.26736,2024-11-10,App
C07895,West,Pune,19.08685,72.82233,2024-11-22,App
C07896,South,Chennai,12.96006,77.50954,2024-02-19,Web
C07897,West,Pune,19.15257,72.82645,2024-12-02,Web
C07898,South,Bengaluru,13.02227,77.60568,2024-03-10,App
C07899,West,Ahmedabad,18.96221,72.78202,2025-07-03,App
C07900,South,Bengaluru,12.98635,77.52923,2025-06-20,App
C07901,East,Patna,22.54599,88.31573,2024-07-07,App
C07902,South,Chennai,12.93132,77.56322,2024-02-09,App
C07903,South,Bengaluru,12.93955,77.68857,2024-10-31,App
C07904,South,Chennai,13.02913,77.56953,2025-01-03,Web
C07905,West,Pune,19.09942,72.95548,2025-07-08,App
C07906,North,Chandigarh,28.59294,77.10504,2024-08-10,Web
C07907,West,Ahmedabad,19.03258,72.95709,2024-04-19,App
C07908,West,Mumbai,19.06626,72.78843,2025-01-12,App
C07909,West,Ahmedabad,19.07871,72.85626,2024-03-15,App
C07910,South,Chennai,12.9614,77.56479,2024-04-13,App
C07911,South,Chennai,13.00717,77.59075,2024-01-26,App
C07912,East,Bhubaneswar,22.48261,88.44245,2024-05-15,App
C07913,South,Chennai,13.02228,77.50704,2024-07-05,App
C07914,East,Patna,22.53717,88.33528,2024-04-07,App
C07915,South,Hyderabad,12.91552,77.56881,2024-01-28,App
C07916,East,Bhubaneswar,22.53745,88.39406,2024-06-29,App
C07917,West,Mumbai,19.00842,72.89391,2024-04-30,App
C07918,West,Pune,19.13692,72.94447,2025-02-06,App
C07919,North,Delhi,28.63218,77.25643,2024-12-27,App
C07920,North,Delhi,28.55278,77.28519,2024-06-30,App
C07921,South,Hyderabad,12.91998,77.51309,2024-10-11,App
C07922,North,Chandigarh,28.59493,77.33267,2024-12-18,Web
C07923,East,Bhubaneswar,22.52005,88.38312,2025-03-25,App
C07924,East,Kolkata,22.54128,88.42466,2024-10-20,App
C07925,East,Bhubaneswar,22.52576,88.28479,2025-02-02,Web
C07926,South,Hyderabad,12.93103,77.6896,2025-06-02,App
C07927,West,Mumbai,19.10891,72.95225,2024-03-07,App
C07928,West,Mumbai,19.13389,72.93865,2025-03-12,Web
C07929,East,Bhubaneswar,22.49006,88.32549,2024-08-20,App
C07930,South,Chennai,12.91666,77.59001,2024-01-04,App
C07931,West,Ahmedabad,19.04427,72.84406,2024-08-28,App
C07932,South,Hyderabad,12.92719,77.53179,2024-01-13,Web
C07933,West,Mumbai,19.15681,72.79996,2025-09-19,App
C07934,North,Chandigarh,28.57108,77.24711,2025-04-19,App
C07935,West,Mumbai,18.98494,72.91577,2025-05-14,App
C07936,West,Pune,19.07717,72.78504,2025-05-26,App
C07937,East,Bhubaneswar,22.61455,88.38649,2024-01-17,App
C07938,North,Jaipur,28.76525,77.22718,2025-01-13,App
C07939,North,Jaipur,28.67676,77.19678,2025-01-18,App
C07940,South,Hyderabad,12.92969,77.60575,2024-03-16,Web
C07941,South,Hyderabad,12.9689,77.54969,2025-08-10,App
C07942,South,Bengaluru,12.93984,77.59676,2024-04-09,App
C07943,East,Bhubaneswar,22.56088,88.38976,2024-06-28,App
C07944,South,Chennai,12.8708,77.61408,2024-10-27,App
C07945,West,Ahmedabad,19.00212,72.79798,2025-09-22,App
C07946,West,Ahmedabad,19.28141,72.9246,2025-04-26,App
C07947,North,Chandigarh,28.54506,77.28131,2025-07-14,App
C07948,East,Kolkata,22.60539,88.35199,2024-07-23,App
C07949,East,Bhubaneswar,22.60164,88.38738,2025-05-23,App
C07950,North,Delhi,28.52083,77.10633,2024-01-30,Web
C07951,South,Chennai,12.95607,77.5956,2024-09-18,App
C07952,North,Delhi,28.6751,77.28363,2024-01-11,App
C07953,West,Pune,19.16629,72.98653,2024-06-21,App
C07954,North,Jaipur,28.62686,77.16035,2024-04-13,Web
C07955,North,Chandigarh,28.57535,77.15346,2024-09-30,App
C07956,West,Ahmedabad,18.9104,72.88302,2024-12-07,App
C07957,West,Mumbai,18.9343,72.94557,2024-09-28,Web
C07958,North,Jaipur,28.65665,77.12988,2024-01-05,App
C07959,South,Bengaluru,12.96682,77.65491,2024-03-11,Web
C07960,South,Hyderabad,12.8458,77.55067,2024-08-01,App
C07961,West,Mumbai,19.1224,72.83577,2024-04-16,App
C07962,North,Delhi,28.63408,77.19249,2024-09-17,App
C07963,North,Delhi,28.68245,77.19556,2025-02-04,Web
C07964,South,Chennai,12.97831,77.59375,2025-06-04,App
C07965,North,Jaipur,28.56443,77.23267,2024-06-09,App
C07966,North,Chandigarh,28.61162,77.15455,2025-02-18,App
C07967,North,Jaipur,28.47978,77.20445,2024-11-19,Web
C07968,East,Bhubaneswar,22.66529,88.34917,2024-07-06,App
C07969,East,Kolkata,22.67574,88.42523,2025-09-20,Web
C07970,West,Mumbai,19.18402,72.86536,2024-03-04,Web
C07971,East,Kolkata,22.52269,88.37891,2025-09-20,App
C07972,West,Ahmedabad,19.11008,73.00145,2025-05-02,Web
C07973,North,Delhi,28.59982,77.29893,2024-04-23,Web
C07974,North,Delhi,28.55623,77.13281,2024-05-17,App
C07975,North,Chandigarh,28.64503,77.3062,2024-12-30,App
C07976,South,Bengaluru,12.9936,77.68503,2024-04-08,App
C07977,South,Bengaluru,13.0926,77.58377,2024-03-23,App
C07978,South,Hyderabad,13.0615,77.53401,2024-06-21,App
C07979,North,Delhi,28.6655,77.14261,2025-08-09,App
C07980,West,Pune,19.01719,72.81998,2024-08-22,App
C07981,South,Hyderabad,12.90279,77.52941,2025-08-27,App
C07982,North,Delhi,28.54512,77.266,2024-12-09,App
C07983,North,Chandigarh,28.58077,77.20422,2024-09-14,App
C07984,South,Chennai,12.96524,77.63129,2024-08-12,Web
C07985,North,Jaipur,28.65131,77.18518,2024-11-09,App
C07986,East,Bhubaneswar,22.58983,88.47066,2025-09-11,App
C07987,West,Mumbai,19.04293,72.94094,2025-09-07,Web
C07988,West,Pune,19.06748,72.88912,2025-07-01,Web
C07989,West,Ahmedabad,19.12984,72.81405,2025-03-15,App
C07990,West,Mumbai,19.08389,72.83896,2024-11-06,App
C07991,North,Chandigarh,28.7438,77.24346,2025-05-04,Web
C07992,West,Ahmedabad,19.12438,72.91816,2025-05-09,App
C07993,South,Bengaluru,12.88242,77.49852,2025-02-14,App
C07994,South,Chennai,12.93398,77.58386,2025-03-13,App
C07995,North,Chandigarh,28.50669,77.19627,2024-08-04,App
C07996,South,Hyderabad,12.94927,77.57773,2025-07-24,App
C07997,South,Chennai,12.96261,77.5399,2025-05-27,App
C07998,South,Bengaluru,13.02015,77.45501,2025-08-27,App
C07999,East,Bhubaneswar,22.52754,88.33915,2024-11-23,Web
C08000,East,Bhubaneswar,22.44623,88.41753,2024-08-31,App
C08001,North,Jaipur,28.56643,77.17184,2025-09-11,App
C08002,South,Hyderabad,13.04741,77.66088,2024-03-15,App
C08003,South,Hyderabad,12.93277,77.7023,2024-02-13,App
C08004,West,Mumbai,19.06863,72.84043,2024-06-21,App
C08005,North,Jaipur,28.58412,77.22585,2024-07-08,App
C08006,West,Pune,19.12892,72.92362,2024-03-13,App
C08007,East,Kolkata,22.53474,88.4025,2024-05-27,App
C08008,East,Kolkata,22.61487,88.39488,2024-03-01,Web
C08009,West,Ahmedabad,19.18107,72.85588,2025-07-31,App
C08010,North,Delhi,28.65746,77.24323,2024-07-23,App
C08011,West,Ahmedabad,19.02716,72.95853,2025-09-12,App
C08012,West,Pune,19.06738,72.88233,2025-08-31,App
C08013,North,Delhi,28.49712,77.17452,2025-01-24,App
C08014,North,Jaipur,28.5187,77.2152,2024-03-01,App
C08015,West,Ahmedabad,19.02604,72.849,2025-02-16,Web
C08016,East,Bhubaneswar,22.55121,88.40032,2025-01-17,App
C08017,North,Delhi,28.69619,77.1423,2024-07-21,Web
C08018,North,Jaipur,28.7012,77.2146,2024-05-12,App
C08019,West,Ahmedabad,19.07554,72.82997,2024-02-21,App
C08020,South,Hyderabad,12.96357,77.55749,2024-01-16,App
C08021,North,Jaipur,28.54716,77.24681,2024-11-18,App
C08022,South,Chennai,12.96211,77.54838,2024-10-16,App
C08023,South,Hyderabad,13.02272,77.55919,2025-01-17,App
C08024,South,Bengaluru,13.04707,77.6505,2025-07-20,Web
C08025,South,Chennai,12.91852,77.58008,2024-07-01,App
C08026,North,Jaipur,28.49271,77.18624,2025-03-14,App
C08027,North,Delhi,28.60729,77.20664,2025-02-08,App
C08028,West,Ahmedabad,19.15994,72.83905,2024-11-16,App
C08029,South,Bengaluru,12.98173,77.51491,2024-12-18,App
C08030,West,Ahmedabad,19.06055,72.86248,2025-05-17,App
C08031,North,Delhi,28.54372,77.21179,2025-02-28,Web
C08032,North,Jaipur,28.66471,77.25601,2025-08-15,Web
C08033,West,Ahmedabad,19.0963,72.75968,2025-09-08,App
C08034,West,Ahmedabad,18.98915,72.83919,2024-05-25,App
C08035,South,Bengaluru,13.07094,77.59187,2025-03-08,App
C08036,North,Chandigarh,28.68393,77.14682,2025-08-27,App
C08037,North,Jaipur,28.53486,77.29423,2024-09-28,App
C08038,East,Kolkata,22.61227,88.2933,2025-08-01,App
C08039,West,Pune,19.05175,72.86651,2025-06-13,App
C08040,South,Bengaluru,12.95843,77.58528,2024-04-12,Web
C08041,South,Chennai,13.03728,77.51291,2025-05-08,App
C08042,South,Hyderabad,13.06188,77.57213,2024-11-12,App
C08043,West,Pune,19.20638,72.98344,2025-08-04,App
C08044,West,Mumbai,19.1485,72.89435,2025-06-11,App
C08045,West,Pune,19.16484,72.90352,2025-01-09,App
C08046,West,Mumbai,19.05366,72.93157,2025-09-19,App
C08047,North,Delhi,28.57713,77.34958,2025-08-10,App
C08048,West,Mumbai,19.13957,72.92246,2025-05-12,App
C08049,East,Patna,22.59507,88.26252,2025-02-25,App
C08050,East,Patna,22.69091,88.24525,2025-04-10,App
C08051,East,Kolkata,22.46123,88.37438,2024-12-31,Web
C08052,South,Bengaluru,12.96867,77.75178,2024-02-04,App
C08053,East,Patna,22.50018,88.33244,2025-02-11,App
C08054,South,Hyderabad,12.96103,77.60261,2024-02-05,Web
C08055,West,Mumbai,19.10508,72.92025,2025-04-07,App
C08056,North,Delhi,28.5202,77.22507,2025-10-03,App
C08057,West,Pune,19.15874,72.82046,2024-07-03,App
C08058,South,Hyderabad,12.96652,77.62656,2025-02-17,App
C08059,West,Pune,19.09834,72.88335,2025-03-04,Web
C08060,East,Bhubaneswar,22.50131,88.24485,2024-11-24,App
C08061,South,Bengaluru,12.99464,77.62016,2024-03-20,App
C08062,East,Kolkata,22.59838,88.48379,2024-10-04,App
C08063,West,Pune,19.13948,72.90053,2024-01-18,App
C08064,North,Delhi,28.57008,77.23837,2024-09-15,App
C08065,West,Pune,18.99711,72.89513,2024-01-13,App
C08066,North,Delhi,28.71125,77.30556,2024-11-05,App
C08067,North,Delhi,28.52794,77.18294,2025-02-15,App
C08068,South,Chennai,12.94346,77.60295,2024-04-22,App
C08069,North,Chandigarh,28.5846,77.14149,2025-09-26,App
C08070,South,Bengaluru,12.97513,77.51672,2024-11-26,App
C08071,West,Pune,19.07522,72.91315,2024-07-19,App
C08072,West,Ahmedabad,19.08811,72.92169,2025-01-29,App
C08073,East,Patna,22.55096,88.30173,2024-12-05,App
C08074,South,Chennai,12.98364,77.60211,2025-08-24,App
C08075,West,Ahmedabad,19.0352,72.89226,2024-07-16,App
C08076,South,Hyderabad,12.97873,77.54522,2025-04-08,App
C08077,South,Bengaluru,12.96162,77.61788,2025-04-10,App
C08078,West,Pune,18.97142,72.80985,2024-07-31,App
C08079,West,Ahmedabad,19.03774,72.93594,2024-07-01,App
C08080,West,Ahmedabad,19.02431,72.86967,2025-01-03,App
C08081,North,Delhi,28.61015,77.31835,2025-08-06,Web
C08082,West,Mumbai,19.09478,72.94794,2025-02-06,App
C08083,North,Chandigarh,28.68087,77.15835,2024-06-16,App
C08084,South,Chennai,13.01471,77.57685,2024-05-10,App
C08085,East,Bhubaneswar,22.53907,88.56343,2024-09-03,App
C08086,North,Delhi,28.61131,77.20997,2024-09-16,Web
C08087,North,Jaipur,28.50736,77.23102,2024-02-22,App
C08088,North,Chandigarh,28.59832,77.18958,2025-07-05,Web
C08089,North,Chandigarh,28.62243,77.17097,2024-12-25,App
C08090,South,Hyderabad,12.93504,77.45662,2024-01-14,App
C08091,North,Jaipur,28.63525,77.28511,2024-09-10,App
C08092,North,Jaipur,28.65345,77.23291,2024-06-18,App
C08093,West,Mumbai,19.03776,72.92456,2024-08-16,App
C08094,East,Kolkata,22.59494,88.25321,2024-04-04,App
C08095,East,Patna,22.67689,88.42384,2024-11-04,App
C08096,North,Delhi,28.53317,77.27367,2025-03-12,App
C08097,North,Chandigarh,28.66356,77.21722,2024-04-25,App
C08098,East,Kolkata,22.4671,88.44234,2024-05-22,App
C08099,North,Chandigarh,28.50463,77.21337,2024-08-21,App
C08100,East,Kolkata,22.66974,88.3821,2025-09-11,App
C08101,South,Chennai,13.01492,77.58689,2024-12-10,App
C08102,South,Hyderabad,12.88323,77.56499,2025-07-20,Web
C08103,South,Bengaluru,13.03906,77.56176,2024-02-04,App
C08104,South,Bengaluru,12.85172,77.58108,2024-12-24,App
C08105,North,Chandigarh,28.48991,77.21731,2024-03-17,App
C08106,South,Hyderabad,12.95367,77.64867,2025-03-11,App
C08107,North,Chandigarh,28.57598,77.21484,2024-11-16,App
C08108,North,Jaipur,28.54025,77.24216,2024-12-11,App
C08109,East,Bhubaneswar,22.53624,88.41941,2024-12-03,Web
C08110,South,Bengaluru,12.99256,77.65151,2024-07-20,App
C08111,West,Ahmedabad,19.0588,72.95426,2024-04-02,App
C08112,West,Mumbai,19.12231,72.90583,2024-07-14,Web
C08113,East,Patna,22.56937,88.40096,2024-10-15,App
C08114,South,Bengaluru,12.9561,77.4594,2024-06-13,App
C08115,North,Chandigarh,28.74222,77.25729,2024-07-08,App
C08116,East,Kolkata,22.66158,88.24744,2024-07-27,App
C08117,South,Chennai,12.8399,77.53503,2024-07-22,App
C08118,South,Chennai,12.97694,77.65555,2025-04-25,App
C08119,South,Bengaluru,13.01845,77.65911,2025-07-12,App
C08120,East,Patna,22.58032,88.29868,2025-08-25,App
C08121,West,Unknown,18.92208,72.81264,2024-01-09,App
C08122,West,Mumbai,19.03954,72.87769,2024-01-27,App
C08123,South,Chennai,12.85708,77.60584,2025-06-12,Web
C08124,South,Chennai,12.95666,77.49524,2024-08-15,App
C08125,East,Patna,22.71399,88.33449,2024-02-21,App
C08126,East,Kolkata,22.52125,88.23076,2025-09-23,App
C08127,North,Chandigarh,28.47095,77.04147,2025-06-16,Web
C08128,West,Pune,19.11361,72.93241,2024-11-30,App
C08129,East,Bhubaneswar,22.59129,88.2916,2024-11-23,App
C08130,North,Delhi,28.48698,77.20641,2024-10-15,App
C08131,North,Delhi,28.53242,77.30135,2024-03-06,Web
C08132,North,Jaipur,28.71649,77.30623,2025-06-29,Web
C08133,West,Pune,19.0728,72.87692,2024-01-17,Web
C08134,West,Mumbai,19.23387,72.78042,2024-10-10,App
C08135,West,Pune,19.02592,72.86948,2024-02-23,Web
C08136,North,Jaipur,28.56698,77.30549,2025-04-05,App
C08137,North,Chandigarh,28.55015,77.20014,2024-10-10,App
C08138,West,Ahmedabad,19.00209,72.90798,2025-05-17,App
C08139,South,Chennai,12.88821,77.47739,2024-12-25,App
C08140,South,Hyderabad,12.93436,77.50297,2024-02-12,Web
C08141,South,Bengaluru,13.03373,77.58171,2024-06-07,App
C08142,West,Ahmedabad,19.0154,72.74448,2024-03-14,App
C08143,West,Ahmedabad,19.00882,72.94526,2024-02-16,App
C08144,West,Pune,19.02801,73.10829,2024-06-08,App
C08145,West,Ahmedabad,19.10172,72.81681,2025-10-11,App
C08146,South,Chennai,13.02757,77.51981,2024-10-05,App
C08147,West,Ahmedabad,19.02868,72.88434,2025-08-15,App
C08148,East,Bhubaneswar,22.66745,88.36869,2024-09-23,Web
C08149,East,Bhubaneswar,22.62565,88.25863,2024-11-07,App
C08150,South,Hyderabad,12.95004,77.6,2024-06-28,App
C08151,East,Bhubaneswar,22.5909,88.4676,2024-05-20,App
C08152,West,Mumbai,19.06027,72.96952,2025-05-27,App
C08153,South,Hyderabad,13.06353,77.58405,2024-02-10,Web
C08154,South,Bengaluru,12.93263,77.46884,2024-10-04,App
C08155,West,Mumbai,19.02535,72.91146,2025-03-27,App
C08156,East,Bhubaneswar,22.74059,88.41519,2025-07-04,App
C08157,North,Chandigarh,28.65314,77.18004,2025-06-26,App
C08158,South,Chennai,13.05126,77.68581,2025-04-03,App
C08159,South,Bengaluru,12.99673,77.50981,2024-05-03,App
C08160,North,Delhi,28.58726,77.23574,2024-12-30,App
C08161,West,Pune,19.04046,72.90245,2024-06-18,App
C08162,North,Chandigarh,28.58766,77.17637,2024-11-12,App
C08163,North,Delhi,28.60493,77.278,2025-06-29,Web
C08164,South,Hyderabad,12.83487,77.47469,2025-04-15,App
C08165,South,Bengaluru,13.02355,77.53998,2025-07-10,App
C08166,East,Kolkata,22.77545,88.27871,2024-08-01,Web
C08167,East,Kolkata,22.49299,88.24962,2025-02-04,App
C08168,South,Hyderabad,12.99046,77.71669,2025-06-22,App
C08169,East,Patna,22.57396,88.41935,2025-03-24,App
C08170,South,Chennai,12.96329,77.4942,2025-06-02,App
C08171,South,Hyderabad,13.08048,77.54086,2025-03-03,App
C08172,West,Ahmedabad,19.05553,72.74631,2025-04-08,Web
C08173,South,Hyderabad,12.88456,77.60515,2025-05-29,App
C08174,West,Pune,19.05317,72.98716,2025-03-05,App
C08175,South,Chennai,12.91285,77.5771,2025-05-10,App
C08176,West,Mumbai,19.1452,72.973,2024-07-29,App
C08177,East,Bhubaneswar,22.47333,88.38681,2024-05-22,App
C08178,North,Jaipur,28.57649,77.22234,2025-03-04,Web
C08179,West,Pune,19.15409,72.95065,2024-08-25,App
C08180,South,Hyderabad,12.92084,77.51037,2024-12-22,App
C08181,South,Chennai,13.05358,77.61679,2025-03-01,Web
C08182,East,Bhubaneswar,22.55837,88.37061,2024-11-03,App
C08183,East,Patna,22.5385,88.43875,2024-03-16,App
C08184,East,Patna,22.70133,88.33442,2024-12-02,App
C08185,West,Pune,19.09756,72.76183,2024-01-28,App
C08186,North,Delhi,28.67108,77.17881,2024-01-08,Web
C08187,South,Bengaluru,12.92278,77.55293,2025-01-29,App
C08188,South,Hyderabad,12.90952,77.62485,2025-07-25,App
C08189,South,Bengaluru,12.94128,77.53174,2024-03-25,Web
C08190,East,Bhubaneswar,22.62902,88.42113,2024-09-30,App
C08191,West,Pune,19.1503,72.95572,2025-07-04,App
C08192,East,Patna,22.5314,88.38122,2024-08-14,App
C08193,West,Ahmedabad,19.15577,72.82164,2024-03-31,App
C08194,East,Patna,22.49713,88.36045,2025-07-30,App
C08195,West,Mumbai,19.26594,72.9533,2024-05-19,App
C08196,North,Delhi,28.63775,77.26291,2024-10-27,App
C08197,South,Bengaluru,12.84457,77.55843,2025-02-12,Web
C08198,North,Chandigarh,28.63589,77.21095,2025-09-22,App
C08199,South,Chennai,13.10386,77.64947,2024-08-05,App
C08200,South,Hyderabad,13.01327,77.59213,2024-09-12,App
C08201,East,Kolkata,22.64525,88.18391,2025-02-10,App
C08202,North,Chandigarh,28.67325,77.1969,2025-02-05,App
C08203,West,Mumbai,18.96342,72.92789,2025-04-17,App
C08204,East,Bhubaneswar,22.66693,88.34487,2025-08-28,App
C08205,North,Delhi,28.55381,77.28951,2025-06-09,App
C08206,East,Bhubaneswar,22.56654,88.25821,2024-07-19,App
C08207,West,Pune,19.16788,72.89108,2025-06-16,App
C08208,South,Chennai,12.96546,77.53282,2024-03-09,App
C08209,North,Jaipur,28.4984,77.24029,2025-05-23,App
C08210,West,Pune,19.10036,72.92098,2024-09-22,App
C08211,North,Chandigarh,28.67551,77.23978,2024-09-09,App
C08212,South,Hyderabad,13.03312,77.61577,2025-07-23,App
C08213,North,Jaipur,28.4934,77.14209,2024-05-20,Web
C08214,West,Ahmedabad,19.08457,72.96539,2025-08-01,App
C08215,West,Ahmedabad,18.96819,72.88506,2024-05-05,App
C08216,North,Delhi,28.59578,77.21571,2025-10-02,App
C08217,North,Jaipur,28.52393,77.22514,2025-07-31,App
C08218,West,Mumbai,19.09772,73.00519,2025-09-03,App
C08219,North,Delhi,28.59362,77.13678,2025-02-28,App
C08220,West,Mumbai,19.09913,73.03274,2025-06-30,App
C08221,North,Delhi,28.57028,77.15074,2024-01-17,App
C08222,South,Chennai,12.87322,77.57373,2025-09-04,App
C08223,West,Ahmedabad,18.92621,72.84609,2025-06-08,App
C08224,West,Ahmedabad,19.05733,72.90039,2024-06-04,Web
C08225,West,Ahmedabad,19.20741,72.86088,2024-04-27,App
C08226,South,Hyderabad,12.99279,77.6647,2024-07-16,App
C08227,North,Jaipur,28.6569,77.16385,2024-10-30,App
C08228,West,Pune,18.97647,72.91323,2024-07-20,App
C08229,North,Delhi,28.63513,77.17756,2024-08-16,App
C08230,North,Chandigarh,28.73488,77.19839,2025-02-08,Web
C08231,North,Chandigarh,28.56983,77.28332,2024-04-11,App
C08232,South,Hyderabad,12.92293,77.61138,2025-01-25,Web
C08233,West,Ahmedabad,19.13009,72.87637,2024-06-23,App
C08234,South,Bengaluru,12.90236,77.44088,2024-06-29,App
C08235,North,Jaipur,28.64641,77.30665,2025-03-06,App
C08236,North,Jaipur,28.60924,77.15498,2025-05-25,App
C08237,West,Ahmedabad,19.15968,72.99125,2025-02-01,App
C08238,North,Jaipur,28.60095,77.40615,2024-02-12,App
C08239,West,Ahmedabad,19.07998,72.88406,2024-03-20,App
C08240,South,Hyderabad,13.02076,77.59982,2024-04-20,App
C08241,West,Pune,19.0854,72.90475,2024-11-10,App
C08242,East,Kolkata,22.65015,88.4673,2024-12-17,App
C08243,South,Hyderabad,13.05623,77.63456,2024-04-03,App
C08244,West,Mumbai,19.11552,72.83984,2024-05-27,App
C08245,North,Jaipur,28.61903,77.17394,2024-06-03,App
C08246,North,Jaipur,28.57663,77.28156,2025-09-28,App
C08247,North,Jaipur,28.54019,77.23255,2025-02-03,App
C08248,South,Hyderabad,13.02623,77.68879,2025-03-08,App
C08249,South,Chennai,12.8494,77.68505,2024-01-15,App
C08250,North,Delhi,28.67352,77.25254,2024-03-28,App
C08251,East,Patna,22.58702,88.28946,2024-09-08,Web
C08252,North,Jaipur,28.70019,77.13079,2024-11-03,Web
C08253,West,Ahmedabad,18.96871,73.0197,2025-06-05,App
C08254,East,Kolkata,22.4719,88.31804,2024-08-20,App
C08255,East,Bhubaneswar,22.51638,88.30078,2025-03-25,Web
C08256,South,Chennai,13.03149,77.49122,2024-12-04,Web
C08257,West,Mumbai,18.93028,72.90604,2024-09-02,App
C08258,North,Delhi,28.58556,77.23399,2024-08-04,App
C08259,West,Pune,19.02816,72.91496,2025-02-14,App
C08260,South,Bengaluru,12.90817,77.67068,2024-02-15,App
C08261,West,Mumbai,19.01062,72.80285,2025-05-03,App
C08262,South,Chennai,12.95065,77.44869,2024-10-18,App
C08263,North,Jaipur,28.60743,77.24454,2024-03-18,Web
C08264,East,Patna,22.4077,88.39264,2025-05-28,App
C08265,North,Jaipur,28.57982,77.23634,2024-05-13,App
C08266,East,Bhubaneswar,22.55549,88.48419,2024-11-30,App
C08267,West,Pune,19.04621,72.90059,2024-03-07,App
C08268,West,Ahmedabad,19.01617,72.8547,2025-09-06,App
C08269,East,Patna,22.5658,88.28123,2024-09-10,App
C08270,East,Bhubaneswar,22.57712,88.3184,2024-08-12,App
C08271,East,Unknown,22.56558,88.47134,2024-09-06,App
C08272,East,Kolkata,22.69999,88.30783,2025-07-16,App
C08273,East,Bhubaneswar,22.56411,88.38841,2025-04-06,App
C08274,North,Jaipur,28.70134,77.15825,2024-06-09,App
C08275,East,Patna,22.62374,88.31217,2024-05-31,App
C08276,West,Mumbai,19.08406,72.89792,2024-11-01,App
C08277,South,Chennai,12.91651,77.68791,2025-07-30,App
C08278,East,Bhubaneswar,22.46877,88.38966,2024-09-01,App
C08279,South,Hyderabad,13.05236,77.71745,2024-09-02,App
C08280,West,Mumbai,19.1179,72.82253,2025-06-07,App
C08281,East,Patna,22.58788,88.41508,2025-02-26,App
C08282,North,Jaipur,28.63398,77.16847,2025-07-21,App
C08283,East,Patna,22.44111,88.35754,2024-05-08,App
C08284,South,Bengaluru,13.07221,77.63747,2024-10-10,App
C08285,North,Delhi,28.61113,77.29734,2024-03-18,App
C08286,North,Chandigarh,28.64485,77.13832,2025-05-27,App
C08287,North,Jaipur,28.56834,77.20877,2025-09-21,Web
C08288,West,Ahmedabad,19.0859,72.90161,2024-11-08,App
C08289,North,Jaipur,28.52876,77.27116,2024-12-31,App
C08290,West,Ahmedabad,19.08232,72.95325,2025-01-23,App
C08291,South,Bengaluru,12.86321,77.57408,2024-08-09,App
C08292,North,Jaipur,28.68224,77.20801,2024-06-05,App
C08293,West,Mumbai,19.08975,72.83237,2025-09-12,App
C08294,East,Patna,22.64024,88.37673,2024-04-04,App
C08295,North,Jaipur,28.44708,77.20113,2025-10-01,App
C08296,North,Delhi,28.71331,77.17361,2025-06-02,Web
C08297,North,Delhi,28.58378,77.11955,2025-08-07,App
C08298,South,Bengaluru,13.01384,77.68621,2024-04-06,App
C08299,East,Bhubaneswar,22.60199,88.25139,2025-01-02,App
C08300,East,Kolkata,22.64811,88.2164,2024-10-19,App
C08301,North,Jaipur,28.62224,77.2016,2024-09-13,App
C08302,East,Patna,22.59014,88.19324,2024-05-10,App
C08303,East,Bhubaneswar,22.62594,88.39737,2025-07-25,App
C08304,East,Kolkata,22.50258,88.43452,2025-01-28,Web
C08305,West,Mumbai,18.92002,72.94421,2025-05-13,App
C08306,North,Chandigarh,28.61942,77.22694,2024-03-23,App
C08307,South,Bengaluru,12.90945,77.57821,2025-07-05,App
C08308,North,Jaipur,28.64563,77.32805,2025-05-11,Web
C08309,South,Hyderabad,12.8472,77.46112,2024-02-23,Web
C08310,South,Hyderabad,12.88624,77.59606,2024-10-13,App
C08311,North,Delhi,28.61004,77.20472,2025-03-10,Web
C08312,North,Delhi,28.60585,77.14704,2024-09-11,App
C08313,West,Ahmedabad,18.99105,72.89184,2024-02-22,App
C08314,West,Ahmedabad,19.05609,72.87605,2024-02-12,Web
C08315,South,Hyderabad,12.96391,77.658,2024-01-30,App
C08316,South,Bengaluru,12.96429,77.69263,2024-07-05,Web
C08317,East,Kolkata,22.61581,88.4513,2024-07-15,App
C08318,West,Mumbai,19.14824,72.91268,2024-09-12,App
C08319,East,Kolkata,22.46959,88.35537,2025-02-26,App
C08320,South,Bengaluru,12.91949,77.63842,2024-06-03,App
C08321,East,Kolkata,22.6223,88.25661,2024-07-20,Web
C08322,North,Jaipur,28.60301,77.32614,2024-10-09,App
C08323,North,Chandigarh,28.56753,77.22374,2024-10-16,App
C08324,South,Bengaluru,12.96968,77.52054,2025-04-11,App
C08325,North,Delhi,28.65906,77.07206,2025-09-12,App
C08326,East,Bhubaneswar,22.54699,88.31732,2025-01-10,App
C08327,South,Hyderabad,12.93013,77.56757,2024-07-10,App
C08328,South,Chennai,12.88755,77.5626,2025-02-04,App
C08329,South,Hyderabad,12.87653,77.57512,2025-02-26,App
C08330,South,Hyderabad,13.0039,77.59147,2024-12-26,Web
C08331,South,Chennai,12.99494,77.60009,2024-04-22,App
C08332,East,Kolkata,22.62123,88.35517,2024-12-29,App
C08333,North,Delhi,28.57619,77.12827,2024-12-03,App
C08334,North,Jaipur,28.63874,77.17341,2024-06-08,App
C08335,South,Hyderabad,13.02623,77.48197,2025-09-26,App
C08336,North,Chandigarh,28.51137,77.23533,2024-06-03,Web
C08337,South,Hyderabad,13.04428,77.57778,2025-05-23,App
C08338,North,Delhi,28.62777,77.29325,2024-01-15,Web
C08339,East,Bhubaneswar,22.62733,88.4164,2025-02-22,Web
C08340,South,Bengaluru,12.97503,77.60351,2024-07-23,App
C08341,East,Kolkata,22.6145,88.28327,2024-05-18,App
C08342,South,Chennai,12.89694,77.64602,2025-06-13,App
C08343,West,Pune,19.16655,72.91892,2024-03-27,App
C08344,North,Jaipur,28.70436,77.07855,2025-03-26,App
C08345,South,Chennai,12.95957,77.60129,2025-02-26,App
C08346,West,Mumbai,19.20674,72.85777,2025-04-01,App
C08347,North,Delhi,28.6084,77.23576,2025-10-11,App
C08348,South,Bengaluru,12.89732,77.57774,2025-05-20,App
C08349,East,Kolkata,22.54349,88.3954,2025-08-02,App
C08350,West,Mumbai,19.01815,72.78779,2024-05-28,App
C08351,West,Pune,19.15839,72.83369,2025-03-18,App
C08352,East,Kolkata,22.59797,88.34158,2024-04-07,App
C08353,South,Chennai,12.96596,77.5945,2025-01-18,App
C08354,East,Kolkata,22.56998,88.42787,2024-10-17,App
C08355,North,Delhi,28.59989,77.16736,2024-06-18,App
C08356,West,Mumbai,19.0793,72.80104,2025-02-19,App
C08357,North,Jaipur,28.59465,77.24663,2025-09-07,App
C08358,North,Delhi,28.65485,77.17243,2024-04-27,App
C08359,North,Chandigarh,28.6081,77.29154,2024-06-28,App
C08360,South,Chennai,13.06968,77.54208,2024-10-10,App
C08361,North,Jaipur,28.4589,77.28077,2024-12-03,App
C08362,South,Chennai,13.01859,77.65596,2024-04-25,App
C08363,West,Pune,19.13297,72.86151,2024-05-31,App
C08364,South,Bengaluru,13.03356,77.64396,2025-08-15,App
C08365,South,Chennai,13.06234,77.57108,2024-05-02,App
C08366,North,Delhi,28.62506,77.26994,2025-09-09,Web
C08367,West,Mumbai,19.04636,72.94499,2025-07-26,App
C08368,West,Mumbai,19.02481,72.83299,2024-02-28,App
C08369,West,Ahmedabad,19.21456,72.93136,2025-02-15,App
C08370,East,Patna,22.60697,88.37688,2025-03-05,App
C08371,North,Unknown,28.65376,77.22804,2025-03-27,App
C08372,North,Jaipur,28.6487,77.2704,2024-06-27,App
C08373,North,Jaipur,28.61834,77.12467,2025-01-21,Web
C08374,West,Ahmedabad,19.15682,72.82976,2025-08-22,App
C08375,North,Chandigarh,28.69427,77.25286,2024-08-24,App
C08376,East,Kolkata,22.49818,88.31296,2025-06-20,App
C08377,North,Jaipur,28.54457,77.0841,2024-11-06,App
C08378,South,Chennai,13.04544,77.58043,2024-08-07,App
C08379,North,Delhi,28.61539,77.21273,2024-07-31,Web
C08380,East,Patna,22.53987,88.25053,2025-08-20,App
C08381,South,Chennai,12.91542,77.61064,2024-02-19,App
C08382,West,Mumbai,19.01094,72.84911,2025-09-02,App
C08383,West,Pune,19.06772,72.83143,2025-01-27,App
C08384,East,Bhubaneswar,22.47968,88.38456,2024-06-24,App
C08385,East,Bhubaneswar,22.62975,88.36263,2025-02-25,App
C08386,West,Mumbai,18.98169,72.84865,2025-10-11,App
C08387,North,Chandigarh,28.68799,77.20752,2024-03-11,App
C08388,East,Kolkata,22.48337,88.4369,2025-02-09,App
C08389,North,Unknown,28.60829,77.12809,2024-02-24,App
C08390,East,Patna,22.58416,88.447,2025-01-11,App
C08391,North,Delhi,28.62407,77.33848,2024-05-27,Web
C08392,North,Jaipur,28.53965,77.21088,2024-11-18,App
C08393,East,Kolkata,22.63665,88.36573,2025-05-28,App
C08394,East,Patna,22.52804,88.42114,2024-02-21,App
C08395,South,Hyderabad,12.97304,77.61969,2025-06-29,App
C08396,South,Hyderabad,13.03669,77.62865,2025-04-09,App
C08397,East,Patna,22.45744,88.39305,2025-08-30,App
C08398,West,Ahmedabad,18.978,72.90817,2024-07-18,Web
C08399,West,Pune,19.00912,72.89713,2024-06-12,Web
C08400,North,Chandigarh,28.53557,77.21905,2025-05-20,App
C08401,East,Patna,22.58826,88.45918,2025-04-10,Web
C08402,East,Kolkata,22.544,88.50091,2025-01-30,App
C08403,South,Hyderabad,12.94872,77.65003,2024-05-25,App
C08404,East,Bhubaneswar,22.52746,88.34068,2025-02-12,App
C08405,West,Ahmedabad,19.11943,72.84416,2025-03-08,Web
C08406,North,Delhi,28.61293,77.16897,2025-04-18,App
C08407,East,Kolkata,22.60882,88.18674,2024-12-06,App
C08408,South,Bengaluru,12.92661,77.75736,2024-04-01,App
C08409,North,Chandigarh,28.56564,77.1565,2025-10-09,App
C08410,South,Chennai,12.89531,77.59295,2024-11-03,App
C08411,West,Pune,19.09508,72.91825,2024-02-03,App
C08412,South,Bengaluru,12.98333,77.57793,2025-02-20,Web
C08413,South,Hyderabad,13.04945,77.7296,2025-02-23,App
C08414,South,Hyderabad,12.90591,77.59641,2025-02-28,App
C08415,South,Hyderabad,13.01028,77.5899,2025-08-03,App
C08416,South,Chennai,12.96776,77.63212,2024-08-03,App
C08417,East,Patna,22.55729,88.37633,2024-11-27,App
C08418,East,Kolkata,22.6872,88.40568,2025-08-29,App
C08419,North,Chandigarh,28.62789,77.27836,2024-09-07,Web
C08420,East,Bhubaneswar,22.60231,88.33068,2025-10-01,App
C08421,West,Mumbai,19.08722,72.84623,2025-03-23,App
C08422,North,Delhi,28.57853,77.16203,2024-09-20,App
C08423,West,Ahmedabad,19.07278,72.99721,2025-03-01,App
C08424,West,Mumbai,19.00478,72.9451,2024-11-05,App
C08425,South,Bengaluru,12.89558,77.62466,2025-10-01,App
C08426,East,Patna,22.63035,88.30788,2024-10-15,App
C08427,South,Bengaluru,13.01679,77.62472,2025-04-03,App
C08428,North,Jaipur,28.62116,77.26765,2025-02-07,App
C08429,South,Hyderabad,12.89491,77.51317,2025-06-01,App
C08430,South,Chennai,12.85404,77.52742,2024-10-01,Web
C08431,South,Hyderabad,12.9914,77.63138,2024-08-30,App
C08432,West,Pune,19.00049,72.87248,2024-04-29,App
C08433,East,Patna,22.58303,88.45622,2024-07-09,App
C08434,South,Chennai,12.97417,77.59964,2024-03-10,App
C08435,West,Pune,19.12159,72.79093,2024-10-02,App
C08436,North,Delhi,28.63574,77.19265,2024-03-24,App
C08437,North,Chandigarh,28.53276,77.08647,2024-12-07,App
C08438,South,Chennai,12.87645,77.49987,2024-07-29,App
C08439,West,Mumbai,19.16169,72.94303,2025-04-08,App
C08440,West,Pune,19.15206,72.78645,2025-04-15,App
C08441,West,Mumbai,19.09893,72.87074,2025-06-02,App
C08442,South,Chennai,13.0549,77.62103,2025-01-08,App
C08443,West,Ahmedabad,18.99548,72.83698,2024-07-06,App
C08444,South,Bengaluru,12.94949,77.65508,2024-11-24,App
C08445,West,Ahmedabad,19.05208,72.75752,2024-11-11,App
C08446,East,Kolkata,22.56389,88.28525,2025-06-02,App
C08447,South,Hyderabad,12.98214,77.72734,2024-02-07,App
C08448,East,Kolkata,22.57145,88.25414,2025-05-05,App
C08449,East,Patna,22.55953,88.27721,2025-04-02,App
C08450,West,Mumbai,19.08919,72.81589,2025-03-05,App
C08451,South,Chennai,12.92594,77.56044,2024-12-21,App
C08452,South,Chennai,12.93134,77.49119,2024-09-15,App
C08453,South,Hyderabad,13.02633,77.6572,2024-05-28,App
C08454,West,Pune,19.18787,72.9009,2024-12-31,Web
C08455,North,Chandigarh,28.54481,77.16322,2024-08-08,Web
C08456,East,Patna,22.64618,88.42946,2024-07-26,App
C08457,West,Ahmedabad,19.19323,72.87949,2024-02-27,App
C08458,West,Pune,19.04606,72.79465,2025-06-10,App
C08459,North,Chandigarh,28.61774,77.26727,2025-01-15,App
C08460,East,Patna,22.55148,88.42531,2024-12-01,App
C08461,North,Chandigarh,28.60249,77.35153,2025-09-22,App
C08462,South,Bengaluru,12.97209,77.57891,2025-02-01,Web
C08463,North,Chandigarh,28.60498,77.08662,2024-11-05,App
C08464,South,Bengaluru,12.93427,77.59143,2024-06-18,App
C08465,East,Kolkata,22.58857,88.38999,2025-04-14,App
C08466,South,Hyderabad,12.96413,77.63062,2024-05-24,App
C08467,East,Kolkata,22.55625,88.36555,2025-10-02,App
C08468,South,Chennai,13.03637,77.5365,2024-08-24,App
C08469,West,Mumbai,19.08443,73.03472,2024-06-03,App
C08470,East,Kolkata,22.57883,88.29261,2024-09-09,Web
C08471,West,Mumbai,19.13282,72.87964,2024-11-29,App
C08472,East,Patna,22.47866,88.35235,2025-08-09,App
C08473,North,Delhi,28.54897,77.18766,2025-03-20,App
C08474,South,Bengaluru,13.03517,77.57644,2025-09-21,App
C08475,West,Pune,19.05482,72.93292,2024-10-13,App
C08476,East,Kolkata,22.5749,88.39995,2024-10-16,App
C08477,South,Chennai,12.9617,77.39093,2025-09-09,App
C08478,North,Chandigarh,28.56336,77.25265,2024-05-05,App
C08479,West,Ahmedabad,18.97388,72.79712,2025-08-25,App
C08480,East,Bhubaneswar,22.63762,88.30658,2025-08-12,App
C08481,East,Bhubaneswar,22.53572,88.29969,2025-02-07,App
C08482,South,Hyderabad,12.95165,77.51676,2025-03-13,App
C08483,East,Kolkata,22.51969,88.44958,2024-10-17,App
C08484,West,Ahmedabad,19.00832,72.85953,2024-08-10,App
C08485,West,Ahmedabad,19.03817,72.98121,2025-02-07,App
C08486,West,Pune,19.07788,72.90156,2024-03-08,App
C08487,South,Bengaluru,12.88669,77.69936,2025-06-02,Web
C08488,North,Chandigarh,28.66884,77.14469,2024-07-05,App
C08489,North,Chandigarh,28.6027,77.24947,2024-11-29,App
C08490,West,Mumbai,19.07725,72.77766,2024-03-16,Web
C08491,East,Kolkata,22.58587,88.43776,2024-11-22,Web
C08492,West,Ahmedabad,19.12269,72.96513,2024-04-20,App
C08493,South,Hyderabad,12.96261,77.57275,2024-11-13,App
C08494,South,Bengaluru,12.97494,77.62452,2025-07-29,Web
C08495,South,Chennai,12.84115,77.72315,2024-12-06,App
C08496,South,Hyderabad,13.02537,77.56432,2024-09-29,App
C08497,South,Hyderabad,12.85823,77.47992,2024-08-11,App
C08498,West,Ahmedabad,19.16564,72.85564,2024-02-14,App
C08499,North,Chandigarh,28.72585,77.2318,2025-02-09,App
C08500,East,Bhubaneswar,22.57271,88.33671,2025-01-20,App
C08501,West,Mumbai,19.12679,72.85482,2024-05-19,Web
C08502,North,Jaipur,28.5935,77.16887,2024-11-03,App
C08503,West,Ahmedabad,19.16978,72.88455,2025-09-29,App
C08504,South,Bengaluru,12.88119,77.50008,2024-11-15,App
C08505,West,Ahmedabad,19.06836,72.92093,2024-09-19,App
C08506,East,Patna,22.57566,88.29341,2024-01-25,Web
C08507,North,Chandigarh,28.71553,77.18156,2024-04-22,App
C08508,East,Kolkata,22.60527,88.34087,2025-05-28,Web
C08509,North,Delhi,28.56208,77.31729,2025-06-04,Web
C08510,West,Ahmedabad,19.03429,72.84407,2024-03-31,Web
C08511,South,Hyderabad,12.97419,77.56242,2025-07-26,Web
C08512,West,Ahmedabad,19.05449,72.8214,2024-01-23,App
C08513,East,Bhubaneswar,22.59779,88.30024,2025-07-28,App
C08514,East,Patna,22.62964,88.41923,2024-07-25,App
C08515,North,Jaipur,28.58428,77.21526,2024-03-17,App
C08516,West,Mumbai,19.10034,72.95922,2024-05-14,Web
C08517,West,Pune,19.08948,73.00455,2024-05-08,App
C08518,South,Chennai,12.88919,77.68392,2025-01-21,App
C08519,East,Patna,22.69785,88.3374,2024-07-25,App
C08520,North,Chandigarh,28.64262,77.23847,2025-07-18,App
C08521,West,Pune,19.12877,72.87407,2025-01-27,App
C08522,West,Ahmedabad,19.01172,72.9329,2024-09-30,Web
C08523,North,Delhi,28.62633,77.28272,2025-08-28,App
C08524,North,Delhi,28.52225,77.2442,2024-02-04,App
C08525,North,Chandigarh,28.64964,77.19265,2024-11-08,App
C08526,East,Patna,22.47145,88.42988,2025-07-29,App
C08527,West,Ahmedabad,19.11507,72.93988,2025-03-02,App
C08528,North,Delhi,28.70453,77.19723,2025-04-06,App
C08529,West,Ahmedabad,19.14929,72.81649,2024-03-02,Web
C08530,North,Chandigarh,28.74117,77.2748,2025-01-19,App
C08531,West,Ahmedabad,19.09254,72.90761,2024-10-13,Web
C08532,West,Ahmedabad,18.99061,72.88522,2025-05-03,App
C08533,North,Delhi,28.62125,77.09756,2024-12-07,Web
C08534,West,Ahmedabad,19.03491,72.9819,2024-12-04,Web
C08535,North,Chandigarh,28.58401,77.22622,2025-03-12,App
C08536,East,Kolkata,22.61085,88.35162,2024-08-27,App
C08537,South,Chennai,12.94226,77.60317,2024-08-26,App
C08538,East,Kolkata,22.52485,88.45545,2025-03-20,App
C08539,North,Chandigarh,28.66431,77.14287,2025-03-13,Web
C08540,West,Ahmedabad,19.00258,72.85895,2024-01-28,App
C08541,North,Chandigarh,28.59573,77.29774,2024-08-31,App
C08542,East,Kolkata,22.57133,88.30248,2024-07-12,App
C08543,West,Mumbai,19.08598,72.79674,2024-12-26,App
C08544,North,Jaipur,28.51526,77.19816,2024-06-11,Web
C08545,West,Mumbai,19.09802,72.96514,2024-06-03,App
C08546,West,Pune,19.03909,72.82586,2024-08-09,App
C08547,East,Patna,22.55197,88.44909,2025-03-08,App
C08548,West,Ahmedabad,18.90671,72.86825,2025-07-20,App
C08549,West,Ahmedabad,19.01193,73.06042,2024-09-24,Web
C08550,North,Chandigarh,28.47286,77.21165,2025-07-24,App
C08551,North,Chandigarh,28.46903,77.15797,2024-12-11,Web
C08552,East,Kolkata,22.53261,88.40777,2025-09-05,App
C08553,East,Kolkata,22.67194,88.45315,2024-11-04,Web
C08554,South,Chennai,13.0614,77.6641,2024-05-06,App
C08555,North,Chandigarh,28.65578,77.0683,2025-09-01,App
C08556,North,Delhi,28.58253,77.02792,2025-08-15,Web
C08557,East,Kolkata,22.53989,88.29882,2024-01-05,App
C08558,East,Bhubaneswar,22.59929,88.37296,2024-05-21,Web
C08559,North,Delhi,28.5879,77.23035,2024-07-28,App
C08560,East,Patna,22.662,88.35407,2025-08-08,App
C08561,North,Jaipur,28.68887,77.2536,2024-07-29,App
C08562,West,Mumbai,19.09411,72.92667,2025-03-16,Web
C08563,East,Kolkata,22.58704,88.3216,2024-11-20,App
C08564,North,Delhi,28.42435,77.24147,2025-02-16,App
C08565,South,Chennai,12.82821,77.59327,2025-03-18,App
C08566,North,Delhi,28.58181,77.21114,2024-11-12,Web
C08567,East,Bhubaneswar,22.63132,88.3115,2024-01-14,App
C08568,East,Bhubaneswar,22.62318,88.49814,2024-06-18,App
C08569,South,Chennai,12.99796,77.5598,2025-08-29,Web
C08570,West,Mumbai,19.09791,72.99143,2024-06-10,App
C08571,South,Bengaluru,13.01673,77.6791,2024-11-16,Web
C08572,North,Delhi,28.53299,77.33864,2024-07-18,App
C08573,East,Kolkata,22.56109,88.40389,2025-06-07,App
C08574,North,Chandigarh,28.65341,77.27972,2025-01-03,App
C08575,East,Kolkata,22.61014,88.29516,2024-07-12,App
C08576,North,Jaipur,28.56446,77.26875,2024-12-16,App
C08577,North,Jaipur,28.57701,77.31054,2024-10-27,Web
C08578,South,Bengaluru,12.9904,77.54499,2025-09-05,App
C08579,East,Patna,22.50938,88.33722,2024-07-29,App
C08580,North,Delhi,28.64872,77.17947,2024-08-17,App
C08581,West,Ahmedabad,19.10229,72.77727,2025-10-08,App
C08582,West,Pune,19.01975,72.93737,2024-02-19,App
C08583,East,Patna,22.60808,88.33254,2025-07-06,App
C08584,North,Chandigarh,28.59131,77.29788,2024-07-28,Web
C08585,South,Bengaluru,12.94418,77.64769,2024-06-04,App
C08586,South,Chennai,12.94483,77.59867,2024-03-22,App
C08587,South,Bengaluru,12.88507,77.51108,2025-06-14,App
C08588,South,Bengaluru,12.87091,77.57508,2025-06-23,Web
C08589,South,Bengaluru,12.9364,77.5717,2024-08-27,App
C08590,South,Bengaluru,12.91563,77.49698,2025-05-09,App
C08591,South,Hyderabad,12.96496,77.6289,2025-01-21,Web
C08592,East,Patna,22.50345,88.45142,2024-02-20,Web
C08593,South,Bengaluru,12.97789,77.506,2025-03-16,Web
C08594,East,Bhubaneswar,22.53932,88.28682,2024-12-13,App
C08595,South,Hyderabad,12.96664,77.5774,2025-06-15,App
C08596,North,Delhi,28.66957,77.33489,2024-08-28,App
C08597,East,Kolkata,22.63635,88.37886,2024-08-04,App
C08598,South,Chennai,13.02672,77.53245,2024-07-25,Web
C08599,West,Ahmedabad,18.95823,73.00069,2024-11-05,App
C08600,South,Hyderabad,12.82908,77.68769,2025-01-23,Web
C08601,West,Mumbai,18.98194,72.69495,2024-04-30,App
C08602,East,Kolkata,22.54801,88.32947,2025-07-28,App
C08603,West,Mumbai,18.99541,72.78192,2024-07-24,App
C08604,East,Bhubaneswar,22.63871,88.30486,2025-08-22,App
C08605,East,Bhubaneswar,22.5877,88.42213,2024-03-25,App
C08606,West,Mumbai,18.92704,72.73534,2024-06-11,App
C08607,South,Bengaluru,12.96211,77.54989,2025-01-11,Web
C08608,South,Bengaluru,12.97161,77.56718,2024-02-16,App
C08609,West,Mumbai,19.16225,72.86578,2024-02-26,Web
C08610,West,Pune,19.12388,72.85434,2025-04-26,App
C08611,North,Jaipur,28.53696,77.05146,2025-03-21,Web
C08612,West,Ahmedabad,19.18596,72.88364,2024-01-03,App
C08613,North,Chandigarh,28.64867,77.31854,2024-11-03,Web
C08614,South,Chennai,12.99628,77.59655,2024-09-03,App
C08615,East,Kolkata,22.65461,88.32996,2024-01-05,App
C08616,North,Chandigarh,28.47244,77.09393,2024-10-06,App
C08617,South,Hyderabad,13.10979,77.60366,2025-05-05,App
C08618,East,Bhubaneswar,22.39779,88.38614,2024-12-01,App
C08619,West,Ahmedabad,19.04045,72.83242,2024-10-03,Web
C08620,East,Bhubaneswar,22.58749,88.31282,2025-01-27,App
C08621,North,Chandigarh,28.63878,77.23296,2024-05-05,App
C08622,South,Hyderabad,12.87367,77.54665,2025-07-05,App
C08623,East,Bhubaneswar,22.63925,88.34842,2024-08-15,App
C08624,North,Delhi,28.62004,77.14348,2025-03-11,App
C08625,East,Kolkata,22.5702,88.32026,2025-09-04,App
C08626,South,Chennai,12.97239,77.57076,2024-05-25,App
C08627,West,Mumbai,19.14589,72.93166,2024-10-10,Web
C08628,North,Delhi,28.64348,77.21235,2024-08-06,App
C08629,North,Jaipur,28.63556,77.27149,2024-10-30,Web
C08630,North,Jaipur,28.57601,77.09013,2025-08-06,App
C08631,East,Patna,22.4807,88.37072,2024-02-17,App
C08632,North,Chandigarh,28.67864,77.15989,2025-08-08,App
C08633,North,Jaipur,28.59485,77.1885,2024-01-20,App
C08634,North,Chandigarh,28.63745,77.17737,2024-11-11,App
C08635,North,Delhi,28.66299,77.23703,2024-10-28,App
C08636,South,Hyderabad,12.89499,77.60977,2025-04-21,App
C08637,South,Bengaluru,12.88903,77.54321,2024-11-01,App
C08638,South,Chennai,13.02899,77.69742,2024-11-18,App
C08639,North,Delhi,28.54331,77.14482,2025-04-19,App
C08640,East,Bhubaneswar,22.56416,88.39092,2024-07-26,App
C08641,South,Bengaluru,12.99149,77.49966,2025-06-11,App
C08642,East,Kolkata,22.54142,88.32845,2024-06-24,App
C08643,North,Chandigarh,28.61662,77.08746,2025-03-24,App
C08644,South,Chennai,12.96406,77.55428,2025-01-13,Web
C08645,West,Mumbai,19.17053,72.9797,2024-06-17,App
C08646,East,Kolkata,22.52345,88.42897,2024-08-02,App
C08647,South,Chennai,12.99396,77.60917,2025-02-15,App
C08648,South,Bengaluru,12.98281,77.66427,2025-05-07,App
C08649,North,Delhi,28.69779,77.25224,2024-12-28,Web
C08650,West,Mumbai,19.08059,72.93596,2025-06-02,App
C08651,East,Kolkata,22.63235,88.21186,2024-05-01,App
C08652,East,Kolkata,22.5103,88.308,2024-01-13,App
C08653,South,Chennai,13.03137,77.54905,2024-08-10,Web
C08654,West,Mumbai,19.1074,72.91002,2025-09-17,Web
C08655,South,Hyderabad,12.95832,77.54862,2024-02-23,App
C08656,North,Delhi,28.59288,77.15891,2024-12-07,App
C08657,South,Bengaluru,12.96506,77.60135,2025-05-07,Web
C08658,East,Bhubaneswar,22.59607,88.48574,2024-08-03,App
C08659,West,Mumbai,19.08199,72.87372,2024-01-17,App
C08660,North,Jaipur,28.61019,77.28463,2024-05-10,App
C08661,East,Bhubaneswar,22.58182,88.35355,2025-01-13,App
C08662,South,Bengaluru,13.02526,77.64205,2025-06-05,App
C08663,North,Chandigarh,28.63107,77.12516,2024-08-05,Web
C08664,North,Delhi,28.68634,77.2049,2024-03-04,App
C08665,West,Pune,19.08076,72.90019,2024-02-20,App
C08666,South,Hyderabad,12.95591,77.61653,2025-02-03,App
C08667,East,Kolkata,22.48546,88.44991,2025-09-17,Web
C08668,West,Pune,19.05993,73.01486,2024-05-31,Web
C08669,East,Bhubaneswar,22.61877,88.39279,2025-08-08,App
C08670,West,Mumbai,19.07739,72.8465,2024-04-12,App
C08671,South,Hyderabad,12.96696,77.4759,2025-08-29,Web
C08672,West,Mumbai,19.11122,72.94772,2024-07-24,App
C08673,South,Hyderabad,12.90525,77.56286,2025-07-21,App
C08674,West,Pune,19.06338,72.81808,2025-04-12,App
C08675,South,Bengaluru,12.87888,77.67441,2024-02-16,App
C08676,North,Jaipur,28.72204,77.15635,2024-01-15,App
C08677,South,Chennai,12.94554,77.5492,2024-04-25,App
C08678,North,Chandigarh,28.66872,77.05021,2024-05-09,App
C08679,West,Mumbai,19.05839,72.99373,2025-03-25,App
C08680,West,Pune,19.07456,72.9168,2024-12-13,App
C08681,South,Chennai,13.00049,77.48422,2025-03-19,App
C08682,North,Chandigarh,28.67413,77.15386,2025-01-30,Web
C08683,North,Jaipur,28.64564,77.15171,2025-03-17,Web
C08684,South,Chennai,12.9166,77.7057,2024-09-27,App
C08685,West,Pune,19.1522,72.8888,2024-08-12,App
C08686,South,Bengaluru,13.01813,77.81557,2024-01-29,Web
C08687,East,Patna,22.55092,88.31813,2025-01-05,App
C08688,East,Patna,22.58068,88.46676,2024-09-14,App
C08689,South,Chennai,12.92517,77.60815,2025-07-05,App
C08690,North,Jaipur,28.53989,77.2535,2024-03-26,App
C08691,North,Chandigarh,28.62576,77.23145,2024-11-21,App
C08692,East,Patna,22.57316,88.3432,2024-09-21,App
C08693,South,Chennai,13.05932,77.49052,2025-05-13,App
C08694,South,Hyderabad,12.90833,77.57644,2024-02-01,App
C08695,West,Ahmedabad,19.15349,72.96295,2024-10-23,Web
C08696,East,Patna,22.54736,88.2828,2025-09-15,App
C08697,North,Delhi,28.63546,77.1962,2025-05-23,App
C08698,East,Kolkata,22.47105,88.30737,2024-04-26,Web
C08699,North,Chandigarh,28.67511,77.34068,2024-09-19,App
C08700,East,Bhubaneswar,22.55709,88.37588,2024-07-25,App
C08701,North,Jaipur,28.54601,77.12639,2024-06-20,App
C08702,West,Mumbai,19.12156,72.82765,2025-02-28,App
C08703,West,Mumbai,19.01302,72.88284,2025-03-05,App
C08704,West,Ahmedabad,19.06303,72.85733,2025-01-24,App
C08705,West,Ahmedabad,19.13004,72.90349,2025-07-20,App
C08706,North,Jaipur,28.61121,77.13228,2025-01-06,App
C08707,East,Kolkata,22.56299,88.32618,2024-03-11,App
C08708,West,Mumbai,19.14153,72.89858,2025-03-12,App
C08709,North,Jaipur,28.53785,77.18489,2024-01-07,Web
C08710,East,Bhubaneswar,22.5334,88.32634,2024-04-15,Web
C08711,West,Mumbai,19.01896,72.79981,2024-12-09,App
C08712,East,Kolkata,22.63471,88.44821,2024-03-22,App
C08713,North,Jaipur,28.58672,77.30291,2024-03-12,App
C08714,East,Patna,22.51121,88.34194,2024-02-20,App
C08715,South,Bengaluru,12.91749,77.54437,2025-01-09,Web
C08716,South,Chennai,13.10643,77.59479,2025-07-02,App
C08717,South,Hyderabad,12.91751,77.49872,2025-05-26,App
C08718,South,Hyderabad,12.97709,77.55848,2024-04-27,App
C08719,South,Hyderabad,12.83611,77.69294,2025-07-23,App
C08720,West,Pune,19.05098,72.81899,2024-04-04,App
C08721,West,Pune,18.96123,72.79232,2024-08-04,App
C08722,West,Pune,18.97047,72.84692,2024-01-17,App
C08723,North,Chandigarh,28.74781,77.17045,2025-10-01,Web
C08724,West,Mumbai,19.1414,72.96907,2024-03-28,App
C08725,North,Delhi,28.63916,77.21864,2024-11-17,App
C08726,East,Bhubaneswar,22.62583,88.34821,2025-07-28,App
C08727,South,Bengaluru,12.90115,77.57221,2024-07-02,Web
C08728,North,Jaipur,28.66251,77.18945,2024-01-19,App
C08729,East,Kolkata,22.52473,88.35452,2024-01-16,App
C08730,East,Bhubaneswar,22.51477,88.42575,2025-03-02,App
C08731,South,Hyderabad,13.09082,77.60227,2024-09-28,App
C08732,East,Patna,22.63042,88.3691,2024-03-17,App
C08733,North,Delhi,28.65758,77.12841,2024-04-02,App
C08734,South,Chennai,12.94571,77.53559,2024-05-30,Web
C08735,North,Jaipur,28.73492,77.24444,2025-03-14,App
C08736,South,Hyderabad,12.9696,77.64121,2024-06-04,App
C08737,North,Delhi,28.53483,77.19689,2025-05-17,App
C08738,North,Chandigarh,28.68571,77.27049,2025-04-01,Web
C08739,West,Pune,19.09459,72.98841,2024-09-13,App
C08740,West,Pune,19.05646,72.79526,2024-05-16,App
C08741,South,Hyderabad,13.03141,77.58012,2024-06-21,App
C08742,South,Chennai,12.92949,77.64099,2024-06-15,App
C08743,North,Chandigarh,28.54838,77.11099,2025-10-09,App
C08744,South,Chennai,13.02653,77.62222,2025-04-28,App
C08745,North,Jaipur,28.64185,77.17668,2025-02-21,App
C08746,North,Delhi,28.63698,77.05708,2024-08-15,App
C08747,East,Bhubaneswar,22.48338,88.3874,2025-08-03,App
C08748,South,Hyderabad,12.85654,77.53429,2024-04-27,App
C08749,North,Delhi,28.6189,77.22372,2025-09-05,App
C08750,West,Pune,19.10921,72.84653,2024-05-26,App
C08751,East,Patna,22.54587,88.36199,2024-06-10,App
C08752,West,Mumbai,19.05113,72.95587,2025-09-25,App
C08753,South,Bengaluru,13.02732,77.66971,2024-05-27,App
C08754,South,Hyderabad,13.01377,77.54742,2024-05-31,App
C08755,South,Bengaluru,12.9208,77.45367,2024-03-18,Web
C08756,South,Bengaluru,12.95696,77.45198,2025-06-28,App
C08757,South,Bengaluru,13.00554,77.67556,2024-12-16,Web
C08758,West,Ahmedabad,19.1102,72.88278,2024-08-13,Web
C08759,East,Kolkata,22.53167,88.34271,2025-01-31,App
C08760,North,Chandigarh,28.61634,77.34772,2024-04-08,App
C08761,West,Pune,19.08169,72.80481,2024-11-05,App
C08762,East,Patna,22.58229,88.42175,2024-06-18,App
C08763,West,Pune,19.09253,72.84491,2024-12-12,App
C08764,South,Bengaluru,12.92502,77.5791,2024-04-08,App
C08765,East,Kolkata,22.46083,88.33399,2025-08-07,Web
C08766,East,Patna,22.38724,88.24558,2025-09-24,Web
C08767,West,Pune,19.0253,72.87807,2024-04-10,App
C08768,East,Bhubaneswar,22.49321,88.36174,2025-08-24,App
C08769,South,Chennai,13.03081,77.64462,2024-05-17,App
C08770,North,Jaipur,28.65508,77.29936,2025-09-14,App
C08771,East,Bhubaneswar,22.65933,88.35047,2025-06-30,App
C08772,South,Bengaluru,12.97145,77.5664,2025-03-28,App
C08773,East,Bhubaneswar,22.4868,88.48364,2024-05-26,App
C08774,North,Jaipur,28.67572,77.16,2024-03-22,Web
C08775,North,Chandigarh,28.67356,77.19537,2025-08-08,Web
C08776,East,Patna,22.51126,88.30576,2024-03-06,App
C08777,North,Chandigarh,28.62699,77.2173,2024-02-17,App
C08778,East,Patna,22.57695,88.34953,2025-08-04,App
C08779,North,Jaipur,28.6976,77.06204,2024-01-06,App
C08780,South,Chennai,12.97214,77.63864,2024-03-31,App
C08781,North,Delhi,28.61598,77.25294,2024-08-21,App
C08782,West,Mumbai,19.1767,72.87083,2024-11-15,App
C08783,West,Pune,19.06923,72.86559,2024-04-18,App
C08784,South,Hyderabad,12.80805,77.58515,2024-03-20,App
C08785,East,Kolkata,22.49738,88.40543,2024-10-14,App
C08786,West,Mumbai,19.10944,72.91164,2025-06-18,App
C08787,South,Bengaluru,13.0281,77.46825,2024-10-17,App
C08788,North,Jaipur,28.49031,77.18763,2025-05-07,App
C08789,West,Pune,19.15643,72.89742,2024-01-30,App
C08790,East,Bhubaneswar,22.60246,88.2509,2024-11-29,App
C08791,North,Chandigarh,28.66224,77.1395,2024-08-10,App
C08792,South,Hyderabad,12.82971,77.54571,2024-01-13,Web
C08793,North,Jaipur,28.59952,77.25612,2024-03-18,App
C08794,South,Bengaluru,12.96234,77.69552,2024-04-11,Web
C08795,South,Bengaluru,13.06397,77.49933,2024-02-19,App
C08796,North,Jaipur,28.53064,77.1986,2024-08-22,App
C08797,South,Chennai,13.02048,77.53811,2025-05-13,Web
C08798,South,Hyderabad,12.8716,77.63483,2025-03-25,App
C08799,West,Ahmedabad,19.07131,72.91068,2024-06-22,App
C08800,East,Bhubaneswar,22.49006,88.39575,2025-01-21,App
C08801,North,Jaipur,28.75249,77.13276,2025-05-09,Web
C08802,West,Mumbai,19.05817,72.96577,2025-02-11,App
C08803,South,Hyderabad,13.017,77.6215,2025-01-06,App
C08804,West,Pune,19.16024,72.87925,2024-06-26,App
C08805,West,Ahmedabad,19.08077,72.97134,2025-01-01,App
C08806,West,Mumbai,19.11306,72.96599,2024-07-01,App
C08807,North,Chandigarh,28.68564,77.22666,2024-12-19,App
C08808,West,Mumbai,19.01808,72.85856,2025-01-15,App
C08809,South,Chennai,12.93153,77.53419,2025-07-13,App
C08810,West,Mumbai,19.05782,72.89416,2024-10-23,App
C08811,West,Unknown,19.13558,72.83106,2024-05-08,App
C08812,South,Hyderabad,12.93868,77.60475,2024-07-08,App
C08813,South,Chennai,13.10324,77.52965,2024-03-09,Web
C08814,North,Chandigarh,28.66679,77.15606,2024-12-25,App
C08815,South,Bengaluru,12.96987,77.65342,2025-04-07,App
C08816,South,Hyderabad,12.96334,77.66504,2024-08-27,App
C08817,North,Jaipur,28.55534,77.23734,2024-11-22,Web
C08818,East,Kolkata,22.52862,88.25982,2025-09-09,App
C08819,South,Hyderabad,12.97598,77.61202,2025-03-21,App
C08820,North,Delhi,28.62326,77.20671,2024-08-10,App
C08821,North,Jaipur,28.63366,77.30362,2024-10-15,App
C08822,South,Chennai,12.94776,77.61493,2025-08-06,App
C08823,South,Hyderabad,12.93088,77.60773,2025-07-15,App
C08824,East,Kolkata,22.57934,88.31326,2025-02-26,App
C08825,North,Jaipur,28.63842,77.22695,2024-07-18,App
C08826,East,Bhubaneswar,22.72142,88.32592,2025-08-02,App
C08827,West,Pune,19.06997,72.82988,2024-02-05,App
C08828,South,Bengaluru,12.87086,77.65777,2025-09-14,App
C08829,East,Bhubaneswar,22.50827,88.39756,2024-08-19,App
C08830,North,Delhi,28.64451,77.24257,2024-04-14,App
C08831,South,Bengaluru,12.92297,77.64364,2024-10-29,App
C08832,West,Pune,19.24919,72.85357,2024-12-23,Web
C08833,South,Bengaluru,12.92275,77.5195,2024-05-19,App
C08834,South,Chennai,12.96879,77.58133,2025-03-01,App
C08835,West,Ahmedabad,19.09758,72.99317,2025-02-20,App
C08836,North,Chandigarh,28.49272,77.13106,2025-04-10,App
C08837,West,Ahmedabad,19.08978,73.00662,2024-03-17,App
C08838,South,Hyderabad,12.87125,77.68609,2025-08-04,App
C08839,South,Bengaluru,13.00073,77.56948,2024-03-07,Web
C08840,North,Jaipur,28.74978,77.3016,2024-02-14,App
C08841,North,Chandigarh,28.58922,77.17262,2025-02-22,App
C08842,North,Jaipur,28.55693,77.15562,2024-05-11,Web
C08843,West,Pune,19.16132,72.88068,2024-07-03,App
C08844,East,Kolkata,22.60519,88.3243,2025-01-02,App
C08845,North,Delhi,28.64719,77.29066,2025-08-06,Web
C08846,East,Kolkata,22.55014,88.35732,2025-05-06,App
C08847,South,Bengaluru,12.93651,77.61641,2024-09-29,App
C08848,West,Ahmedabad,19.19177,72.92409,2025-04-11,App
C08849,South,Hyderabad,12.88289,77.61482,2025-05-15,App
C08850,West,Pune,19.0751,72.94285,2024-08-01,App
C08851,South,Hyderabad,13.07962,77.61284,2025-08-31,App
C08852,West,Pune,19.16187,72.96086,2024-04-20,App
C08853,West,Ahmedabad,19.2112,72.96741,2024-09-16,App
C08854,West,Ahmedabad,19.12015,72.88896,2024-05-15,App
C08855,East,Bhubaneswar,22.50581,88.27359,2024-06-09,App
C08856,East,Patna,22.60424,88.2467,2024-02-21,Web
C08857,North,Delhi,28.53752,77.24042,2024-05-18,App
C08858,West,Mumbai,19.03313,72.84716,2025-09-07,App
C08859,East,Bhubaneswar,22.51,88.34241,2024-03-16,App
C08860,East,Bhubaneswar,22.45164,88.28159,2024-10-24,Web
C08861,West,Pune,19.15671,72.82227,2025-03-21,App
C08862,West,Mumbai,18.96693,72.94024,2024-07-10,Web
C08863,North,Delhi,28.75412,77.24674,2024-01-08,App
C08864,East,Patna,22.55549,88.29801,2024-08-01,App
C08865,East,Bhubaneswar,22.44546,88.41361,2024-03-08,App
C08866,North,Delhi,28.59797,77.22505,2024-06-05,App
C08867,North,Chandigarh,28.71984,77.23689,2025-02-03,App
C08868,West,Pune,19.06594,72.86645,2025-04-27,App
C08869,North,Jaipur,28.68659,77.09169,2025-05-24,Web
C08870,West,Ahmedabad,19.01531,72.88431,2025-06-13,App
C08871,South,Bengaluru,12.96534,77.62561,2025-07-24,App
C08872,South,Hyderabad,13.0111,77.62069,2025-01-16,App
C08873,West,Ahmedabad,19.09721,72.88276,2024-02-13,Web
C08874,East,Kolkata,22.64196,88.27263,2025-05-06,Web
C08875,West,Mumbai,19.10777,72.99043,2024-12-09,App
C08876,South,Hyderabad,12.97678,77.61386,2025-01-17,App
C08877,South,Chennai,12.97063,77.63644,2025-09-12,Web
C08878,South,Chennai,12.94152,77.57667,2024-01-12,App
C08879,West,Ahmedabad,19.05742,72.80276,2024-11-20,Web
C08880,South,Bengaluru,12.84776,77.54845,2024-03-24,App
C08881,South,Chennai,12.91321,77.46204,2024-11-06,App
C08882,East,Patna,22.70763,88.25518,2025-02-13,App
C08883,South,Chennai,12.94246,77.62163,2025-02-01,Web
C08884,West,Mumbai,19.11368,72.80491,2025-01-29,App
C08885,West,Pune,18.9984,72.93507,2025-10-07,App
C08886,North,Delhi,28.51638,77.30757,2025-01-10,App
C08887,East,Kolkata,22.48064,88.38132,2024-12-01,App
C08888,South,Bengaluru,12.87547,77.69541,2024-09-30,App
C08889,South,Chennai,12.9692,77.60426,2025-05-29,App
C08890,South,Bengaluru,12.84007,77.616,2024-03-18,Web
C08891,North,Jaipur,28.70126,77.18517,2025-01-10,App
C08892,West,Ahmedabad,19.1283,72.86344,2025-06-01,App
C08893,West,Ahmedabad,19.00615,72.78934,2025-04-13,App
C08894,South,Chennai,12.98433,77.60081,2024-03-23,App
C08895,South,Chennai,13.03001,77.54164,2025-04-20,Web
C08896,West,Ahmedabad,19.1574,72.91252,2024-11-04,App
C08897,West,Mumbai,19.01748,72.96751,2025-01-01,App
C08898,North,Delhi,28.76543,77.13415,2025-09-30,App
C08899,West,Ahmedabad,19.13915,72.90369,2025-06-10,App
C08900,West,Pune,19.05684,72.92625,2024-07-30,Web
C08901,South,Bengaluru,12.95171,77.57712,2024-10-24,App
C08902,South,Bengaluru,12.99768,77.50751,2024-08-04,Web
C08903,East,Bhubaneswar,22.54778,88.38595,2025-05-19,App
C08904,West,Mumbai,19.19553,72.87846,2024-06-10,App
C08905,West,Mumbai,19.06828,72.93475,2024-11-03,App
C08906,North,Chandigarh,28.67256,77.25573,2024-07-01,App
C08907,South,Hyderabad,12.90525,77.65569,2025-05-17,App
C08908,West,Pune,19.08334,72.8535,2024-09-01,App
C08909,North,Chandigarh,28.50378,77.19522,2025-08-07,App
C08910,West,Pune,19.05279,72.86489,2025-01-05,App
C08911,West,Ahmedabad,19.02303,72.90949,2025-08-09,Web
C08912,South,Chennai,12.92873,77.55763,2024-08-10,App
C08913,East,Patna,22.49597,88.33949,2024-04-02,App
C08914,South,Hyderabad,13.1079,77.6654,2025-02-21,App
C08915,West,Pune,19.06508,72.97378,2024-09-21,App
C08916,East,Patna,22.49793,88.43648,2025-09-19,App
C08917,North,Jaipur,28.65228,77.33323,2025-05-08,Web
C08918,West,Pune,19.03354,72.80011,2024-02-24,App
C08919,West,Mumbai,19.08324,72.82715,2024-08-24,App
C08920,East,Patna,22.63016,88.40678,2025-04-21,App
C08921,West,Mumbai,19.09615,72.89312,2024-11-25,App
C08922,South,Chennai,12.96817,77.62028,2024-02-19,App
C08923,North,Delhi,28.51828,77.33036,2024-09-15,App
C08924,South,Bengaluru,12.98642,77.75219,2024-08-12,App
C08925,West,Pune,19.12556,72.80735,2025-07-14,App
C08926,East,Kolkata,22.50239,88.44808,2025-05-30,App
C08927,West,Pune,19.07008,72.93172,2024-02-27,App
C08928,West,Pune,19.09083,72.95906,2025-06-01,Web
C08929,South,Chennai,13.03169,77.58367,2024-04-27,App
C08930,East,Patna,22.53379,88.49508,2024-01-24,App
C08931,South,Chennai,12.86617,77.6128,2024-10-12,App
C08932,West,Mumbai,19.01801,73.00004,2024-05-20,App
C08933,North,Chandigarh,28.74625,77.15398,2024-07-31,App
C08934,North,Chandigarh,28.63009,77.23192,2024-05-17,Web
C08935,West,Ahmedabad,19.11183,72.73909,2024-01-01,App
C08936,North,Delhi,28.58828,77.23138,2025-04-11,App
C08937,West,Ahmedabad,19.18277,72.96328,2024-10-09,App
C08938,North,Delhi,28.50937,77.25448,2024-02-10,App
C08939,South,Hyderabad,12.98828,77.63555,2024-01-04,App
C08940,East,Kolkata,22.74274,88.38475,2025-10-09,App
C08941,South,Hyderabad,12.92447,77.71175,2025-04-21,Web
C08942,West,Pune,19.12114,72.79767,2025-03-25,App
C08943,South,Chennai,12.91062,77.57435,2024-12-12,App
C08944,East,Kolkata,22.61454,88.36902,2024-01-20,App
C08945,West,Pune,19.03789,72.85291,2024-12-13,Web
C08946,West,Mumbai,19.09416,72.86285,2024-11-19,App
C08947,South,Bengaluru,12.96143,77.56459,2024-04-26,Web
C08948,West,Ahmedabad,19.0138,72.98322,2025-06-05,App
C08949,North,Chandigarh,28.59666,77.18989,2024-04-05,App
C08950,East,Bhubaneswar,22.5392,88.33401,2025-05-24,App
C08951,South,Hyderabad,13.0073,77.44928,2025-08-31,Web
C08952,South,Hyderabad,12.92119,77.55416,2024-07-04,Web
C08953,East,Bhubaneswar,22.60597,88.43897,2024-02-06,App
C08954,West,Ahmedabad,19.16661,72.84855,2025-09-25,App
C08955,North,Delhi,28.61375,77.30588,2024-01-06,Web
C08956,West,Pune,19.15298,72.95307,2025-06-11,App
C08957,South,Chennai,12.95069,77.48867,2025-08-20,App
C08958,West,Pune,18.99175,72.77718,2025-08-22,App
C08959,North,Chandigarh,28.56668,77.2422,2024-04-12,App
C08960,South,Hyderabad,12.99638,77.65791,2024-04-22,App
C08961,North,Jaipur,28.69777,77.28816,2025-04-12,App
C08962,South,Chennai,12.8975,77.59989,2025-02-15,App
C08963,West,Mumbai,19.17414,72.76654,2025-06-21,Web
C08964,East,Kolkata,22.56814,88.38622,2024-04-23,App
C08965,West,Ahmedabad,19.14767,72.82067,2025-08-29,App
C08966,West,Pune,19.12523,72.7249,2025-03-31,Web
C08967,East,Patna,22.57729,88.47329,2024-11-22,App
C08968,East,Patna,22.64294,88.42948,2025-04-26,App
C08969,North,Jaipur,28.55199,77.38155,2025-10-01,App
C08970,East,Patna,22.60661,88.53192,2025-09-30,App
C08971,North,Chandigarh,28.5426,77.17816,2024-04-19,App
C08972,North,Chandigarh,28.53268,77.11543,2025-04-26,App
C08973,West,Mumbai,19.10211,72.90791,2024-04-01,Web
C08974,North,Delhi,28.653,77.23643,2025-03-14,Web
C08975,West,Mumbai,19.19185,72.82193,2024-05-21,App
C08976,West,Ahmedabad,19.02188,72.93123,2025-06-15,App
C08977,South,Hyderabad,12.99793,77.74929,2025-07-19,Web
C08978,South,Chennai,12.91896,77.61929,2024-11-21,App
C08979,North,Delhi,28.65356,77.22155,2024-09-22,App
C08980,West,Ahmedabad,19.04062,72.83191,2025-03-09,App
C08981,West,Mumbai,19.17614,72.89072,2025-07-30,App
C08982,West,Mumbai,19.12338,72.97572,2024-04-08,App
C08983,South,Chennai,13.01445,77.6105,2025-06-03,App
C08984,East,Bhubaneswar,22.52058,88.35499,2024-03-30,Web
C08985,East,Bhubaneswar,22.53894,88.42564,2025-06-25,App
C08986,East,Patna,22.63526,88.4134,2024-06-08,Web
C08987,South,Hyderabad,13.09523,77.54947,2024-06-17,App
C08988,West,Ahmedabad,19.11866,72.85435,2025-09-19,App
C08989,South,Hyderabad,12.87667,77.55874,2025-10-03,App
C08990,North,Jaipur,28.52365,77.29453,2025-05-24,App
C08991,North,Jaipur,28.62531,77.27958,2024-08-09,App
C08992,South,Chennai,12.93782,77.56336,2024-06-02,App
C08993,West,Pune,19.03926,72.83672,2025-05-03,App
C08994,North,Delhi,28.64243,77.31944,2025-09-26,App
C08995,South,Chennai,12.92901,77.46526,2024-02-05,App
C08996,South,Chennai,12.90735,77.58317,2024-09-28,App
C08997,South,Bengaluru,12.90672,77.52722,2024-10-01,App
C08998,West,Ahmedabad,19.10461,72.86952,2025-03-15,App
C08999,East,Bhubaneswar,22.56554,88.29276,2025-07-31,App
C09000,South,Chennai,12.91607,77.55368,2025-10-10,App
C09001,West,Ahmedabad,19.19089,72.98063,2024-07-24,App
C09002,South,Bengaluru,12.9717,77.60379,2024-03-28,App
C09003,West,Ahmedabad,18.98459,72.84008,2024-11-16,App
C09004,South,Chennai,13.07944,77.50805,2025-08-03,App
C09005,South,Chennai,12.885,77.65066,2024-07-10,App
C09006,West,Ahmedabad,18.98501,72.95841,2024-09-26,App
C09007,North,Chandigarh,28.54782,77.29073,2025-10-06,Web
C09008,East,Kolkata,22.57187,88.34193,2025-08-15,App
C09009,West,Ahmedabad,19.10498,72.90706,2025-06-13,App
C09010,West,Ahmedabad,19.12013,72.95874,2025-07-22,App
C09011,South,Chennai,12.93362,77.57976,2024-02-05,App
C09012,West,Mumbai,18.95614,72.76879,2024-10-17,App
C09013,West,Mumbai,19.11419,72.8239,2025-09-28,App
C09014,North,Jaipur,28.47307,77.22009,2024-12-08,Web
C09015,North,Delhi,28.59983,77.26122,2025-05-01,App
C09016,South,Hyderabad,13.03804,77.61839,2025-09-24,App
C09017,East,Kolkata,22.5713,88.31898,2024-06-14,App
C09018,North,Chandigarh,28.65534,77.18795,2024-04-05,App
C09019,East,Patna,22.4633,88.31677,2025-02-24,App
C09020,West,Ahmedabad,19.15374,72.9423,2024-01-03,App
C09021,South,Chennai,12.94178,77.61345,2024-09-22,App
C09022,North,Chandigarh,28.73858,77.24104,2024-04-11,App
C09023,East,Kolkata,22.54661,88.44558,2024-08-22,App
C09024,North,Jaipur,28.60302,77.23984,2024-05-31,App
C09025,East,Kolkata,22.61544,88.39149,2025-03-17,App
C09026,South,Hyderabad,12.95068,77.61159,2025-05-02,App
C09027,West,Pune,19.01083,72.79939,2025-03-07,App
C09028,West,Ahmedabad,18.93608,72.95776,2024-07-26,App
C09029,North,Delhi,28.59979,77.24161,2024-06-21,App
C09030,East,Kolkata,22.53909,88.48904,2024-02-15,App
C09031,East,Patna,22.69285,88.3806,2024-09-29,App
C09032,West,Mumbai,18.99047,72.91343,2024-12-04,App
C09033,West,Ahmedabad,19.14147,72.87058,2024-08-27,App
C09034,South,Hyderabad,12.86627,77.51299,2025-03-07,App
C09035,South,Bengaluru,12.98642,77.64622,2024-03-24,App
C09036,West,Pune,19.04354,72.85729,2024-08-05,App
C09037,South,Bengaluru,12.97877,77.54276,2024-01-21,App
C09038,East,Kolkata,22.59281,88.36529,2024-05-21,App
C09039,West,Pune,19.10492,72.85642,2024-12-02,App
C09040,West,Mumbai,19.01019,72.96402,2025-07-23,App
C09041,West,Mumbai,19.11228,72.83449,2025-09-12,Web
C09042,West,Mumbai,19.06071,72.91993,2025-01-01,Web
C09043,West,Mumbai,19.01866,72.96842,2024-02-08,App
C09044,South,Chennai,12.93262,77.49823,2024-04-19,App
C09045,East,Patna,22.5516,88.45274,2024-12-07,App
C09046,South,Chennai,13.04742,77.54567,2025-08-04,App
C09047,West,Mumbai,19.09619,72.93457,2024-01-01,App
C09048,North,Delhi,28.60286,77.23165,2025-08-25,App
C09049,North,Chandigarh,28.69062,77.108,2025-06-04,App
C09050,East,Bhubaneswar,22.63893,88.32263,2024-11-19,Web
C09051,South,Bengaluru,12.91186,77.632,2025-08-16,App
C09052,East,Kolkata,22.54489,88.40602,2025-01-28,Web
C09053,West,Ahmedabad,19.01289,72.90269,2024-08-08,App
C09054,South,Hyderabad,12.98985,77.68032,2024-11-14,Web
C09055,West,Pune,19.13183,72.89836,2024-05-23,App
C09056,West,Mumbai,19.08792,72.93027,2024-03-14,App
C09057,North,Jaipur,28.60251,77.18169,2025-02-02,App
C09058,North,Chandigarh,28.47204,77.18167,2024-06-22,App
C09059,South,Bengaluru,12.91249,77.58636,2025-06-21,App
C09060,South,Chennai,13.03901,77.79361,2025-04-03,App
C09061,North,Jaipur,28.73067,77.20443,2024-02-26,Web
C09062,West,Pune,19.03633,72.79979,2024-04-06,Web
C09063,East,Bhubaneswar,22.5823,88.28837,2024-05-11,App
C09064,South,Unknown,12.9201,77.62851,2024-07-26,App
C09065,East,Bhubaneswar,22.48686,88.32178,2025-07-01,App
C09066,North,Delhi,28.61867,77.16302,2025-07-23,App
C09067,North,Chandigarh,28.53078,77.21919,2025-08-20,App
C09068,West,Ahmedabad,19.11872,72.87133,2025-10-04,Web
C09069,East,Bhubaneswar,22.58649,88.38837,2024-01-24,App
C09070,North,Jaipur,28.63202,77.20941,2025-04-09,App
C09071,South,Hyderabad,12.88013,77.53457,2025-06-09,Web
C09072,North,Chandigarh,28.57474,77.06028,2025-10-02,Web
C09073,West,Pune,19.11843,72.79266,2025-08-12,App
C09074,East,Kolkata,22.66368,88.35825,2024-10-09,Web
C09075,South,Hyderabad,13.05126,77.62977,2024-01-18,Web
C09076,South,Bengaluru,12.88109,77.79419,2025-05-03,App
C09077,West,Pune,19.03488,73.01007,2025-01-05,App
C09078,North,Chandigarh,28.58653,77.28997,2025-07-14,App
C09079,North,Jaipur,28.52892,77.27647,2025-09-25,App
C09080,South,Bengaluru,12.99193,77.52327,2024-11-29,App
C09081,North,Delhi,28.58925,77.18328,2025-04-13,App
C09082,North,Jaipur,28.67102,77.26999,2024-11-27,App
C09083,West,Pune,19.04957,72.86662,2025-01-03,App
C09084,West,Ahmedabad,19.06551,73.03829,2024-03-15,App
C09085,North,Delhi,28.6584,77.20706,2024-12-29,App
C09086,East,Bhubaneswar,22.46058,88.42238,2024-12-02,App
C09087,West,Mumbai,19.02294,72.98172,2025-10-10,App
C09088,West,Mumbai,19.10617,72.92829,2025-08-18,Web
C09089,South,Hyderabad,13.0052,77.73128,2024-07-01,App
C09090,East,Bhubaneswar,22.64473,88.24028,2024-03-29,App
C09091,South,Chennai,12.86878,77.6009,2024-04-19,App
C09092,North,Chandigarh,28.65396,77.16407,2024-01-25,Web
C09093,North,Delhi,28.53567,77.26813,2025-07-04,App
C09094,South,Bengaluru,12.9172,77.49927,2025-05-04,App
C09095,North,Chandigarh,28.57419,77.30046,2024-03-31,Web
C09096,West,Mumbai,19.09104,72.82141,2024-02-16,Web
C09097,North,Chandigarh,28.78446,77.26229,2024-01-12,Web
C09098,East,Bhubaneswar,22.57982,88.3447,2024-12-21,Web
C09099,West,Pune,19.14203,72.87107,2025-02-01,App
C09100,North,Chandigarh,28.47498,77.30775,2024-08-03,App
C09101,East,Patna,22.50659,88.42256,2024-09-03,App
C09102,West,Pune,18.96473,72.87715,2025-08-19,Web
C09103,North,Jaipur,28.73885,77.27482,2024-03-11,App
C09104,North,Chandigarh,28.47346,77.21801,2025-07-03,App
C09105,South,Chennai,13.00232,77.52839,2024-02-11,App
C09106,South,Chennai,12.93648,77.59205,2024-05-02,App
C09107,West,Pune,19.21139,72.89032,2024-02-14,Web
C09108,West,Pune,19.20728,72.89691,2024-02-16,App
C09109,East,Kolkata,22.62591,88.37881,2024-10-19,App
C09110,South,Bengaluru,13.05215,77.76652,2025-05-26,App
C09111,West,Mumbai,19.09644,72.87768,2024-01-04,Web
C09112,North,Delhi,28.70514,77.12606,2025-04-23,App
C09113,East,Kolkata,22.55372,88.37591,2025-02-03,App
C09114,East,Kolkata,22.42479,88.33716,2025-01-17,App
C09115,North,Jaipur,28.50811,77.18282,2025-10-11,App
C09116,West,Pune,19.07161,72.80553,2025-02-05,App
C09117,North,Chandigarh,28.60678,77.14993,2025-03-14,Web
C09118,South,Bengaluru,12.90472,77.68974,2024-09-25,App
C09119,South,Bengaluru,12.97905,77.59085,2025-07-21,App
C09120,West,Mumbai,19.06788,72.94106,2024-09-01,App
C09121,South,Bengaluru,13.0502,77.58906,2024-11-16,Web
C09122,East,Kolkata,22.57486,88.40115,2024-12-24,Web
C09123,West,Pune,19.11222,72.7568,2024-11-03,App
C09124,South,Chennai,12.9835,77.42495,2024-11-07,App
C09125,East,Patna,22.41801,88.27178,2024-10-19,App
C09126,North,Chandigarh,28.6304,77.18844,2024-11-22,App
C09127,North,Jaipur,28.62053,77.14613,2025-07-19,Web
C09128,North,Chandigarh,28.54303,77.0588,2025-02-21,App
C09129,North,Jaipur,28.53329,77.18581,2025-07-18,Web
C09130,South,Chennai,12.87643,77.55287,2024-06-09,App
C09131,North,Jaipur,28.661,77.14679,2025-02-17,App
C09132,South,Chennai,12.84658,77.53088,2024-06-11,App
C09133,North,Delhi,28.71324,77.28724,2024-06-16,Web
C09134,South,Hyderabad,13.05655,77.55255,2024-08-18,Web
C09135,East,Kolkata,22.40858,88.29864,2024-06-08,Web
C09136,West,Pune,19.09116,72.84431,2024-09-12,App
C09137,South,Bengaluru,12.95592,77.64609,2024-04-02,App
C09138,East,Patna,22.57155,88.25524,2024-12-09,App
C09139,South,Bengaluru,13.02056,77.59447,2025-09-11,App
C09140,West,Pune,19.05954,72.91323,2025-09-08,App
C09141,South,Chennai,13.03318,77.62735,2024-01-29,App
C09142,South,Hyderabad,12.97876,77.60306,2024-09-11,App
C09143,East,Bhubaneswar,22.5314,88.47748,2024-02-29,App
C09144,North,Delhi,28.64192,77.21762,2025-06-15,App
C09145,East,Bhubaneswar,22.61156,88.41067,2024-12-01,App
C09146,South,Chennai,12.95763,77.54183,2024-09-13,App
C09147,North,Chandigarh,28.5309,77.29627,2025-03-06,App
C09148,North,Chandigarh,28.65852,77.12466,2024-04-04,Web
C09149,West,Ahmedabad,19.06779,73.04265,2025-07-31,App
C09150,West,Pune,19.08977,72.97928,2025-03-02,App
C09151,South,Hyderabad,12.82,77.65081,2024-03-27,App
C09152,East,Bhubaneswar,22.52506,88.36951,2025-08-08,App
C09153,South,Bengaluru,12.87266,77.67864,2025-02-20,Web
C09154,North,Chandigarh,28.62406,77.21712,2025-05-12,App
C09155,East,Patna,22.71292,88.35756,2025-07-21,App
C09156,South,Chennai,13.01838,77.65677,2025-08-04,App
C09157,West,Ahmedabad,18.96677,72.87208,2024-08-07,App
C09158,North,Chandigarh,28.62209,77.24413,2024-12-16,Web
C09159,South,Bengaluru,12.97468,77.54092,2024-03-24,App
C09160,West,Mumbai,18.91435,72.81429,2025-01-11,App
C09161,West,Pune,19.18831,72.97396,2025-10-11,Web
C09162,West,Mumbai,19.08477,72.76486,2024-03-11,App
C09163,North,Delhi,28.56259,77.21739,2025-05-20,App
C09164,East,Patna,22.53453,88.36043,2025-05-10,Web
C09165,South,Bengaluru,13.05437,77.58046,2024-04-03,App
C09166,North,Jaipur,28.51313,77.16317,2025-02-28,App
C09167,South,Hyderabad,13.04182,77.49117,2025-06-10,App
C09168,West,Ahmedabad,19.08864,72.82441,2025-08-01,App
C09169,South,Hyderabad,12.89325,77.62637,2025-01-21,App
C09170,South,Bengaluru,13.03424,77.61417,2024-08-08,App
C09171,West,Pune,19.09894,72.88889,2024-12-22,App
C09172,North,Delhi,28.43068,77.18761,2024-08-08,App
C09173,North,Chandigarh,28.60695,77.29612,2024-05-05,App
C09174,East,Kolkata,22.56263,88.29882,2024-09-18,App
C09175,East,Patna,22.6922,88.30516,2024-03-28,Web
C09176,South,Chennai,12.96061,77.53192,2024-05-14,App
C09177,East,Bhubaneswar,22.50619,88.41383,2025-08-09,App
C09178,West,Pune,19.12962,72.91109,2025-09-15,App
C09179,East,Patna,22.6226,88.31714,2025-06-28,App
C09180,North,Chandigarh,28.63777,77.28058,2025-01-28,App
C09181,East,Bhubaneswar,22.55249,88.28581,2024-01-22,App
C09182,South,Bengaluru,12.90681,77.57507,2024-12-19,App
C09183,West,Mumbai,19.09943,72.88697,2024-12-14,App
C09184,North,Delhi,28.58683,77.13908,2025-05-23,App
C09185,North,Jaipur,28.64452,77.27104,2024-06-02,App
C09186,West,Mumbai,19.10264,72.83553,2024-12-06,App
C09187,South,Chennai,12.93393,77.63804,2025-06-02,App
C09188,East,Patna,22.5422,88.36599,2024-09-11,App
C09189,West,Mumbai,19.14641,72.97227,2024-02-18,App
C09190,South,Hyderabad,12.98771,77.66739,2024-04-04,App
C09191,East,Kolkata,22.63403,88.3637,2024-10-23,App
C09192,South,Hyderabad,12.83396,77.67915,2024-07-28,App
C09193,West,Mumbai,19.06414,72.89114,2025-05-27,App
C09194,North,Chandigarh,28.62389,77.0861,2025-09-05,App
C09195,East,Bhubaneswar,22.55064,88.27888,2024-09-29,App
C09196,West,Mumbai,19.05753,72.78005,2025-08-26,Web
C09197,North,Chandigarh,28.63792,77.17602,2024-04-10,App
C09198,North,Delhi,28.51301,77.25387,2025-01-11,Web
C09199,South,Hyderabad,13.07865,77.70524,2024-09-03,Web
C09200,South,Chennai,12.88424,77.66025,2024-02-06,Web
C09201,North,Chandigarh,28.62915,77.30105,2025-07-07,Web
C09202,South,Chennai,13.04945,77.52991,2024-03-02,App
C09203,West,Pune,19.16013,72.94373,2024-02-26,Web
C09204,South,Hyderabad,13.02314,77.65805,2025-04-23,App
C09205,East,Patna,22.56674,88.43309,2025-04-14,App
C09206,North,Jaipur,28.57088,77.19898,2024-09-29,Web
C09207,North,Jaipur,28.49561,77.23746,2025-08-21,App
C09208,West,Mumbai,19.04671,72.77207,2024-01-30,App
C09209,East,Kolkata,22.52476,88.48107,2025-01-11,App
C09210,North,Delhi,28.64595,77.27251,2025-03-05,App
C09211,West,Pune,19.18282,72.8171,2024-07-15,App
C09212,West,Ahmedabad,19.09139,72.88186,2024-12-08,Web
C09213,North,Chandigarh,28.67736,77.25985,2024-03-25,Web
C09214,East,Patna,22.54235,88.35627,2024-11-14,App
C09215,West,Ahmedabad,19.06361,72.84935,2025-08-16,App
C09216,North,Chandigarh,28.61885,77.14907,2024-06-22,App
C09217,South,Hyderabad,12.87589,77.39695,2024-07-22,App
C09218,South,Bengaluru,12.86647,77.61278,2025-02-22,App
C09219,West,Ahmedabad,19.01697,72.90753,2025-05-29,App
C09220,South,Chennai,12.97788,77.63284,2025-06-12,Web
C09221,North,Jaipur,28.6531,77.18889,2025-08-25,App
C09222,West,Mumbai,19.1726,72.80015,2025-05-28,Web
C09223,West,Mumbai,19.05707,72.81514,2025-01-17,App
C09224,South,Bengaluru,12.98435,77.56911,2025-04-04,App
C09225,North,Chandigarh,28.57457,77.29251,2024-04-09,App
C09226,West,Mumbai,19.08195,72.87432,2024-12-05,App
C09227,West,Ahmedabad,19.0728,72.88207,2025-03-09,App
C09228,East,Patna,22.57056,88.38584,2024-06-25,App
C09229,South,Hyderabad,12.86448,77.50919,2024-01-06,App
C09230,West,Mumbai,19.1646,72.80537,2025-05-16,App
C09231,West,Pune,19.04157,72.89645,2024-05-31,App
C09232,East,Patna,22.44339,88.39421,2025-07-04,App
C09233,South,Hyderabad,12.92158,77.67111,2024-07-24,App
C09234,East,Kolkata,22.45602,88.45499,2025-10-06,App
C09235,North,Delhi,28.6153,77.2777,2024-05-22,App
C09236,West,Mumbai,19.04273,72.73367,2025-10-07,App
C09237,West,Mumbai,19.13144,72.84195,2024-11-08,Web
C09238,West,Pune,19.04929,72.84729,2025-02-16,App
C09239,South,Chennai,12.97066,77.67304,2024-02-19,Web
C09240,North,Chandigarh,28.58896,77.2348,2024-06-04,App
C09241,South,Bengaluru,12.89588,77.57645,2025-06-24,App
C09242,East,Patna,22.54654,88.32508,2025-08-26,App
C09243,West,Ahmedabad,19.10626,72.93768,2024-02-02,App
C09244,East,Bhubaneswar,22.53537,88.46793,2024-08-02,Web
C09245,South,Chennai,12.88305,77.56308,2024-08-23,Web
C09246,East,Bhubaneswar,22.56247,88.3064,2024-04-22,App
C09247,West,Mumbai,19.00973,72.95853,2025-01-01,App
C09248,North,Delhi,28.58114,77.15118,2025-07-25,App
C09249,South,Hyderabad,12.94212,77.64922,2025-09-21,App
C09250,South,Hyderabad,13.01543,77.56511,2025-10-11,App
C09251,South,Chennai,12.94106,77.51967,2025-04-14,App
C09252,West,Mumbai,19.0476,72.86244,2025-06-25,App
C09253,North,Chandigarh,28.64102,77.10606,2025-05-31,App
C09254,North,Delhi,28.60607,77.26438,2024-06-17,Web
C09255,West,Mumbai,19.01069,72.91778,2025-08-19,Web
C09256,West,Ahmedabad,19.04848,72.87984,2025-01-15,App
C09257,West,Pune,19.10091,72.91988,2025-04-21,Web
C09258,North,Delhi,28.73723,77.23064,2025-03-19,App
C09259,North,Delhi,28.66069,77.20298,2024-07-24,App
C09260,West,Mumbai,19.09403,72.82265,2024-04-20,App
C09261,South,Chennai,12.99785,77.62324,2024-04-07,App
C09262,East,Patna,22.61775,88.35035,2024-12-24,App
C09263,East,Bhubaneswar,22.54196,88.42975,2024-02-12,App
C09264,North,Delhi,28.63221,77.25305,2025-01-28,App
C09265,North,Chandigarh,28.52615,77.33667,2024-09-26,App
C09266,West,Mumbai,19.08072,72.82092,2025-09-24,App
C09267,North,Delhi,28.70562,77.19591,2024-02-24,App
C09268,South,Chennai,12.99996,77.56157,2024-11-13,App
C09269,South,Chennai,12.86208,77.54531,2024-08-27,App
C09270,West,Pune,19.11756,72.88764,2024-09-07,App
C09271,South,Chennai,12.8927,77.56598,2024-06-14,App
C09272,South,Bengaluru,12.96867,77.63669,2025-06-13,App
C09273,North,Jaipur,28.65447,77.29863,2024-11-24,App
C09274,East,Bhubaneswar,22.6305,88.34672,2024-08-23,Web
C09275,West,Pune,19.15616,72.89387,2024-04-29,App
C09276,East,Patna,22.52123,88.21241,2025-08-17,App
C09277,West,Mumbai,19.15743,72.8214,2025-06-16,App
C09278,West,Ahmedabad,19.11317,72.90853,2024-04-22,App
C09279,West,Ahmedabad,19.05306,72.9895,2024-07-03,App
C09280,West,Mumbai,19.19524,72.79851,2025-04-11,App
C09281,West,Pune,19.14585,72.9694,2025-01-17,App
C09282,East,Patna,22.54315,88.33188,2025-03-15,Web
C09283,West,Ahmedabad,18.96067,72.85585,2025-10-01,App
C09284,North,Chandigarh,28.59553,77.16186,2024-10-05,App
C09285,East,Bhubaneswar,22.59009,88.35574,2025-08-02,App
C09286,South,Chennai,12.96299,77.58509,2024-04-01,App
C09287,South,Hyderabad,12.97017,77.60858,2024-06-16,App
C09288,North,Delhi,28.53411,77.22602,2024-05-28,App
C09289,North,Jaipur,28.66267,77.30136,2024-03-30,App
C09290,West,Mumbai,19.02116,72.84774,2024-02-02,App
C09291,South,Hyderabad,12.95736,77.51688,2025-07-19,App
C09292,South,Chennai,12.99766,77.60766,2025-10-02,App
C09293,West,Ahmedabad,19.05359,72.85853,2024-05-05,App
C09294,North,Jaipur,28.65571,77.12415,2024-03-05,Web
C09295,East,Patna,22.5896,88.34731,2025-01-05,App
C09296,South,Hyderabad,13.06802,77.64559,2024-12-26,App
C09297,East,Kolkata,22.43315,88.29436,2025-03-23,App
C09298,West,Ahmedabad,19.12046,72.89637,2024-12-11,App
C09299,West,Ahmedabad,19.03818,72.84959,2025-07-21,App
C09300,West,Ahmedabad,19.12525,72.83793,2024-05-17,App
C09301,South,Bengaluru,12.96863,77.55269,2024-09-05,App
C09302,East,Patna,22.61861,88.42274,2025-06-18,Web
C09303,South,Bengaluru,13.03887,77.65354,2024-11-07,App
C09304,West,Mumbai,19.04,72.8362,2025-01-24,App
C09305,East,Patna,22.63545,88.29081,2025-05-21,App
C09306,West,Mumbai,18.99169,72.97829,2024-08-07,Web
C09307,East,Kolkata,22.68187,88.35557,2024-10-16,App
C09308,East,Kolkata,22.58863,88.47715,2024-01-25,App
C09309,South,Hyderabad,12.91239,77.56374,2024-06-16,App
C09310,West,Mumbai,18.99105,72.83909,2024-12-11,App
C09311,North,Jaipur,28.60743,77.17141,2025-09-09,App
C09312,North,Delhi,28.61487,77.1996,2025-03-07,App
C09313,West,Mumbai,18.97312,72.73543,2025-03-11,App
C09314,East,Bhubaneswar,22.57374,88.35323,2024-05-22,App
C09315,West,Ahmedabad,19.0859,72.7477,2025-02-17,App
C09316,West,Mumbai,19.09077,72.88743,2024-02-01,App
C09317,South,Chennai,13.02104,77.56851,2024-04-12,Web
C09318,North,Chandigarh,28.52481,77.20061,2024-04-15,Web
C09319,North,Delhi,28.47072,77.17961,2025-07-17,App
C09320,North,Chandigarh,28.53,77.15762,2025-01-07,App
C09321,North,Delhi,28.66839,77.26693,2025-08-25,Web
C09322,West,Mumbai,19.22079,72.85225,2024-12-21,App
C09323,West,Pune,19.1822,72.90646,2024-06-05,Web
C09324,North,Chandigarh,28.69636,77.16496,2025-03-10,Web
C09325,North,Chandigarh,28.49089,77.2129,2024-03-15,App
C09326,North,Jaipur,28.56218,77.16722,2024-10-08,App
C09327,East,Kolkata,22.48743,88.35786,2025-05-16,Web
C09328,North,Jaipur,28.5396,77.20201,2025-09-12,App
C09329,South,Bengaluru,12.88469,77.6152,2024-05-13,App
C09330,North,Jaipur,28.49497,77.29701,2024-08-23,App
C09331,North,Jaipur,28.65479,77.20027,2025-04-17,App
C09332,East,Kolkata,22.55044,88.42759,2025-07-27,App
C09333,West,Ahmedabad,19.03362,72.93417,2024-02-18,App
C09334,South,Chennai,12.80391,77.60603,2024-10-04,App
C09335,West,Mumbai,19.06114,72.93209,2024-10-14,App
C09336,East,Bhubaneswar,22.60198,88.31287,2024-09-29,App
C09337,South,Hyderabad,12.90808,77.55229,2025-08-31,App
C09338,West,Ahmedabad,19.08153,72.85029,2025-09-06,App
C09339,West,Ahmedabad,18.94992,72.94222,2025-09-15,App
C09340,North,Delhi,28.56395,77.26195,2025-06-14,Web
C09341,South,Chennai,13.02397,77.48604,2025-05-15,App
C09342,West,Pune,19.02901,72.82902,2024-09-24,App
C09343,West,Mumbai,19.08048,72.85395,2024-07-30,Web
C09344,North,Chandigarh,28.55611,77.23061,2025-09-14,App
C09345,East,Bhubaneswar,22.59352,88.38211,2024-02-17,App
C09346,West,Ahmedabad,19.137,72.807,2025-04-22,App
C09347,South,Bengaluru,12.95682,77.68276,2024-04-13,App
C09348,East,Bhubaneswar,22.59972,88.34439,2025-05-04,App
C09349,West,Ahmedabad,19.11819,72.9138,2024-03-16,App
C09350,South,Hyderabad,13.02458,77.51874,2025-01-23,App
C09351,East,Bhubaneswar,22.55439,88.30866,2024-06-10,Web
C09352,North,Chandigarh,28.60349,77.2922,2024-05-15,App
C09353,South,Hyderabad,12.96832,77.56142,2024-12-28,Web
C09354,North,Chandigarh,28.55962,77.33062,2025-04-14,App
C09355,East,Bhubaneswar,22.62727,88.28817,2024-11-02,App
C09356,South,Bengaluru,12.91881,77.58899,2024-01-25,App
C09357,South,Hyderabad,13.08679,77.60242,2024-12-13,App
C09358,North,Chandigarh,28.75968,77.22113,2025-02-03,App
C09359,North,Chandigarh,28.66252,77.17342,2024-07-03,App
C09360,South,Chennai,12.97213,77.53704,2025-02-15,App
C09361,West,Ahmedabad,19.22725,72.84768,2025-07-19,App
C09362,East,Patna,22.70436,88.50573,2024-06-27,App
C09363,West,Pune,18.91509,72.94715,2025-05-27,App
C09364,West,Pune,19.03526,72.81953,2024-02-08,App
C09365,North,Chandigarh,28.48541,77.17588,2024-01-22,Web
C09366,South,Bengaluru,12.89888,77.63587,2025-03-13,App
C09367,North,Delhi,28.65805,77.19072,2024-04-02,Web
C09368,East,Patna,22.59129,88.40832,2024-01-10,App
C09369,East,Unknown,22.56482,88.52329,2024-03-20,Web
C09370,South,Hyderabad,12.98073,77.5231,2025-06-01,App
C09371,North,Delhi,28.58637,77.19501,2024-12-07,App
C09372,North,Delhi,28.50203,77.15479,2024-08-27,App
C09373,West,Pune,19.11489,72.72037,2025-03-30,App
C09374,East,Patna,22.50451,88.41848,2024-11-18,Web
C09375,West,Pune,19.07072,72.98255,2024-09-26,App
C09376,West,Mumbai,18.95755,72.95787,2024-08-07,Web
C09377,East,Bhubaneswar,22.55055,88.32695,2024-02-15,App
C09378,South,Chennai,12.94212,77.65732,2024-08-15,App
C09379,North,Jaipur,28.53753,77.17986,2024-04-07,App
C09380,East,Kolkata,22.65131,88.37539,2025-05-19,App
C09381,East,Kolkata,22.59473,88.35964,2024-12-01,App
C09382,West,Ahmedabad,19.01705,72.88178,2024-12-12,App
C09383,South,Hyderabad,12.98427,77.57189,2025-07-14,App
C09384,West,Ahmedabad,19.12829,72.95637,2025-08-12,Web
C09385,West,Pune,19.09707,72.93571,2024-02-14,App
C09386,North,Jaipur,28.67207,77.31328,2025-04-20,App
C09387,East,Bhubaneswar,22.57385,88.4047,2025-01-30,Web
C09388,South,Bengaluru,12.91177,77.51535,2024-10-24,App
C09389,South,Hyderabad,12.97629,77.6292,2024-10-17,App
C09390,East,Bhubaneswar,22.58937,88.482,2024-10-24,App
C09391,North,Delhi,28.70999,77.28425,2024-09-10,App
C09392,North,Jaipur,28.62058,77.25724,2025-03-02,App
C09393,North,Jaipur,28.72254,77.29612,2025-01-28,App
C09394,South,Bengaluru,12.9937,77.57122,2025-07-28,App
C09395,South,Hyderabad,13.07019,77.60517,2025-09-19,Web
C09396,West,Pune,19.11438,72.89704,2025-09-06,App
C09397,East,Patna,22.51618,88.46205,2025-08-12,App
C09398,East,Kolkata,22.73092,88.47282,2024-03-01,App
C09399,West,Ahmedabad,19.1009,72.86037,2024-10-22,App
C09400,West,Ahmedabad,19.02499,72.8758,2025-07-04,Web
C09401,West,Mumbai,19.07425,72.9431,2024-11-20,Web
C09402,East,Kolkata,22.65105,88.42044,2024-01-22,Web
C09403,West,Pune,19.21744,72.885,2024-02-08,App
C09404,South,Bengaluru,12.85102,77.54951,2024-11-04,Web
C09405,North,Chandigarh,28.49725,77.16621,2025-10-04,App
C09406,West,Mumbai,19.01109,72.8886,2024-09-21,App
C09407,South,Bengaluru,12.93815,77.56445,2025-01-11,App
C09408,South,Bengaluru,12.89699,77.62542,2024-09-28,App
C09409,East,Bhubaneswar,22.55905,88.40374,2025-07-22,Web
C09410,North,Delhi,28.7966,77.16391,2024-06-20,App
C09411,South,Hyderabad,12.99155,77.61933,2024-02-28,App
C09412,South,Bengaluru,13.04525,77.53228,2024-03-06,App
C09413,North,Jaipur,28.52358,77.27425,2025-07-27,App
C09414,South,Bengaluru,13.02504,77.63873,2024-04-09,App
C09415,West,Pune,19.11631,72.8055,2024-05-22,App
C09416,West,Ahmedabad,19.17784,72.93462,2025-04-03,App
C09417,West,Pune,19.19691,72.94118,2024-03-24,App
C09418,East,Kolkata,22.59622,88.34264,2024-10-26,Web
C09419,West,Ahmedabad,18.96493,72.86971,2025-06-22,Web
C09420,North,Chandigarh,28.52422,77.27572,2024-12-07,App
C09421,South,Hyderabad,13.00135,77.38813,2025-03-25,App
C09422,North,Chandigarh,28.62464,77.25685,2024-07-26,App
C09423,North,Delhi,28.46475,77.1666,2024-10-15,App
C09424,North,Chandigarh,28.53126,77.30186,2024-09-23,App
C09425,North,Chandigarh,28.70836,77.22937,2024-12-02,Web
C09426,West,Mumbai,19.10612,72.79787,2024-05-01,App
C09427,South,Chennai,12.97616,77.60551,2025-07-28,App
C09428,South,Bengaluru,13.00559,77.52686,2025-02-14,Web
C09429,West,Mumbai,19.06199,72.87058,2025-09-22,App
C09430,North,Chandigarh,28.75859,77.07929,2025-01-21,App
C09431,North,Jaipur,28.73486,77.22039,2024-12-14,App
C09432,North,Delhi,28.62233,77.2748,2024-09-26,App
C09433,West,Ahmedabad,19.10555,72.96472,2024-05-01,App
C09434,East,Kolkata,22.56011,88.27243,2024-04-19,App
C09435,North,Delhi,28.6074,77.12077,2024-04-22,App
C09436,South,Hyderabad,13.02333,77.51072,2025-06-25,App
C09437,North,Chandigarh,28.59882,77.21081,2024-09-03,App
C09438,West,Pune,19.08351,72.89598,2025-07-11,App
C09439,East,Bhubaneswar,22.55941,88.31921,2024-07-11,Web
C09440,East,Patna,22.63043,88.20853,2024-01-11,App
C09441,East,Bhubaneswar,22.43653,88.36676,2024-09-25,Web
C09442,East,Patna,22.6758,88.24286,2024-12-22,App
C09443,North,Jaipur,28.58146,77.25429,2024-02-18,App
C09444,East,Patna,22.55567,88.42918,2024-07-15,App
C09445,North,Jaipur,28.72254,77.29313,2025-03-11,App
C09446,South,Chennai,12.9949,77.51373,2025-05-23,App
C09447,South,Bengaluru,12.89171,77.49204,2024-11-24,App
C09448,North,Delhi,28.58047,77.15753,2024-11-12,App
C09449,North,Delhi,28.57497,77.25433,2024-03-20,App
C09450,North,Chandigarh,28.61199,77.1758,2025-01-05,App
C09451,West,Mumbai,19.14788,72.83668,2025-04-12,App
C09452,North,Delhi,28.68262,77.17527,2024-03-23,App
C09453,South,Hyderabad,12.989,77.45393,2024-07-09,App
C09454,West,Mumbai,19.05221,72.8225,2024-04-29,App
C09455,West,Ahmedabad,19.12926,72.7668,2025-09-15,App
C09456,East,Patna,22.50143,88.36047,2024-01-08,App
C09457,West,Pune,19.12984,72.94976,2024-08-11,App
C09458,North,Jaipur,28.61055,77.18996,2025-01-30,App
C09459,West,Pune,19.18248,72.78524,2024-09-08,App
C09460,West,Ahmedabad,19.10252,72.93676,2024-08-17,App
C09461,South,Hyderabad,13.02171,77.56807,2025-02-01,App
C09462,East,Kolkata,22.50578,88.41236,2024-09-12,App
C09463,West,Pune,19.10337,72.79699,2024-05-07,Web
C09464,East,Bhubaneswar,22.44541,88.31452,2024-02-06,App
C09465,South,Hyderabad,12.90077,77.63047,2025-06-30,App
C09466,North,Delhi,28.61103,77.14919,2025-02-15,App
C09467,North,Delhi,28.56116,77.09005,2024-09-03,App
C09468,West,Ahmedabad,19.11699,72.97764,2025-03-20,Web
C09469,West,Ahmedabad,18.99866,72.83725,2024-09-26,App
C09470,South,Chennai,12.9871,77.58448,2024-04-25,App
C09471,North,Chandigarh,28.4749,77.24369,2025-06-08,Web
C09472,South,Hyderabad,12.92688,77.53803,2024-02-16,Web
C09473,West,Pune,18.8942,72.8995,2025-01-01,Web
C09474,East,Patna,22.62307,88.42636,2024-08-26,App
C09475,North,Jaipur,28.66465,77.3133,2025-05-24,App
C09476,West,Pune,19.07332,72.89319,2024-03-08,App
C09477,East,Patna,22.54272,88.36014,2024-04-10,App
C09478,South,Bengaluru,13.02233,77.58513,2024-07-01,App
C09479,West,Mumbai,19.01162,72.85732,2025-08-10,App
C09480,West,Ahmedabad,19.17804,73.04269,2024-05-23,App
C09481,West,Pune,19.04113,72.83542,2024-09-15,App
C09482,West,Ahmedabad,19.12368,72.83972,2025-10-07,App
C09483,West,Ahmedabad,19.0902,73.03533,2024-04-05,Web
C09484,East,Bhubaneswar,22.52252,88.32739,2024-11-03,App
C09485,North,Jaipur,28.58325,77.1888,2025-05-13,App
C09486,West,Mumbai,19.02905,72.84208,2025-08-16,App
C09487,North,Delhi,28.652,77.18042,2025-02-17,App
C09488,North,Chandigarh,28.64395,77.23687,2025-02-21,Web
C09489,North,Delhi,28.52015,77.15993,2025-01-23,App
C09490,West,Ahmedabad,19.02946,72.87145,2025-09-18,App
C09491,West,Pune,18.98478,72.90486,2024-03-01,App
C09492,South,Hyderabad,13.00979,77.63129,2025-06-18,App
C09493,West,Pune,19.13694,72.88571,2025-05-10,App
C09494,South,Bengaluru,13.05135,77.64881,2025-03-13,App
C09495,South,Bengaluru,13.05106,77.61052,2024-07-05,App
C09496,West,Pune,19.26116,72.81149,2024-05-14,App
C09497,West,Ahmedabad,19.13191,72.83338,2024-08-26,Web
C09498,West,Pune,19.19505,72.84977,2025-09-11,App
C09499,East,Bhubaneswar,22.56794,88.2762,2025-01-07,App
C09500,East,Bhubaneswar,22.5536,88.36005,2025-02-20,App
C09501,West,Mumbai,19.08125,72.91134,2025-09-03,App
C09502,West,Ahmedabad,19.1517,72.88037,2024-01-10,App
C09503,South,Hyderabad,13.04709,77.52315,2025-01-25,App
C09504,South,Hyderabad,12.93887,77.50545,2024-02-09,App
C09505,South,Hyderabad,12.90075,77.65054,2024-05-11,App
C09506,East,Patna,22.46577,88.31496,2025-07-09,App
C09507,North,Delhi,28.62404,77.24951,2025-09-20,App
C09508,West,Pune,19.02738,72.80728,2024-12-01,App
C09509,West,Ahmedabad,19.11478,72.92707,2024-09-11,App
C09510,West,Ahmedabad,19.11042,72.86943,2024-01-25,App
C09511,South,Chennai,12.94213,77.45802,2025-03-06,App
C09512,East,Kolkata,22.61056,88.35516,2025-06-16,App
C09513,South,Hyderabad,12.93508,77.7842,2025-02-16,App
C09514,South,Chennai,12.97077,77.41355,2024-11-04,App
C09515,North,Chandigarh,28.61986,77.09087,2025-04-04,Web
C09516,East,Kolkata,22.4988,88.41378,2024-06-03,App
C09517,North,Delhi,28.61557,77.2737,2024-08-28,App
C09518,East,Bhubaneswar,22.46102,88.34256,2024-06-02,App
C09519,North,Jaipur,28.66433,77.23491,2024-12-20,App
C09520,West,Mumbai,19.01473,72.87509,2024-04-07,App
C09521,North,Jaipur,28.49013,77.27506,2025-05-09,Web
C09522,South,Bengaluru,13.13835,77.4876,2024-07-24,App
C09523,West,Ahmedabad,19.04727,72.95916,2025-04-30,App
C09524,West,Mumbai,19.09368,72.92933,2024-01-24,App
C09525,North,Chandigarh,28.64718,77.22368,2024-11-08,App
C09526,East,Bhubaneswar,22.49424,88.32848,2024-07-12,App
C09527,East,Bhubaneswar,22.48538,88.38469,2024-10-07,App
C09528,North,Chandigarh,28.6174,77.15723,2024-03-11,App
C09529,South,Hyderabad,12.91504,77.59515,2024-11-15,App
C09530,South,Chennai,12.99869,77.617,2024-04-23,App
C09531,East,Patna,22.49042,88.26819,2025-08-04,App
C09532,South,Chennai,12.91113,77.58922,2025-10-03,App
C09533,North,Delhi,28.65076,77.15408,2025-08-08,App
C09534,North,Jaipur,28.66389,77.18435,2024-11-29,App
C09535,East,Kolkata,22.60524,88.29065,2025-08-21,App
C09536,South,Bengaluru,13.07883,77.58919,2024-06-01,App
C09537,East,Patna,22.63002,88.27805,2024-11-12,Web
C09538,North,Jaipur,28.56005,77.3028,2024-02-19,App
C09539,West,Ahmedabad,19.16708,72.9451,2025-09-04,App
C09540,South,Bengaluru,12.9299,77.60178,2025-05-15,App
C09541,West,Pune,19.10052,72.82978,2025-04-11,Web
C09542,West,Ahmedabad,19.04393,72.88206,2025-03-22,App
C09543,East,Kolkata,22.54543,88.4258,2024-09-30,Web
C09544,East,Kolkata,22.54797,88.35262,2024-12-09,Web
C09545,South,Hyderabad,12.91637,77.47981,2024-03-16,Web
C09546,North,Jaipur,28.64774,77.25482,2024-10-19,App
C09547,West,Ahmedabad,19.11454,72.82216,2024-07-23,App
C09548,West,Mumbai,19.07045,72.83235,2025-08-30,Web
C09549,West,Mumbai,19.06178,72.92667,2024-01-03,App
C09550,North,Chandigarh,28.65579,77.07834,2025-09-04,App
C09551,East,Patna,22.59565,88.24649,2024-06-29,App
C09552,South,Chennai,13.06832,77.65334,2025-02-25,App
C09553,West,Pune,19.07543,72.89011,2024-06-26,Web
C09554,West,Pune,19.01168,72.84938,2025-06-05,App
C09555,North,Chandigarh,28.59865,77.24762,2024-03-31,App
C09556,West,Mumbai,18.93085,72.81664,2024-08-03,App
C09557,East,Bhubaneswar,22.69778,88.35697,2025-03-17,Web
C09558,South,Bengaluru,12.98289,77.54229,2025-02-28,App
C09559,West,Ahmedabad,19.08218,72.83841,2025-07-01,Web
C09560,North,Delhi,28.54721,77.24026,2024-07-15,Web
C09561,West,Mumbai,19.11179,72.89718,2025-04-12,App
C09562,East,Patna,22.63098,88.40299,2024-05-15,App
C09563,West,Mumbai,18.90695,72.81995,2025-09-04,App
C09564,East,Bhubaneswar,22.57695,88.30687,2024-11-14,App
C09565,East,Kolkata,22.5543,88.47225,2024-05-17,App
C09566,South,Bengaluru,12.95572,77.62032,2025-05-25,App
C09567,West,Ahmedabad,19.04744,72.91081,2024-05-26,App
C09568,West,Pune,19.00982,72.86679,2024-05-15,App
C09569,South,Hyderabad,12.99745,77.58844,2024-03-14,App
C09570,East,Patna,22.66397,88.35838,2024-04-13,App
C09571,East,Kolkata,22.55781,88.28565,2024-06-21,App
C09572,South,Chennai,12.99291,77.57439,2024-03-28,App
C09573,North,Chandigarh,28.61188,77.22075,2024-09-03,App
C09574,South,Bengaluru,12.88938,77.61467,2025-03-02,App
C09575,South,Bengaluru,13.0155,77.64442,2024-06-02,App
C09576,East,Kolkata,22.62568,88.34936,2024-04-13,Web
C09577,North,Chandigarh,28.66371,77.18689,2024-08-14,Web
C09578,South,Bengaluru,13.02829,77.47413,2024-01-03,App
C09579,South,Bengaluru,12.95528,77.54169,2025-03-15,Web
C09580,West,Mumbai,19.16458,72.76932,2025-02-11,App
C09581,East,Kolkata,22.51809,88.41192,2025-09-01,App
C09582,West,Pune,19.12693,72.98923,2025-05-04,App
C09583,South,Chennai,12.96268,77.51245,2024-06-24,Web
C09584,North,Delhi,28.58708,77.21361,2024-12-04,App
C09585,West,Ahmedabad,19.03621,72.79902,2025-01-02,App
C09586,East,Kolkata,22.52915,88.3669,2024-08-05,App
C09587,South,Hyderabad,12.97183,77.53875,2024-01-30,Web
C09588,East,Patna,22.51884,88.24315,2024-05-30,Web
C09589,East,Kolkata,22.50065,88.40189,2024-07-26,App
C09590,South,Hyderabad,12.86068,77.51196,2025-08-19,Web
C09591,South,Chennai,13.09731,77.55503,2025-01-13,App
C09592,West,Pune,18.9901,72.84343,2025-06-26,App
C09593,East,Bhubaneswar,22.51193,88.32959,2025-04-21,Web
C09594,East,Bhubaneswar,22.50638,88.4777,2024-03-29,App
C09595,North,Jaipur,28.53907,77.23223,2025-06-16,App
C09596,East,Bhubaneswar,22.5281,88.40085,2024-02-09,App
C09597,North,Jaipur,28.63011,77.27601,2024-04-30,App
C09598,South,Chennai,12.97299,77.66614,2024-04-09,App
C09599,West,Ahmedabad,19.05602,72.73103,2024-01-23,App
C09600,South,Bengaluru,12.9546,77.57064,2025-08-30,App
C09601,East,Kolkata,22.63756,88.37087,2024-08-09,App
C09602,East,Bhubaneswar,22.6421,88.28189,2024-01-02,App
C09603,East,Bhubaneswar,22.593,88.35494,2024-05-20,Web
C09604,South,Chennai,12.93835,77.69903,2024-08-28,App
C09605,East,Bhubaneswar,22.53429,88.25273,2024-08-01,Web
C09606,West,Mumbai,19.1133,72.86849,2024-04-18,App
C09607,South,Chennai,13.00753,77.62716,2025-05-19,App
C09608,South,Hyderabad,12.90843,77.61813,2025-03-16,App
C09609,South,Bengaluru,12.84733,77.53215,2025-06-19,App
C09610,East,Bhubaneswar,22.6304,88.38699,2024-06-11,App
C09611,East,Patna,22.53921,88.44691,2025-05-18,Web
C09612,West,Pune,19.10889,72.83229,2024-04-05,App
C09613,West,Ahmedabad,19.02107,72.85535,2025-02-26,App
C09614,North,Delhi,28.59977,77.20533,2024-01-06,App
C09615,East,Patna,22.62864,88.37694,2025-06-01,App
C09616,West,Ahmedabad,18.99798,72.90475,2024-03-29,Web
C09617,West,Ahmedabad,18.98208,72.79972,2024-10-18,App
C09618,South,Bengaluru,13.00685,77.54356,2024-07-06,Web
C09619,South,Chennai,12.92595,77.63422,2025-08-22,Web
C09620,South,Hyderabad,12.9449,77.65147,2024-07-08,App
C09621,South,Bengaluru,12.96978,77.52428,2025-06-02,App
C09622,South,Chennai,13.05611,77.63181,2025-02-23,App
C09623,North,Chandigarh,28.69276,77.17059,2024-11-28,App
C09624,West,Ahmedabad,19.04738,72.89492,2025-06-10,App
C09625,West,Mumbai,19.05846,73.03536,2024-11-23,App
C09626,South,Chennai,12.95336,77.66497,2024-04-11,App
C09627,South,Bengaluru,13.01223,77.61973,2025-01-02,App
C09628,North,Delhi,28.74483,77.2125,2025-07-24,App
C09629,South,Bengaluru,13.05561,77.61998,2024-08-26,App
C09630,South,Chennai,13.01578,77.61879,2025-01-26,App
C09631,West,Ahmedabad,19.12352,72.83177,2025-04-09,App
C09632,South,Bengaluru,12.96416,77.59787,2025-10-06,Web
C09633,South,Hyderabad,12.98082,77.49684,2025-05-06,App
C09634,North,Jaipur,28.70129,77.22955,2025-06-12,App
C09635,East,Bhubaneswar,22.51785,88.35228,2024-01-05,App
C09636,North,Jaipur,28.65095,77.11986,2025-10-05,App
C09637,East,Patna,22.62827,88.42981,2025-09-18,App
C09638,East,Bhubaneswar,22.48159,88.32905,2025-05-20,App
C09639,North,Delhi,28.68235,77.14239,2024-01-09,App
C09640,West,Pune,19.138,72.85036,2025-03-10,App
C09641,North,Jaipur,28.45844,77.16076,2024-01-14,App
C09642,East,Kolkata,22.56718,88.27809,2025-09-03,App
C09643,East,Patna,22.58582,88.35413,2024-04-01,App
C09644,West,Mumbai,19.11544,72.8166,2024-06-29,App
C09645,East,Kolkata,22.53186,88.29451,2025-01-26,App
C09646,East,Patna,22.5628,88.4205,2024-07-21,App
C09647,South,Bengaluru,12.80392,77.48513,2024-10-15,App
C09648,West,Mumbai,19.172,72.83167,2024-03-31,App
C09649,East,Bhubaneswar,22.53744,88.29472,2025-05-18,App
C09650,West,Pune,19.11107,72.84418,2025-06-02,App
C09651,South,Bengaluru,13.05078,77.66088,2025-04-25,App
C09652,East,Patna,22.53053,88.32373,2025-06-18,App
C09653,North,Chandigarh,28.62044,77.2619,2024-01-10,Web
C09654,West,Ahmedabad,19.09229,72.90517,2024-06-29,App
C09655,East,Bhubaneswar,22.47241,88.48418,2024-09-20,App
C09656,North,Jaipur,28.63605,77.27907,2024-12-26,App
C09657,South,Bengaluru,12.96424,77.44799,2024-10-14,Web
C09658,North,Delhi,28.54219,77.23005,2024-06-18,App
C09659,West,Pune,19.12403,72.88754,2024-10-28,App
C09660,West,Ahmedabad,19.05725,72.86484,2025-03-03,App
C09661,North,Delhi,28.6487,77.22647,2024-02-04,App
C09662,West,Mumbai,19.03724,72.85575,2025-03-09,Web
C09663,West,Ahmedabad,19.18682,72.72112,2025-07-14,App
C09664,North,Delhi,28.44149,77.21976,2024-07-17,Web
C09665,West,Mumbai,19.15803,72.89803,2025-09-29,Web
C09666,West,Mumbai,18.9956,72.95588,2025-02-21,App
C09667,North,Chandigarh,28.66791,77.31823,2024-04-18,Web
C09668,North,Chandigarh,28.55194,77.15476,2024-02-15,App
C09669,West,Ahmedabad,19.11388,72.83917,2025-09-25,App
C09670,East,Patna,22.60142,88.44243,2024-07-04,App
C09671,West,Pune,19.14329,73.0078,2024-09-01,App
C09672,West,Mumbai,19.11498,72.90079,2025-07-09,App
C09673,East,Kolkata,22.57109,88.46463,2024-01-02,Web
C09674,West,Ahmedabad,19.12819,72.91295,2024-10-19,App
C09675,East,Kolkata,22.51658,88.30435,2025-10-01,App
C09676,West,Ahmedabad,19.10684,72.86502,2025-05-05,App
C09677,East,Kolkata,22.49625,88.51177,2024-02-19,App
C09678,South,Chennai,12.95451,77.54276,2024-07-26,App
C09679,South,Chennai,13.05819,77.50561,2024-05-27,App
C09680,North,Chandigarh,28.56651,77.17972,2025-09-20,App
C09681,West,Pune,19.06125,72.74291,2024-02-09,App
C09682,North,Jaipur,28.74318,77.25171,2025-05-23,Web
C09683,West,Mumbai,19.12997,72.84027,2024-06-30,App
C09684,South,Chennai,12.89198,77.5891,2024-07-07,App
C09685,West,Mumbai,19.06739,72.70304,2025-06-15,App
C09686,South,Chennai,12.89073,77.68007,2025-01-16,App
C09687,West,Mumbai,19.14434,72.85299,2024-09-28,App
C09688,West,Mumbai,19.04416,72.92122,2025-06-19,App
C09689,South,Bengaluru,12.92636,77.60722,2024-01-30,App
C09690,West,Mumbai,19.1258,72.7649,2024-11-09,App
C09691,North,Chandigarh,28.60852,77.22855,2025-06-10,App
C09692,South,Bengaluru,13.06754,77.51764,2024-01-22,App
C09693,West,Ahmedabad,19.26473,72.78874,2025-10-08,App
C09694,South,Bengaluru,12.8543,77.54489,2025-07-24,App
C09695,West,Mumbai,19.11451,72.80505,2025-01-18,App
C09696,East,Kolkata,22.46654,88.34722,2025-05-18,App
C09697,South,Hyderabad,12.93471,77.61981,2024-08-22,App
C09698,North,Delhi,28.64411,77.14835,2025-04-18,App
C09699,West,Mumbai,19.17177,72.87152,2025-07-30,App
C09700,West,Pune,19.09273,72.86247,2024-06-10,App
C09701,South,Hyderabad,12.93317,77.63686,2024-04-01,App
C09702,South,Chennai,12.98642,77.58602,2025-06-30,App
C09703,North,Jaipur,28.62105,77.20882,2024-04-12,App
C09704,East,Patna,22.52687,88.34001,2024-02-04,App
C09705,West,Mumbai,19.07843,72.92748,2024-05-01,App
C09706,West,Pune,19.01897,72.88491,2025-06-06,App
C09707,West,Ahmedabad,19.16372,72.81254,2025-08-12,App
C09708,East,Patna,22.6281,88.42318,2025-01-06,Web
C09709,East,Kolkata,22.63678,88.41641,2025-06-28,App
C09710,West,Ahmedabad,19.02771,72.89025,2024-11-07,App
C09711,West,Pune,18.8951,72.93186,2024-04-21,App
C09712,North,Delhi,28.47767,77.16428,2024-06-19,Web
C09713,South,Bengaluru,12.94046,77.62377,2025-09-24,App
C09714,South,Hyderabad,12.9609,77.63081,2024-11-11,App
C09715,North,Delhi,28.58206,77.22333,2024-05-18,Web
C09716,North,Jaipur,28.57918,77.28837,2024-05-28,App
C09717,West,Pune,19.08159,72.78109,2024-07-05,App
C09718,North,Jaipur,28.68097,77.14529,2025-06-30,App
C09719,West,Ahmedabad,19.05909,72.77512,2025-09-07,App
C09720,West,Mumbai,19.13619,72.87223,2025-02-03,App
C09721,South,Chennai,12.86474,77.6551,2024-04-13,App
C09722,West,Pune,19.04735,72.79346,2025-04-15,App
C09723,South,Chennai,12.92332,77.62332,2025-02-04,Web
C09724,North,Delhi,28.52283,77.18823,2024-04-09,App
C09725,East,Patna,22.57285,88.40402,2024-11-12,App
C09726,East,Kolkata,22.6854,88.38831,2025-09-09,Web
C09727,South,Bengaluru,12.98559,77.45501,2024-12-26,App
C09728,South,Bengaluru,13.04356,77.64788,2024-12-04,App
C09729,South,Chennai,13.03614,77.57512,2024-11-17,App
C09730,West,Ahmedabad,19.00264,72.80805,2025-01-08,App
C09731,West,Pune,19.00945,72.89356,2025-06-14,Web
C09732,East,Bhubaneswar,22.56697,88.45046,2025-03-25,App
C09733,West,Pune,19.13782,72.92661,2025-08-28,App
C09734,South,Chennai,13.00653,77.74036,2024-03-19,App
C09735,South,Bengaluru,12.91975,77.50829,2024-03-24,App
C09736,West,Ahmedabad,19.1465,72.79585,2024-02-24,App
C09737,East,Patna,22.49421,88.47839,2024-06-25,App
C09738,North,Delhi,28.54993,77.25634,2025-07-12,App
C09739,West,Pune,19.12676,72.93227,2024-08-23,App
C09740,South,Bengaluru,12.92416,77.60856,2024-12-15,Web
C09741,West,Pune,19.20504,72.86792,2025-05-16,App
C09742,East,Patna,22.58185,88.36517,2024-07-30,App
C09743,West,Pune,19.14095,72.98868,2025-02-14,App
C09744,South,Chennai,12.91106,77.58484,2024-03-15,App
C09745,North,Jaipur,28.64736,77.35023,2024-08-18,App
C09746,North,Jaipur,28.63779,77.2601,2024-12-16,App
C09747,South,Bengaluru,12.9879,77.56452,2025-07-16,App
C09748,North,Jaipur,28.6835,77.10695,2024-04-09,App
C09749,South,Hyderabad,13.07891,77.55234,2024-10-19,App
C09750,East,Patna,22.47005,88.27725,2024-12-03,Web
C09751,North,Jaipur,28.60993,77.21521,2024-08-18,App
C09752,East,Patna,22.54291,88.33767,2025-03-23,App
C09753,South,Hyderabad,12.99545,77.59273,2025-05-15,App
C09754,West,Pune,19.03826,72.87269,2025-04-04,Web
C09755,West,Mumbai,19.04023,72.95796,2024-05-16,App
C09756,East,Kolkata,22.54689,88.38461,2024-12-25,App
C09757,North,Jaipur,28.6505,77.31794,2025-04-16,App
C09758,East,Bhubaneswar,22.54594,88.39902,2024-06-10,App
C09759,West,Pune,19.20597,72.87683,2024-11-27,App
C09760,North,Chandigarh,28.50504,77.11966,2024-07-28,Web
C09761,South,Bengaluru,13.0243,77.56223,2025-06-29,App
C09762,South,Chennai,12.96096,77.55308,2024-08-18,App
C09763,North,Delhi,28.69039,77.02509,2025-07-27,App
C09764,East,Kolkata,22.47202,88.37258,2024-07-03,App
C09765,North,Jaipur,28.59179,77.33473,2025-08-29,App
C09766,North,Chandigarh,28.61881,77.24181,2025-06-21,App
C09767,West,Mumbai,19.03743,72.88314,2025-08-09,App
C09768,West,Mumbai,19.02138,72.94886,2024-12-05,App
C09769,South,Hyderabad,12.79615,77.59846,2025-05-30,App
C09770,North,Chandigarh,28.62764,77.21889,2024-03-24,App
C09771,South,Bengaluru,12.89676,77.53329,2025-09-25,App
C09772,South,Hyderabad,12.91772,77.63473,2025-03-23,App
C09773,West,Pune,19.0172,72.96277,2025-03-09,App
C09774,East,Patna,22.5271,88.37521,2025-08-22,Web
C09775,West,Pune,19.0641,72.78535,2024-05-17,App
C09776,West,Pune,18.99608,72.85597,2025-03-21,App
C09777,South,Chennai,12.80784,77.55404,2024-01-30,App
C09778,South,Hyderabad,13.00118,77.67228,2024-02-07,App
C09779,North,Delhi,28.70713,77.16816,2025-07-21,Web
C09780,East,Bhubaneswar,22.46872,88.35604,2025-09-01,App
C09781,West,Mumbai,19.19757,72.98062,2024-09-09,App
C09782,North,Chandigarh,28.61102,77.20271,2025-09-06,App
C09783,West,Ahmedabad,19.20998,72.96136,2024-02-02,App
C09784,South,Hyderabad,13.02374,77.6153,2025-05-26,App
C09785,South,Hyderabad,12.98388,77.59945,2024-08-28,App
C09786,South,Chennai,13.02238,77.72476,2024-05-19,App
C09787,East,Patna,22.49511,88.4496,2024-05-18,App
C09788,North,Jaipur,28.72801,77.0563,2024-10-16,App
C09789,North,Chandigarh,28.66602,77.17534,2024-12-01,App
C09790,North,Delhi,28.61368,77.19211,2024-04-06,Web
C09791,North,Chandigarh,28.62926,77.28216,2024-09-22,App
C09792,North,Jaipur,28.62267,77.1181,2025-05-06,App
C09793,East,Kolkata,22.60302,88.39485,2025-03-28,Web
C09794,East,Bhubaneswar,22.58973,88.46923,2024-08-05,App
C09795,West,Mumbai,19.1558,72.91797,2025-06-05,Web
C09796,West,Pune,19.08202,72.97401,2025-02-25,App
C09797,East,Bhubaneswar,22.6192,88.50441,2024-11-19,App
C09798,West,Mumbai,18.95203,72.87362,2025-08-13,App
C09799,South,Hyderabad,12.87592,77.54014,2024-09-16,App
C09800,West,Pune,19.2016,72.91334,2024-03-03,App
C09801,East,Bhubaneswar,22.52767,88.42716,2025-08-21,App
C09802,North,Chandigarh,28.60506,77.20799,2025-03-03,App
C09803,West,Mumbai,19.19322,72.88021,2024-07-25,App
C09804,South,Hyderabad,13.04768,77.5537,2025-06-19,App
C09805,South,Chennai,12.95264,77.48359,2024-02-02,App
C09806,East,Kolkata,22.62942,88.37299,2025-08-24,App
C09807,West,Mumbai,19.03826,72.76798,2024-04-05,App
C09808,North,Delhi,28.61396,77.29522,2025-09-22,App
C09809,West,Ahmedabad,19.20399,72.82978,2024-07-06,App
C09810,East,Kolkata,22.65715,88.4601,2025-02-13,Web
C09811,West,Pune,19.09805,72.97105,2024-07-06,App
C09812,South,Chennai,12.99378,77.50995,2024-04-22,App
C09813,West,Pune,19.19602,72.93707,2024-02-27,App
C09814,South,Hyderabad,12.99215,77.6227,2024-12-07,App
C09815,North,Chandigarh,28.685,77.34025,2024-05-13,Web
C09816,West,Ahmedabad,19.10956,73.00993,2024-11-21,App
C09817,South,Hyderabad,12.94685,77.54914,2025-05-01,App
C09818,South,Hyderabad,13.07661,77.63078,2024-11-26,App
C09819,East,Kolkata,22.56269,88.31894,2024-03-16,App
C09820,South,Hyderabad,12.92891,77.54817,2025-03-09,App
C09821,North,Delhi,28.65468,77.28143,2024-10-14,App
C09822,West,Ahmedabad,19.0389,72.84455,2024-02-13,App
C09823,South,Chennai,13.04257,77.65196,2024-05-15,App
C09824,West,Pune,19.01763,72.97254,2025-02-12,Web
C09825,West,Mumbai,19.07823,72.84011,2025-09-02,App
C09826,East,Kolkata,22.49234,88.32816,2025-09-25,App
C09827,West,Pune,19.04428,72.95982,2024-11-29,App
C09828,West,Ahmedabad,19.05321,72.86689,2024-04-24,App
C09829,East,Kolkata,22.63123,88.35844,2024-09-10,App
C09830,South,Hyderabad,12.88011,77.64877,2024-08-07,App
C09831,North,Jaipur,28.56953,77.24042,2025-05-17,App
C09832,South,Chennai,12.80079,77.58291,2025-08-28,App
C09833,North,Delhi,28.43269,77.3467,2024-10-02,App
C09834,South,Chennai,13.02285,77.62836,2024-04-11,App
C09835,East,Kolkata,22.53124,88.37111,2025-04-02,App
C09836,South,Bengaluru,13.01506,77.6032,2024-09-24,App
C09837,South,Hyderabad,12.96398,77.65917,2025-07-02,App
C09838,North,Delhi,28.69171,77.10882,2025-08-21,App
C09839,South,Chennai,12.96975,77.58532,2025-06-06,App
C09840,South,Hyderabad,12.93153,77.70351,2024-09-03,App
C09841,West,Mumbai,19.07837,72.94491,2025-09-30,App
C09842,East,Kolkata,22.72944,88.23293,2024-11-30,App
C09843,North,Chandigarh,28.65298,77.26274,2025-06-09,App
C09844,West,Ahmedabad,19.01724,72.94273,2025-01-10,Web
C09845,South,Bengaluru,13.0087,77.69781,2024-05-15,App
C09846,East,Bhubaneswar,22.61267,88.38005,2024-12-29,App
C09847,West,Pune,19.1867,72.90358,2025-03-04,App
C09848,South,Bengaluru,12.84393,77.70679,2024-09-25,Web
C09849,West,Mumbai,19.1888,72.90089,2024-01-07,App
C09850,North,Delhi,28.43935,77.17757,2025-07-29,App
C09851,South,Hyderabad,13.00374,77.69213,2025-08-29,App
C09852,North,Jaipur,28.52759,77.12669,2025-02-12,App
C09853,East,Bhubaneswar,22.51394,88.43241,2024-05-30,App
C09854,North,Delhi,28.58736,77.18754,2024-12-16,App
C09855,South,Bengaluru,12.94154,77.53314,2024-07-18,Web
C09856,North,Jaipur,28.52728,77.16055,2025-03-08,App
C09857,East,Kolkata,22.5922,88.35327,2025-01-16,Web
C09858,East,Kolkata,22.55434,88.43087,2024-04-15,App
C09859,West,Pune,19.13061,72.90478,2024-02-03,App
C09860,East,Kolkata,22.67383,88.40923,2024-09-11,App
C09861,North,Jaipur,28.54623,77.2802,2024-03-15,App
C09862,South,Chennai,13.02002,77.5981,2024-03-26,Web
C09863,South,Chennai,13.04339,77.49618,2024-05-30,Web
C09864,South,Bengaluru,12.93367,77.49972,2025-07-06,App
C09865,West,Pune,19.13784,72.9357,2024-05-26,App
C09866,West,Ahmedabad,18.99063,72.84883,2025-07-03,App
C09867,East,Bhubaneswar,22.57619,88.39239,2025-03-13,Web
C09868,South,Bengaluru,12.94949,77.64546,2025-05-09,App
C09869,East,Bhubaneswar,22.52997,88.41359,2024-08-29,Web
C09870,West,Pune,19.13192,72.84046,2025-02-07,Web
C09871,West,Ahmedabad,19.08631,72.98235,2024-04-24,App
C09872,West,Ahmedabad,19.14931,72.76062,2024-10-15,Web
C09873,North,Delhi,28.65183,77.19223,2024-01-15,App
C09874,West,Mumbai,18.99384,72.89256,2025-05-18,Web
C09875,East,Bhubaneswar,22.58335,88.34611,2025-09-02,App
C09876,South,Hyderabad,13.05688,77.67755,2025-06-24,Web
C09877,West,Mumbai,19.16398,72.89633,2024-06-11,App
C09878,North,Delhi,28.57164,77.27414,2024-07-09,App
C09879,North,Chandigarh,28.52708,77.15188,2024-07-31,App
C09880,East,Bhubaneswar,22.57795,88.34474,2025-09-03,App
C09881,East,Kolkata,22.59786,88.37607,2024-09-13,Web
C09882,West,Pune,19.20684,72.90531,2024-02-27,App
C09883,North,Chandigarh,28.56376,77.27957,2025-05-19,App
C09884,East,Kolkata,22.64664,88.35637,2025-03-29,Web
C09885,West,Ahmedabad,18.97823,72.79538,2025-05-22,App
C09886,North,Chandigarh,28.63428,77.27288,2025-01-20,App
C09887,North,Delhi,28.64642,77.17885,2024-05-31,App
C09888,South,Hyderabad,12.95581,77.52177,2025-03-09,App
C09889,East,Bhubaneswar,22.57526,88.30998,2024-05-19,App
C09890,West,Ahmedabad,19.05757,72.80663,2025-02-12,App
C09891,South,Hyderabad,12.92209,77.56839,2025-05-01,App
C09892,North,Jaipur,28.58225,77.09265,2024-03-16,App
C09893,North,Jaipur,28.57943,77.26514,2024-04-22,App
C09894,South,Bengaluru,13.0636,77.56201,2025-02-14,App
C09895,South,Chennai,13.00577,77.64722,2024-11-13,App
C09896,East,Bhubaneswar,22.59487,88.45819,2025-08-13,App
C09897,East,Patna,22.59818,88.30128,2024-10-23,App
C09898,East,Bhubaneswar,22.50638,88.33086,2025-05-13,App
C09899,West,Pune,19.1815,72.88518,2025-07-24,App
C09900,North,Jaipur,28.56307,77.22862,2024-07-12,App
C09901,South,Bengaluru,13.02097,77.55742,2025-06-28,App
C09902,South,Hyderabad,13.09885,77.65592,2024-10-01,App
C09903,West,Ahmedabad,19.06412,72.90917,2024-06-21,Web
C09904,South,Chennai,12.97893,77.51981,2024-12-06,App
C09905,South,Chennai,13.00859,77.61781,2025-03-21,App
C09906,West,Pune,19.11829,72.91292,2024-10-24,App
C09907,North,Delhi,28.66653,77.16671,2024-12-25,App
C09908,West,Pune,19.02032,72.90184,2025-09-25,App
C09909,South,Chennai,12.98696,77.62168,2024-08-29,App
C09910,East,Kolkata,22.58878,88.44842,2024-09-09,App
C09911,South,Bengaluru,13.10719,77.60018,2024-02-20,App
C09912,West,Mumbai,19.01185,72.85783,2025-09-09,App
C09913,East,Patna,22.56381,88.42325,2025-07-02,App
C09914,West,Ahmedabad,19.07977,72.92661,2025-06-04,Web
C09915,North,Jaipur,28.66998,77.20755,2025-04-04,App
C09916,North,Jaipur,28.60289,77.21305,2024-03-28,App
C09917,East,Bhubaneswar,22.68784,88.43169,2025-09-05,Web
C09918,South,Hyderabad,12.92332,77.62785,2024-10-31,Web
C09919,West,Ahmedabad,19.09789,72.81962,2024-01-10,App
C09920,North,Jaipur,28.58643,77.06081,2025-07-13,App
C09921,South,Chennai,13.01033,77.63824,2024-01-15,Web
C09922,East,Kolkata,22.66544,88.39063,2024-08-04,Web
C09923,South,Bengaluru,13.02715,77.53609,2024-05-25,App
C09924,South,Hyderabad,12.97025,77.49149,2025-02-02,App
C09925,South,Bengaluru,12.92723,77.54719,2025-08-19,App
C09926,North,Jaipur,28.54954,77.2829,2024-09-16,App
C09927,North,Chandigarh,28.61161,77.18094,2024-05-30,App
C09928,South,Bengaluru,13.05365,77.64117,2024-03-25,App
C09929,South,Chennai,12.98431,77.50609,2024-07-20,App
C09930,West,Pune,19.07527,72.92991,2025-01-28,App
C09931,South,Hyderabad,13.01954,77.59668,2025-01-08,App
C09932,West,Pune,19.02684,72.96504,2024-08-30,App
C09933,West,Ahmedabad,19.01647,72.82897,2024-06-25,App
C09934,North,Jaipur,28.66557,77.20311,2024-11-15,App
C09935,South,Hyderabad,12.91251,77.63928,2024-05-30,App
C09936,South,Chennai,12.92667,77.60521,2025-06-16,App
C09937,East,Patna,22.5648,88.30366,2025-08-07,App
C09938,West,Ahmedabad,19.06897,72.78467,2025-01-31,App
C09939,East,Patna,22.50813,88.36814,2024-05-04,App
C09940,West,Pune,19.16851,72.78643,2024-07-26,Web
C09941,West,Ahmedabad,19.07575,72.73479,2024-09-27,App
C09942,North,Jaipur,28.54513,77.14567,2024-09-11,App
C09943,South,Hyderabad,12.95517,77.58659,2025-05-15,App
C09944,East,Kolkata,22.55566,88.34583,2024-08-10,App
C09945,East,Bhubaneswar,22.55632,88.35859,2025-03-09,App
C09946,West,Pune,19.10054,72.80454,2024-10-27,App
C09947,West,Mumbai,19.03975,72.77054,2024-11-06,App
C09948,North,Chandigarh,28.61533,77.16278,2024-08-16,App
C09949,South,Hyderabad,12.9698,77.54892,2025-02-14,App
C09950,West,Mumbai,19.05457,72.81521,2025-03-28,App
C09951,South,Chennai,12.8891,77.56937,2024-02-13,App
C09952,North,Jaipur,28.72985,77.25638,2025-09-17,App
C09953,North,Chandigarh,28.58245,77.27555,2024-08-31,App
C09954,West,Mumbai,19.07871,72.89389,2025-06-26,App
C09955,West,Ahmedabad,19.03866,72.80224,2024-04-02,App
C09956,West,Ahmedabad,19.06245,72.89248,2025-07-01,App
C09957,North,Chandigarh,28.61431,77.29257,2024-12-29,App
C09958,West,Ahmedabad,19.08015,72.97824,2025-06-06,App
C09959,South,Hyderabad,12.96161,77.59432,2024-01-05,App
C09960,South,Chennai,12.91491,77.57959,2025-08-13,App
C09961,North,Jaipur,28.59777,77.12891,2025-10-11,App
C09962,North,Delhi,28.57058,77.0787,2024-11-21,App
C09963,West,Mumbai,19.06735,72.92721,2024-02-23,App
C09964,East,Kolkata,22.72616,88.32132,2025-06-09,App
C09965,West,Ahmedabad,18.9634,72.7303,2024-09-02,App
C09966,West,Ahmedabad,19.08591,72.85716,2024-06-22,App
C09967,South,Bengaluru,13.0562,77.56516,2025-01-21,App
C09968,West,Ahmedabad,19.14964,72.9352,2024-04-05,App
C09969,South,Hyderabad,12.95639,77.52376,2024-10-31,App
C09970,West,Ahmedabad,19.08212,72.79698,2025-08-26,App
C09971,North,Chandigarh,28.59749,77.24605,2025-05-12,App
C09972,South,Bengaluru,12.99381,77.47144,2025-08-29,App
C09973,West,Mumbai,19.03211,72.85646,2024-06-23,Web
C09974,North,Delhi,28.74221,77.18525,2024-04-08,App
C09975,West,Pune,19.0811,72.86325,2025-02-17,App
C09976,West,Ahmedabad,19.08864,72.9078,2024-10-04,App
C09977,South,Chennai,12.93812,77.40714,2025-09-18,App
C09978,East,Patna,22.48725,88.37025,2025-08-11,App
C09979,West,Pune,19.18989,72.81144,2024-04-30,App
C09980,East,Bhubaneswar,22.55113,88.31979,2025-04-19,App
C09981,West,Ahmedabad,19.06518,72.78169,2025-09-01,App
C09982,East,Patna,22.52445,88.33415,2024-08-18,App
C09983,East,Bhubaneswar,22.65817,88.35132,2024-08-12,App
C09984,West,Ahmedabad,18.94384,72.99137,2025-05-06,App
C09985,East,Patna,22.56787,88.33792,2024-04-30,App
C09986,West,Ahmedabad,19.14225,73.02386,2024-04-15,App
C09987,South,Chennai,12.90165,77.76723,2025-03-19,App
C09988,South,Bengaluru,12.99437,77.59684,2024-10-05,App
C09989,South,Bengaluru,12.97718,77.54885,2025-01-20,App
C09990,East,Kolkata,22.49704,88.40299,2024-03-31,App
C09991,East,Kolkata,22.51801,88.33142,2025-05-28,App
C09992,East,Kolkata,22.48647,88.37204,2025-01-18,App
C09993,South,Chennai,13.10793,77.55154,2024-03-25,App
C09994,South,Hyderabad,12.91942,77.57191,2024-06-25,App
C09995,North,Jaipur,28.65726,77.23061,2025-01-16,App
C09996,North,Jaipur,28.55477,77.17679,2024-11-27,App
C09997,North,Chandigarh,28.64541,77.22932,2024-11-21,Web
C09998,North,Chandigarh,28.52875,77.20877,2024-02-06,App
C09999,East,Bhubaneswar,22.56152,88.42761,2025-06-01,App
C10000,West,Mumbai,19.0216,72.78996,2025-08-03,App
C10001,West,Ahmedabad,19.15058,72.93841,2025-01-02,App
C10002,West,Ahmedabad,19.09596,72.89668,2025-06-30,App
C10003,South,Bengaluru,12.95692,77.62263,2024-07-18,App
C10004,East,Kolkata,22.56061,88.38593,2024-01-29,App
C10005,South,Hyderabad,12.9136,77.64571,2025-08-02,App
C10006,South,Chennai,13.03947,77.54465,2025-07-30,App
C10007,North,Delhi,28.49651,77.25966,2025-08-20,App
C10008,South,Hyderabad,12.99047,77.53099,2024-08-18,App
C10009,South,Bengaluru,12.99388,77.68631,2025-09-01,Web
C10010,South,Hyderabad,13.05734,77.56087,2025-01-18,App
C10011,West,Mumbai,19.06088,72.83697,2024-06-14,App
C10012,North,Delhi,28.65411,77.05673,2025-08-16,App
C10013,West,Pune,19.05501,72.90808,2024-04-23,App
C10014,North,Jaipur,28.55155,77.29725,2024-07-03,App
C10015,West,Ahmedabad,19.03315,72.89141,2025-03-14,Web
C10016,West,Ahmedabad,19.04439,72.8919,2025-01-08,App
C10017,East,Patna,22.45037,88.34665,2024-06-05,App
C10018,South,Hyderabad,12.9949,77.55153,2024-08-31,App
C10019,West,Mumbai,19.21954,72.88967,2025-03-04,App
C10020,North,Jaipur,28.78118,77.19667,2024-06-15,App
C10021,West,Ahmedabad,18.99535,72.81636,2025-04-02,App
C10022,East,Patna,22.58983,88.33937,2024-11-09,Web
C10023,East,Bhubaneswar,22.50427,88.41302,2025-07-15,App
C10024,West,Ahmedabad,19.01123,72.92894,2025-06-09,App
C10025,South,Chennai,12.92529,77.46841,2024-10-24,App
C10026,East,Kolkata,22.64019,88.43832,2024-03-17,Web
C10027,North,Chandigarh,28.69677,77.18431,2024-01-30,Web
C10028,West,Ahmedabad,18.99087,73.00476,2025-04-04,App
C10029,North,Chandigarh,28.52146,77.16456,2024-05-20,Web
C10030,West,Ahmedabad,19.02856,72.90281,2025-03-05,App
C10031,East,Bhubaneswar,22.44155,88.29002,2024-11-08,Web
C10032,North,Delhi,28.53322,77.25368,2024-01-06,App
C10033,East,Bhubaneswar,22.68162,88.35362,2025-02-26,App
C10034,West,Ahmedabad,19.03174,72.82898,2024-05-01,App
C10035,North,Chandigarh,28.57848,77.22551,2024-12-20,App
C10036,North,Chandigarh,28.62107,77.24941,2025-04-19,App
C10037,North,Chandigarh,28.69704,77.35216,2025-04-16,App
C10038,North,Delhi,28.68287,77.33304,2024-05-20,App
C10039,East,Kolkata,22.57522,88.31309,2024-08-24,App
C10040,South,Bengaluru,12.8625,77.65002,2024-11-02,App
C10041,East,Kolkata,22.51906,88.33289,2024-09-20,App
C10042,North,Delhi,28.65489,77.21928,2025-08-07,App
C10043,West,Pune,19.15921,72.88282,2024-04-10,App
C10044,East,Kolkata,22.5251,88.41502,2024-02-18,App
C10045,West,Pune,19.12718,72.78871,2024-08-15,App
C10046,South,Chennai,12.97631,77.64787,2024-05-15,App
C10047,North,Chandigarh,28.49036,77.0897,2024-06-23,Web
C10048,South,Chennai,12.94868,77.5564,2025-09-18,App
C10049,South,Bengaluru,12.93677,77.5273,2024-09-28,App
C10050,South,Hyderabad,12.95394,77.62592,2024-12-22,Web
C10051,South,Hyderabad,13.05921,77.56769,2024-03-29,App
C10052,West,Pune,19.14476,72.98095,2025-08-30,App
C10053,North,Jaipur,28.58427,77.303,2024-12-07,App
C10054,West,Pune,19.09827,72.88179,2024-03-22,App
C10055,North,Chandigarh,28.72199,77.32065,2025-08-13,App
C10056,West,Ahmedabad,19.11211,72.86294,2024-05-25,App
C10057,South,Bengaluru,13.03,77.5112,2025-03-25,App
C10058,North,Jaipur,28.67061,77.20475,2025-08-27,App
C10059,West,Pune,19.10853,72.90582,2025-03-07,App
C10060,West,Pune,19.1259,72.76076,2024-07-26,App
C10061,North,Chandigarh,28.61968,77.19693,2024-06-15,App
C10062,West,Mumbai,19.11187,72.88538,2024-10-30,App
C10063,West,Mumbai,19.06133,72.80316,2024-06-13,App
C10064,West,Ahmedabad,19.06552,72.78845,2024-10-23,App
C10065,South,Bengaluru,13.06575,77.56403,2024-11-13,App
C10066,West,Pune,19.16077,72.89528,2025-03-04,App
C10067,East,Bhubaneswar,22.63428,88.3551,2024-06-17,App
C10068,South,Chennai,12.92741,77.62097,2024-06-11,App
C10069,West,Ahmedabad,19.09817,72.92329,2024-01-30,App
C10070,South,Hyderabad,13.11405,77.63925,2024-11-27,App
C10071,East,Patna,22.591,88.40238,2024-06-29,Web
C10072,South,Chennai,12.83733,77.63116,2025-09-28,App
C10073,West,Mumbai,19.1985,72.80764,2024-01-05,App
C10074,East,Patna,22.614,88.32812,2024-03-09,App
C10075,East,Kolkata,22.56548,88.30668,2025-05-24,App
C10076,South,Chennai,12.86692,77.57885,2025-03-21,App
C10077,West,Ahmedabad,19.12961,72.86535,2024-11-28,App
C10078,East,Kolkata,22.56173,88.45226,2025-08-31,App
C10079,South,Hyderabad,13.01551,77.55048,2024-06-19,App
C10080,North,Jaipur,28.56125,77.15929,2024-10-26,App
C10081,West,Mumbai,18.98337,72.89756,2024-05-11,App
C10082,East,Bhubaneswar,22.60994,88.15909,2024-03-30,App
C10083,South,Bengaluru,12.9308,77.56422,2025-01-11,App
C10084,West,Pune,19.11649,72.87364,2024-12-28,App
C10085,North,Delhi,28.60092,77.32616,2024-12-31,App
C10086,West,Mumbai,19.0347,72.77142,2024-05-04,App
C10087,East,Kolkata,22.63213,88.26145,2024-03-26,Web
C10088,East,Bhubaneswar,22.57365,88.42529,2025-08-08,App
C10089,West,Ahmedabad,19.16082,72.87581,2025-05-28,App
C10090,North,Delhi,28.52368,77.1602,2024-06-25,App
C10091,East,Bhubaneswar,22.46156,88.41554,2024-03-09,App
C10092,South,Bengaluru,12.95423,77.63147,2025-07-27,App
C10093,South,Bengaluru,12.98001,77.58702,2025-08-14,App
C10094,South,Hyderabad,13.01144,77.529,2024-12-25,App
C10095,East,Bhubaneswar,22.62478,88.26858,2024-05-10,App
C10096,East,Kolkata,22.57943,88.4125,2025-01-24,App
C10097,South,Hyderabad,12.91945,77.65441,2024-12-04,App
C10098,East,Patna,22.53275,88.49816,2025-05-30,App
C10099,West,Mumbai,19.07542,72.86996,2024-11-18,App
C10100,South,Bengaluru,13.06564,77.61254,2024-03-25,App
C10101,West,Mumbai,19.16148,72.7952,2025-09-11,Web
C10102,South,Hyderabad,12.9903,77.67791,2024-09-25,App
C10103,West,Mumbai,19.13884,72.92383,2025-04-04,App
C10104,South,Hyderabad,12.99984,77.5022,2025-05-14,App
C10105,East,Bhubaneswar,22.58895,88.26384,2024-07-07,App
C10106,East,Bhubaneswar,22.48413,88.43513,2024-05-03,App
C10107,South,Hyderabad,12.91967,77.5754,2025-05-18,App
C10108,North,Delhi,28.65517,77.32236,2025-07-05,Web
C10109,East,Kolkata,22.58021,88.37578,2024-04-23,App
C10110,East,Patna,22.6441,88.33715,2025-08-30,App
C10111,South,Bengaluru,12.88695,77.60829,2025-06-12,App
C10112,South,Bengaluru,12.95238,77.654,2025-04-06,Web
C10113,West,Mumbai,19.06548,72.93629,2024-12-22,Web
C10114,North,Delhi,28.55278,77.20805,2025-05-03,Web
C10115,North,Chandigarh,28.69179,77.13829,2024-09-04,App
C10116,East,Bhubaneswar,22.63693,88.4011,2024-06-21,Web
C10117,East,Patna,22.58752,88.38388,2025-08-09,Web
C10118,East,Kolkata,22.57216,88.45083,2024-06-16,Web
C10119,West,Pune,18.9096,72.86944,2024-06-17,App
C10120,North,Jaipur,28.50414,77.2136,2024-05-15,App
C10121,South,Hyderabad,12.93301,77.65089,2024-11-18,App
C10122,West,Ahmedabad,19.18917,72.93465,2025-01-17,App
C10123,West,Ahmedabad,19.02949,72.77697,2025-03-19,App
C10124,South,Hyderabad,13.0179,77.61869,2024-05-20,Web
C10125,South,Bengaluru,13.01104,77.52238,2024-02-01,Web
C10126,West,Ahmedabad,19.07425,72.97859,2024-08-06,Web
C10127,East,Bhubaneswar,22.61168,88.40859,2024-04-05,Web
C10128,South,Bengaluru,13.00417,77.62805,2025-01-14,App
C10129,North,Chandigarh,28.60533,77.20817,2025-09-27,Web
C10130,South,Hyderabad,12.93637,77.65292,2024-07-22,Web
C10131,West,Mumbai,19.10079,72.73876,2024-12-05,App
C10132,East,Kolkata,22.45064,88.37298,2024-06-29,App
C10133,West,Pune,19.18982,72.85827,2024-12-19,App
C10134,South,Bengaluru,12.95233,77.57341,2024-06-22,App
C10135,South,Hyderabad,13.00825,77.64505,2024-11-17,Web
C10136,South,Bengaluru,12.97256,77.56665,2025-10-10,Web
C10137,North,Delhi,28.57483,77.12738,2025-09-22,Web
C10138,West,Ahmedabad,19.05071,72.84358,2024-09-04,App
C10139,East,Patna,22.54933,88.34984,2024-01-20,App
C10140,East,Patna,22.50684,88.38686,2025-02-10,App
C10141,East,Bhubaneswar,22.44818,88.41583,2024-07-20,Web
C10142,North,Delhi,28.61428,77.19611,2025-06-11,App
C10143,South,Hyderabad,12.93592,77.52623,2025-09-09,App
C10144,South,Hyderabad,12.99746,77.65067,2024-08-26,App
C10145,North,Delhi,28.60958,77.3287,2024-12-31,App
C10146,South,Hyderabad,12.98753,77.5018,2025-04-24,Web
C10147,North,Delhi,28.64764,77.12601,2025-02-08,App
C10148,South,Chennai,12.95111,77.64294,2024-06-24,App
C10149,South,Chennai,13.0077,77.67555,2025-04-25,App
C10150,West,Pune,19.16058,72.82454,2025-07-12,App
C10151,South,Hyderabad,13.06978,77.52039,2024-10-31,Web
C10152,East,Patna,22.61797,88.39555,2024-04-16,App
C10153,East,Patna,22.4311,88.39535,2025-02-27,App
C10154,North,Delhi,28.62915,77.22446,2024-12-14,App
C10155,East,Kolkata,22.59449,88.26526,2024-02-01,App
C10156,North,Chandigarh,28.65901,77.25858,2024-07-13,Web
C10157,West,Ahmedabad,19.1273,72.92802,2025-08-27,App
C10158,North,Chandigarh,28.56172,77.31559,2024-09-02,Web
C10159,North,Chandigarh,28.55651,77.15084,2024-07-13,Web
C10160,West,Ahmedabad,19.11267,72.80284,2024-04-19,App
C10161,South,Chennai,12.90813,77.53039,2024-09-24,App
C10162,West,Mumbai,19.12225,72.89649,2024-07-03,App
C10163,South,Hyderabad,12.98564,77.53501,2024-08-21,Web
C10164,South,Chennai,12.91855,77.67869,2025-07-26,App
C10165,South,Hyderabad,13.01648,77.55587,2024-04-27,App
C10166,West,Mumbai,19.0651,72.85724,2024-04-21,App
C10167,West,Mumbai,19.11425,72.97437,2025-04-30,App
C10168,North,Jaipur,28.52849,77.20028,2025-02-15,App
C10169,West,Pune,18.95937,72.9006,2024-01-01,App
C10170,East,Bhubaneswar,22.65664,88.31513,2025-10-08,App
C10171,North,Delhi,28.52451,77.19604,2025-02-17,App
C10172,North,Delhi,28.49148,77.10899,2025-09-21,App
C10173,South,Bengaluru,13.03443,77.6043,2024-04-25,App
C10174,North,Jaipur,28.58589,77.24611,2025-01-20,App
C10175,East,Kolkata,22.52614,88.3412,2025-06-01,App
C10176,East,Bhubaneswar,22.53959,88.38485,2025-02-10,App
C10177,West,Pune,19.00891,72.75045,2025-03-28,App
C10178,South,Chennai,13.01342,77.55712,2024-12-07,App
C10179,North,Jaipur,28.58417,77.19597,2025-01-10,App
C10180,North,Jaipur,28.52469,77.21506,2025-02-01,App
C10181,North,Jaipur,28.65359,77.15741,2025-03-22,App
C10182,West,Pune,19.00271,72.94624,2024-06-09,App
C10183,South,Hyderabad,12.87524,77.52387,2025-05-19,App
C10184,North,Jaipur,28.6386,77.25307,2024-12-27,App
C10185,West,Pune,19.18051,72.81885,2024-12-24,App
C10186,South,Hyderabad,12.96894,77.56551,2025-01-21,App
C10187,West,Ahmedabad,19.07283,72.94585,2024-12-02,App
C10188,West,Ahmedabad,19.12176,72.77115,2025-06-24,App
C10189,West,Pune,19.08801,72.80914,2025-05-05,App
C10190,South,Bengaluru,12.88339,77.61899,2025-02-12,App
C10191,South,Bengaluru,12.90431,77.72461,2024-10-10,App
C10192,South,Chennai,13.07202,77.59948,2024-06-07,App
C10193,East,Bhubaneswar,22.51356,88.39615,2024-11-27,App
C10194,West,Mumbai,19.03957,72.91376,2025-06-15,App
C10195,East,Bhubaneswar,22.51074,88.38744,2025-05-31,Web
C10196,South,Chennai,12.87561,77.50589,2024-09-14,App
C10197,North,Chandigarh,28.61684,77.3094,2025-05-11,Web
C10198,South,Chennai,13.08653,77.54469,2024-01-20,App
C10199,North,Chandigarh,28.6023,77.18711,2025-01-07,App
C10200,West,Ahmedabad,19.06602,72.73311,2024-02-22,App
C10201,West,Mumbai,19.10231,72.87252,2025-05-29,App
C10202,West,Pune,19.1274,72.8748,2025-09-15,App
C10203,East,Kolkata,22.46124,88.32581,2025-05-06,App
C10204,West,Mumbai,19.05939,72.78298,2024-07-17,App
C10205,South,Bengaluru,13.04278,77.63455,2024-06-21,App
C10206,West,Ahmedabad,19.03531,72.96585,2024-04-30,App
C10207,North,Jaipur,28.58652,77.24847,2024-03-26,App
C10208,South,Hyderabad,12.95205,77.6317,2024-10-28,App
C10209,West,Ahmedabad,19.03076,72.87344,2025-01-30,App
C10210,West,Pune,19.02151,72.87605,2024-04-05,App
C10211,North,Delhi,28.65753,77.14567,2024-12-14,App
C10212,North,Jaipur,28.64243,77.13293,2025-09-01,Web
C10213,West,Pune,19.09516,72.8673,2024-06-17,App
C10214,West,Pune,19.07411,72.9125,2025-08-11,App
C10215,North,Chandigarh,28.63218,77.20035,2024-02-04,Web
C10216,West,Pune,19.00188,72.89225,2024-02-12,App
C10217,East,Patna,22.61286,88.37551,2025-02-18,App
C10218,North,Delhi,28.67052,77.25454,2025-03-05,App
C10219,East,Kolkata,22.45025,88.36789,2025-03-08,App
C10220,West,Pune,19.04596,72.7827,2025-02-24,App
C10221,East,Bhubaneswar,22.6512,88.30684,2024-01-21,App
C10222,North,Delhi,28.58779,77.13112,2025-06-03,App
C10223,West,Mumbai,19.06489,72.9538,2024-10-03,Web
C10224,South,Bengaluru,13.03203,77.61799,2024-01-29,App
C10225,West,Pune,19.1624,72.83089,2024-07-22,Web
C10226,South,Hyderabad,12.88217,77.59321,2024-08-16,App
C10227,North,Jaipur,28.4364,77.32624,2025-04-18,App
C10228,West,Pune,19.11013,72.84202,2024-01-24,Web
C10229,West,Mumbai,19.15211,72.88005,2024-05-06,App
C10230,South,Hyderabad,12.93076,77.56378,2025-04-03,App
C10231,East,Bhubaneswar,22.66112,88.38723,2024-07-30,App
C10232,West,Unknown,19.00459,72.84738,2024-03-15,App
C10233,West,Mumbai,18.96587,72.93315,2024-10-18,App
C10234,North,Jaipur,28.57241,77.15664,2025-08-16,App
C10235,North,Delhi,28.59917,77.19049,2025-06-20,App
C10236,North,Jaipur,28.6932,77.17525,2024-05-24,App
C10237,West,Pune,19.14739,72.82672,2024-12-17,App
C10238,South,Hyderabad,12.98575,77.59037,2024-09-30,App
C10239,West,Pune,19.06839,72.96382,2025-06-17,App
C10240,South,Bengaluru,12.93837,77.59473,2025-06-24,App
C10241,East,Patna,22.6121,88.31836,2024-02-09,App
C10242,West,Ahmedabad,19.00678,72.83015,2024-01-18,App
C10243,East,Patna,22.61594,88.41624,2024-04-08,App
C10244,East,Kolkata,22.54091,88.21126,2024-06-24,Web
C10245,West,Mumbai,19.113,72.96578,2025-08-29,App
C10246,South,Bengaluru,13.02292,77.58266,2024-01-02,App
C10247,East,Kolkata,22.58616,88.3252,2025-08-08,App
C10248,North,Jaipur,28.60831,77.22867,2025-02-08,App
C10249,South,Bengaluru,12.95323,77.61102,2025-05-19,App
C10250,East,Kolkata,22.49794,88.45324,2024-11-09,App
C10251,South,Chennai,12.93902,77.62854,2024-11-16,App
C10252,South,Bengaluru,13.05574,77.54589,2024-08-12,App
C10253,South,Bengaluru,12.94435,77.64536,2024-03-11,App
C10254,West,Pune,19.1767,72.87373,2024-09-26,App
C10255,North,Jaipur,28.63398,77.08628,2025-09-05,App
C10256,East,Patna,22.56522,88.35677,2025-05-26,App
C10257,West,Mumbai,19.14581,72.75954,2024-10-10,Web
C10258,West,Ahmedabad,19.10346,72.9605,2024-10-23,Web
C10259,South,Chennai,12.99598,77.58223,2025-08-13,App
C10260,North,Jaipur,28.61724,77.31238,2024-03-10,App
C10261,South,Hyderabad,13.0245,77.61959,2024-08-07,App
C10262,North,Jaipur,28.58792,77.17563,2024-11-25,App
C10263,North,Chandigarh,28.5688,77.2186,2025-05-14,Web
C10264,South,Chennai,12.9087,77.57817,2024-08-01,App
C10265,South,Bengaluru,12.86311,77.59226,2025-07-12,App
C10266,West,Ahmedabad,19.04701,72.94226,2025-07-06,App
C10267,South,Bengaluru,12.97799,77.56732,2025-02-28,Web
C10268,North,Jaipur,28.63536,77.22448,2024-06-04,App
C10269,South,Hyderabad,12.8981,77.54949,2024-01-08,App
C10270,South,Hyderabad,12.82462,77.66892,2025-07-25,App
C10271,East,Kolkata,22.59449,88.39796,2025-02-19,App
C10272,North,Jaipur,28.60742,77.21649,2024-03-05,App
C10273,West,Pune,19.06339,72.99174,2025-09-05,Web
C10274,South,Bengaluru,12.85343,77.58861,2024-11-15,App
C10275,East,Bhubaneswar,22.47657,88.39788,2024-04-08,App
C10276,South,Chennai,13.0494,77.60172,2024-11-03,App
C10277,North,Chandigarh,28.64622,77.14381,2024-10-03,App
C10278,South,Bengaluru,12.8861,77.5936,2025-07-05,App
C10279,East,Bhubaneswar,22.62586,88.38037,2025-03-27,App
C10280,South,Bengaluru,12.93528,77.57827,2024-09-06,App
C10281,South,Hyderabad,12.99968,77.58019,2025-04-14,App
C10282,East,Kolkata,22.51178,88.3011,2024-05-29,App
C10283,North,Chandigarh,28.64794,77.2694,2024-04-25,Web
C10284,South,Bengaluru,12.86988,77.68295,2025-10-10,App
C10285,North,Delhi,28.62242,77.19042,2024-01-16,App
C10286,South,Hyderabad,13.03393,77.60349,2024-06-14,App
C10287,East,Patna,22.64144,88.41066,2025-03-28,Web
C10288,East,Patna,22.42379,88.2002,2025-03-16,Web
C10289,West,Ahmedabad,19.15346,72.79819,2025-09-30,App
C10290,West,Ahmedabad,19.05972,72.85972,2025-07-25,App
C10291,South,Hyderabad,12.93703,77.6044,2024-02-04,App
C10292,South,Hyderabad,12.98221,77.56292,2024-08-24,App
C10293,North,Chandigarh,28.5536,77.327,2025-09-07,App
C10294,South,Hyderabad,12.92555,77.54659,2024-05-12,App
C10295,West,Pune,18.97183,72.80546,2024-08-04,App
C10296,North,Delhi,28.54813,77.23798,2024-09-19,App
C10297,North,Delhi,28.57174,77.15814,2025-09-20,App
C10298,East,Patna,22.70323,88.5046,2024-02-22,App
C10299,North,Chandigarh,28.68097,77.15702,2025-07-03,App
C10300,South,Chennai,12.9189,77.51765,2025-01-03,App
C10301,West,Ahmedabad,18.99314,72.81421,2024-01-23,App
C10302,North,Chandigarh,28.54455,77.06801,2025-09-19,Web
C10303,West,Ahmedabad,19.10308,72.92377,2025-02-13,Web
C10304,North,Chandigarh,28.73157,77.15417,2025-02-05,App
C10305,East,Bhubaneswar,22.50898,88.33737,2024-07-31,App
C10306,South,Chennai,12.85929,77.57546,2024-03-27,App
C10307,West,Ahmedabad,19.11466,72.7526,2025-03-22,Web
C10308,South,Hyderabad,13.00658,77.5369,2024-08-11,App
C10309,East,Kolkata,22.58351,88.26008,2024-03-26,App
C10310,West,Pune,19.17133,72.88272,2025-09-30,App
C10311,West,Ahmedabad,19.02238,72.83976,2024-02-19,App
C10312,North,Chandigarh,28.55855,77.20733,2024-09-09,App
C10313,East,Bhubaneswar,22.51525,88.32044,2025-07-12,App
C10314,South,Chennai,13.06541,77.48694,2024-12-12,App
C10315,East,Kolkata,22.56717,88.29399,2024-06-27,App
C10316,West,Mumbai,19.10551,72.91644,2025-05-25,App
C10317,South,Hyderabad,12.86595,77.6185,2025-09-05,App
C10318,East,Bhubaneswar,22.67006,88.3718,2024-10-30,Web
C10319,North,Jaipur,28.57112,77.18801,2024-07-13,Web
C10320,North,Delhi,28.62422,77.23762,2025-09-28,App
C10321,West,Ahmedabad,19.20622,72.9906,2024-10-10,App
C10322,East,Patna,22.48854,88.44105,2024-12-14,Web
C10323,West,Ahmedabad,19.15443,72.91217,2024-03-15,App
C10324,North,Delhi,28.64769,77.24619,2024-07-19,App
C10325,East,Kolkata,22.6096,88.42508,2024-03-30,App
C10326,West,Mumbai,19.11648,72.91035,2024-09-04,App
C10327,East,Kolkata,22.66142,88.44173,2024-05-14,App
C10328,East,Patna,22.51962,88.38279,2024-08-31,Web
C10329,East,Kolkata,22.64067,88.41915,2024-03-27,App
C10330,North,Delhi,28.5537,77.27317,2024-11-06,App
C10331,West,Pune,19.11549,72.78942,2024-09-08,App
C10332,East,Patna,22.60357,88.30488,2024-03-16,App
C10333,North,Jaipur,28.59148,77.27978,2024-04-07,App
C10334,East,Bhubaneswar,22.53109,88.44635,2025-08-26,App
C10335,East,Kolkata,22.56681,88.39729,2024-10-30,App
C10336,West,Pune,19.02747,72.81625,2025-04-26,Web
C10337,East,Bhubaneswar,22.52702,88.43064,2024-07-26,App
C10338,East,Bhubaneswar,22.5618,88.42424,2024-05-10,Web
C10339,West,Pune,19.04928,72.87014,2025-07-22,App
C10340,North,Jaipur,28.51987,77.31692,2024-04-07,App
C10341,East,Kolkata,22.62352,88.37363,2024-09-06,App
C10342,South,Bengaluru,12.95811,77.57763,2024-08-29,App
C10343,West,Pune,19.07311,72.8674,2025-04-08,App
C10344,West,Mumbai,19.04772,72.79001,2025-08-11,App
C10345,North,Chandigarh,28.5139,77.25241,2025-09-17,App
C10346,North,Jaipur,28.55431,77.22421,2024-11-20,App
C10347,East,Patna,22.62419,88.44203,2025-05-29,App
C10348,South,Hyderabad,13.02958,77.5838,2024-06-03,App
C10349,North,Chandigarh,28.70055,77.15419,2025-05-04,Web
C10350,East,Kolkata,22.50906,88.36529,2024-07-04,App
C10351,South,Chennai,12.93222,77.63371,2024-08-01,App
C10352,West,Mumbai,19.15038,72.82251,2024-07-19,Web
C10353,West,Mumbai,19.26381,72.91358,2024-01-21,App
C10354,East,Kolkata,22.58423,88.35134,2025-02-19,App
C10355,East,Kolkata,22.76505,88.32903,2024-12-15,App
C10356,South,Chennai,12.86499,77.54711,2024-02-15,Web
C10357,South,Chennai,12.92128,77.6398,2024-02-01,Web
C10358,East,Patna,22.52743,88.34556,2025-05-31,App
C10359,East,Patna,22.56535,88.40376,2024-05-10,App
C10360,South,Chennai,12.96011,77.58814,2025-06-22,Web
C10361,North,Delhi,28.72561,77.25124,2025-06-27,App
C10362,South,Chennai,13.0111,77.65576,2025-04-14,App
C10363,West,Pune,18.99376,72.84004,2024-04-04,App
C10364,South,Chennai,13.01899,77.61612,2025-08-16,App
C10365,West,Pune,19.05237,72.9055,2024-01-14,App
C10366,East,Bhubaneswar,22.57745,88.38851,2025-02-04,Web
C10367,South,Chennai,12.96912,77.65952,2024-09-24,App
C10368,North,Delhi,28.59221,77.27177,2025-01-14,App
C10369,North,Jaipur,28.51632,77.16323,2024-04-11,App
C10370,North,Delhi,28.54601,77.20939,2024-02-29,App
C10371,West,Pune,19.15386,72.85196,2024-02-01,App
C10372,North,Delhi,28.73304,77.33104,2025-09-29,Web
C10373,South,Hyderabad,12.95614,77.58056,2024-11-10,App
C10374,North,Delhi,28.65038,77.2019,2024-03-31,App
C10375,North,Chandigarh,28.62512,77.10404,2025-03-26,Web
C10376,North,Jaipur,28.5307,77.1716,2025-05-18,App
C10377,West,Ahmedabad,19.06634,72.7849,2025-03-14,Web
C10378,North,Delhi,28.54723,77.26587,2024-12-19,App
C10379,North,Jaipur,28.62589,77.27096,2024-09-11,App
C10380,West,Pune,19.11907,72.86252,2024-10-07,App
C10381,North,Jaipur,28.62104,77.23156,2025-07-01,App
C10382,West,Mumbai,19.1207,72.80178,2024-08-11,Web
C10383,North,Delhi,28.6444,77.19182,2025-10-01,Web
C10384,East,Patna,22.57422,88.49039,2024-04-13,App
C10385,North,Jaipur,28.63352,77.24702,2025-01-12,App
C10386,North,Jaipur,28.63677,77.2564,2024-11-01,App
C10387,South,Bengaluru,13.01149,77.58337,2025-09-15,App
C10388,West,Mumbai,19.06577,72.89194,2025-03-09,App
C10389,South,Bengaluru,12.94542,77.55932,2025-08-20,Web
C10390,West,Mumbai,19.11973,72.87496,2024-12-28,App
C10391,East,Kolkata,22.4982,88.37214,2025-09-17,App
C10392,West,Mumbai,19.04342,72.903,2024-06-28,App
C10393,West,Mumbai,19.0758,72.78701,2024-02-14,App
C10394,West,Mumbai,19.04771,72.98843,2024-05-25,Web
C10395,North,Delhi,28.5738,77.19362,2024-02-02,Web
C10396,North,Delhi,28.55612,77.23413,2024-05-11,App
C10397,North,Jaipur,28.6011,77.19614,2025-05-10,App
C10398,West,Mumbai,19.08526,72.8792,2025-05-15,Web
C10399,North,Delhi,28.62437,77.22139,2025-09-06,Web
C10400,West,Ahmedabad,19.09233,72.94358,2024-09-08,App
C10401,South,Bengaluru,12.92491,77.57341,2024-12-24,App
C10402,East,Kolkata,22.61738,88.3463,2025-08-07,App
C10403,West,Pune,19.13358,72.95639,2025-08-27,App
C10404,East,Bhubaneswar,22.47871,88.41135,2025-03-12,App
C10405,South,Chennai,13.0194,77.65656,2024-11-22,App
C10406,South,Bengaluru,12.96821,77.47115,2024-08-05,App
C10407,North,Delhi,28.64418,77.0659,2024-07-09,App
C10408,West,Pune,19.16921,72.84943,2025-01-06,App
C10409,West,Pune,19.02766,72.78644,2025-01-07,App
C10410,West,Ahmedabad,19.03888,72.9198,2025-01-05,App
C10411,North,Jaipur,28.57086,77.13939,2025-01-22,App
C10412,South,Bengaluru,13.05939,77.56544,2024-11-14,App
C10413,West,Ahmedabad,19.05801,72.96503,2024-11-20,Web
C10414,South,Bengaluru,12.83852,77.63287,2025-04-18,App
C10415,North,Delhi,28.67323,77.25302,2024-06-22,App
C10416,South,Chennai,12.87019,77.61953,2025-04-27,App
C10417,South,Hyderabad,12.89103,77.53699,2025-06-06,App
C10418,South,Bengaluru,12.97332,77.55606,2024-03-08,App
C10419,North,Chandigarh,28.51703,77.20326,2025-09-22,App
C10420,East,Kolkata,22.66588,88.32606,2024-05-20,Web
C10421,West,Pune,19.05997,72.81722,2024-06-12,App
C10422,West,Pune,19.1104,72.92297,2025-03-23,App
C10423,West,Mumbai,19.13388,72.72394,2024-01-08,App
C10424,South,Bengaluru,12.91605,77.61926,2025-06-08,App
C10425,West,Mumbai,19.0337,72.90261,2024-04-13,App
C10426,East,Bhubaneswar,22.56578,88.27121,2024-02-01,App
C10427,East,Kolkata,22.56084,88.33506,2025-01-11,Web
C10428,South,Chennai,12.87162,77.7518,2025-05-14,App
C10429,West,Mumbai,19.17029,72.86636,2025-02-28,App
C10430,North,Jaipur,28.48656,77.29304,2025-07-03,App
C10431,West,Pune,19.13054,72.88733,2024-04-22,Web
C10432,South,Bengaluru,12.92487,77.61427,2024-06-03,App
C10433,East,Patna,22.66704,88.39522,2025-03-08,App
C10434,South,Hyderabad,12.91934,77.66567,2024-10-17,App
C10435,South,Chennai,12.90583,77.56002,2025-02-26,App
C10436,East,Bhubaneswar,22.5533,88.38949,2024-06-16,Web
C10437,West,Pune,19.07448,72.88876,2024-11-24,App
C10438,North,Chandigarh,28.62582,77.26197,2025-08-31,Web
C10439,South,Hyderabad,12.94371,77.54313,2024-02-23,App
C10440,South,Hyderabad,12.9597,77.50466,2025-03-03,App
C10441,North,Chandigarh,28.62231,77.16151,2025-01-07,Web
C10442,West,Mumbai,19.09236,72.85378,2025-08-27,App
C10443,West,Ahmedabad,19.21472,72.89459,2024-10-17,App
C10444,West,Pune,19.10111,72.99786,2024-11-05,App
C10445,West,Pune,19.08426,72.7664,2024-08-30,Web
C10446,South,Bengaluru,12.89108,77.5232,2025-07-07,App
C10447,East,Kolkata,22.58168,88.4166,2024-08-17,App
C10448,South,Hyderabad,12.95475,77.50201,2025-02-25,App
C10449,West,Ahmedabad,19.06146,72.87831,2024-02-06,App
C10450,North,Chandigarh,28.56788,77.30025,2024-06-02,Web
C10451,South,Bengaluru,12.96627,77.69728,2024-11-12,Web
C10452,South,Chennai,13.10453,77.49059,2024-02-17,App
C10453,South,Hyderabad,12.97205,77.59448,2025-09-11,App
C10454,West,Mumbai,19.12329,72.80693,2025-08-24,App
C10455,South,Bengaluru,12.96737,77.59148,2024-03-12,App
C10456,East,Kolkata,22.52152,88.36349,2025-03-07,App
C10457,East,Bhubaneswar,22.68979,88.47917,2024-03-24,App
C10458,West,Pune,19.04963,72.95841,2024-03-20,App
C10459,East,Patna,22.59688,88.30732,2024-03-08,App
C10460,East,Patna,22.64927,88.45108,2024-12-31,App
C10461,South,Bengaluru,12.98355,77.4671,2025-10-02,App
C10462,East,Bhubaneswar,22.51622,88.44838,2024-03-07,Web
C10463,East,Patna,22.56808,88.36388,2024-03-25,Web
C10464,North,Delhi,28.67062,77.31507,2025-06-18,Web
C10465,West,Ahmedabad,19.00331,72.85901,2024-01-18,App
C10466,South,Bengaluru,12.95893,77.57317,2024-10-23,App
C10467,South,Bengaluru,13.05558,77.41222,2025-04-07,App
C10468,East,Bhubaneswar,22.68904,88.34427,2024-10-14,App
C10469,South,Chennai,12.90932,77.66353,2024-09-22,App
C10470,West,Pune,19.00703,72.85322,2025-08-16,App
C10471,North,Delhi,28.51375,77.17775,2025-02-25,App
C10472,South,Chennai,12.99304,77.66793,2025-04-14,App
C10473,East,Patna,22.56604,88.36735,2024-06-30,App
C10474,North,Delhi,28.6577,77.24648,2024-02-13,App
C10475,North,Chandigarh,28.65419,77.0845,2025-06-25,App
C10476,South,Hyderabad,13.05778,77.4612,2024-01-29,App
C10477,East,Patna,22.66569,88.32305,2024-11-05,Web
C10478,West,Mumbai,19.01939,72.88132,2025-01-31,App
C10479,South,Chennai,12.9851,77.66193,2024-02-20,App
C10480,North,Jaipur,28.64731,77.15948,2024-09-28,App
C10481,North,Jaipur,28.637,77.30045,2025-08-10,App
C10482,North,Jaipur,28.57942,77.233,2025-08-22,App
C10483,North,Delhi,28.65022,77.34429,2024-02-21,App
C10484,South,Bengaluru,12.93382,77.58195,2024-12-27,App
C10485,West,Ahmedabad,19.02469,72.99921,2025-03-20,App
C10486,East,Kolkata,22.48006,88.35284,2025-09-23,App
C10487,West,Pune,19.02187,72.84907,2024-05-05,App
C10488,West,Mumbai,19.11898,72.89,2024-08-31,App
C10489,South,Bengaluru,12.93885,77.64774,2024-03-22,App
C10490,South,Bengaluru,12.96274,77.58159,2024-02-02,App
C10491,East,Kolkata,22.55671,88.30982,2024-03-14,App
C10492,North,Jaipur,28.54143,77.04506,2024-02-01,App
C10493,East,Bhubaneswar,22.61421,88.41936,2025-05-13,App
C10494,West,Mumbai,19.13064,72.8896,2024-09-28,App
C10495,West,Ahmedabad,19.08373,72.80338,2025-10-08,App
C10496,West,Pune,19.15241,72.78995,2025-08-22,App
C10497,South,Hyderabad,12.89813,77.57009,2025-05-30,App
C10498,West,Mumbai,19.1819,72.82677,2024-12-08,App
C10499,West,Ahmedabad,19.05319,72.92844,2024-01-22,App
C10500,North,Chandigarh,28.47481,77.25624,2024-11-16,Web
C10501,East,Bhubaneswar,22.6562,88.321,2024-12-30,App
C10502,West,Mumbai,19.05572,72.85665,2024-09-13,App
C10503,West,Ahmedabad,19.17843,72.96214,2025-08-09,App
C10504,West,Pune,19.14216,72.9811,2025-08-11,App
C10505,North,Jaipur,28.65999,77.20572,2024-07-06,App
C10506,East,Bhubaneswar,22.55769,88.43475,2024-01-26,App
C10507,East,Kolkata,22.60184,88.39485,2024-05-07,App
C10508,South,Chennai,13.00612,77.51774,2024-09-12,Web
C10509,West,Pune,19.12815,72.97574,2025-08-14,App
C10510,North,Chandigarh,28.65337,77.22117,2025-05-04,Web
C10511,West,Ahmedabad,19.09292,72.9479,2024-02-28,App
C10512,East,Kolkata,22.52479,88.31009,2025-01-09,App
C10513,North,Chandigarh,28.55097,77.14712,2024-08-17,Web
C10514,South,Bengaluru,13.02319,77.59393,2024-03-01,App
C10515,East,Bhubaneswar,22.75953,88.19943,2024-01-15,App
C10516,South,Bengaluru,13.04936,77.51252,2024-01-02,App
C10517,North,Chandigarh,28.65454,77.11734,2024-09-20,App
C10518,South,Bengaluru,12.95304,77.62957,2024-11-25,App
C10519,West,Pune,19.10525,72.88108,2025-09-20,App
C10520,South,Hyderabad,12.91903,77.66404,2024-02-10,Web
C10521,West,Ahmedabad,19.02648,72.91827,2025-09-03,App
C10522,East,Patna,22.5701,88.37295,2025-08-07,Web
C10523,North,Jaipur,28.63797,77.25267,2025-01-15,App
C10524,North,Chandigarh,28.64452,77.25361,2025-08-04,App
C10525,West,Mumbai,19.06976,72.94352,2025-03-20,App
C10526,South,Hyderabad,12.86987,77.56624,2024-09-13,App
C10527,North,Delhi,28.45798,77.14763,2025-08-17,Web
C10528,West,Pune,19.07105,72.92294,2025-03-20,App
C10529,South,Hyderabad,12.96058,77.59926,2024-04-09,App
C10530,North,Chandigarh,28.6388,77.21931,2025-08-25,App
C10531,East,Patna,22.58033,88.38699,2025-04-27,App
C10532,West,Mumbai,19.10416,72.95063,2024-07-05,App
C10533,North,Jaipur,28.69308,77.1915,2025-10-02,App
C10534,South,Chennai,12.94313,77.5571,2025-04-06,Web
C10535,North,Delhi,28.71975,77.21469,2024-06-10,Web
C10536,West,Mumbai,19.1175,72.95428,2024-10-12,App
C10537,South,Hyderabad,12.98639,77.59737,2025-10-11,App
C10538,West,Mumbai,19.03222,72.88421,2024-01-23,App
C10539,North,Chandigarh,28.53542,77.20438,2025-01-19,Web
C10540,South,Chennai,12.95538,77.58932,2024-07-05,App
C10541,South,Bengaluru,13.06173,77.59357,2025-07-08,Web
C10542,West,Pune,19.14571,72.9485,2025-05-15,Web
C10543,North,Delhi,28.63784,77.17181,2025-09-02,App
C10544,West,Pune,19.12186,72.93044,2024-02-25,App
C10545,East,Kolkata,22.55809,88.28072,2024-11-26,App
C10546,North,Jaipur,28.68367,77.1343,2025-04-20,App
C10547,West,Ahmedabad,19.17086,72.84604,2024-04-22,App
C10548,East,Bhubaneswar,22.51927,88.39902,2024-11-17,App
C10549,North,Chandigarh,28.65447,77.26135,2025-08-12,App
C10550,East,Kolkata,22.56843,88.41723,2024-10-31,App
C10551,South,Hyderabad,12.98134,77.59572,2024-07-15,App
C10552,South,Chennai,12.87906,77.62602,2025-07-21,App
C10553,North,Jaipur,28.66238,77.18326,2024-05-10,App
C10554,North,Chandigarh,28.60279,77.38401,2025-06-23,App
C10555,West,Pune,19.22471,72.93207,2024-10-08,App
C10556,South,Chennai,12.96967,77.52989,2025-08-26,App
C10557,North,Jaipur,28.6715,77.27759,2024-05-24,App
C10558,South,Bengaluru,13.04472,77.59988,2024-12-02,App
C10559,North,Delhi,28.65164,77.20631,2024-06-16,App
C10560,West,Ahmedabad,19.02501,72.9067,2025-01-18,App
C10561,East,Bhubaneswar,22.62905,88.34496,2025-08-07,App
C10562,North,Delhi,28.50426,77.16323,2025-06-25,App
C10563,South,Bengaluru,13.03258,77.54425,2024-12-05,App
C10564,South,Chennai,13.01065,77.56975,2025-08-02,App
C10565,South,Chennai,13.09336,77.65073,2024-05-08,App
C10566,South,Hyderabad,12.97142,77.5744,2025-05-28,App
C10567,West,Pune,19.18815,72.92391,2025-04-04,App
C10568,South,Bengaluru,12.88969,77.67893,2024-09-17,App
C10569,East,Bhubaneswar,22.57049,88.3035,2024-04-12,App
C10570,East,Bhubaneswar,22.59367,88.3875,2025-01-31,App
C10571,East,Bhubaneswar,22.54727,88.35626,2024-09-04,App
C10572,South,Bengaluru,13.04402,77.71409,2025-06-03,App
C10573,East,Kolkata,22.59651,88.34056,2024-11-28,App
C10574,West,Mumbai,19.09722,72.94148,2024-08-17,App
C10575,East,Patna,22.53793,88.3901,2025-06-21,App
C10576,South,Bengaluru,13.04953,77.44849,2024-06-19,App
C10577,South,Bengaluru,13.02935,77.67965,2025-05-31,App
C10578,South,Chennai,12.95709,77.6859,2024-09-27,App
C10579,East,Patna,22.59763,88.29166,2025-06-11,App
C10580,West,Pune,19.13302,72.9045,2025-07-29,App
C10581,West,Mumbai,19.10552,72.86296,2025-06-30,App
C10582,East,Kolkata,22.58852,88.48229,2025-04-12,App
C10583,West,Pune,19.1649,72.94347,2025-06-20,App
C10584,North,Jaipur,28.57185,77.16714,2024-02-13,Web
C10585,West,Mumbai,19.14344,72.83632,2024-03-29,App
C10586,North,Chandigarh,28.62333,77.32546,2024-02-23,App
C10587,North,Jaipur,28.50729,77.27886,2025-09-28,App
C10588,South,Bengaluru,12.97011,77.56789,2024-11-24,App
C10589,North,Chandigarh,28.62416,77.25624,2024-07-23,App
C10590,North,Delhi,28.601,77.12981,2024-09-21,App
C10591,South,Bengaluru,12.94973,77.51882,2024-04-04,App
C10592,East,Kolkata,22.56642,88.31301,2025-05-20,App
C10593,North,Delhi,28.58986,77.23229,2024-02-10,App
C10594,North,Delhi,28.56144,77.26043,2024-09-16,App
C10595,South,Hyderabad,12.84255,77.5292,2024-12-20,App
C10596,North,Delhi,28.63922,77.18041,2025-01-09,Web
C10597,West,Ahmedabad,19.21901,72.90499,2025-07-06,App
C10598,West,Pune,19.07414,72.90608,2025-07-25,Web
C10599,East,Kolkata,22.47643,88.42663,2024-08-31,App
C10600,East,Patna,22.56124,88.42372,2024-02-26,App
C10601,West,Mumbai,19.1291,72.76788,2024-06-07,App
C10602,South,Chennai,12.98964,77.6184,2025-03-06,App
C10603,West,Mumbai,19.08314,72.94734,2025-08-29,App
C10604,South,Chennai,12.92101,77.74562,2024-09-09,App
C10605,North,Chandigarh,28.71339,77.34674,2025-04-07,App
C10606,West,Mumbai,18.95214,72.8937,2024-02-06,App
C10607,South,Hyderabad,13.06783,77.6806,2025-08-03,App
C10608,East,Kolkata,22.54704,88.25416,2024-10-22,App
C10609,West,Ahmedabad,19.13439,72.90697,2025-02-20,App
C10610,West,Ahmedabad,19.14324,72.90299,2024-11-10,App
C10611,West,Pune,19.10693,72.84458,2025-09-27,App
C10612,South,Bengaluru,12.92867,77.57722,2025-01-27,App
C10613,West,Ahmedabad,19.04533,72.83791,2025-05-19,App
C10614,West,Pune,19.10561,72.80437,2025-04-24,Web
C10615,West,Ahmedabad,19.11757,72.86449,2024-02-27,App
C10616,South,Chennai,13.02888,77.56933,2025-05-07,Web
C10617,North,Jaipur,28.60195,77.17184,2024-05-14,App
C10618,North,Chandigarh,28.61824,77.16886,2024-05-21,App
C10619,South,Hyderabad,12.96395,77.56004,2024-01-21,App
C10620,West,Unknown,19.09192,72.74496,2025-03-20,Web
C10621,West,Pune,19.19699,72.88038,2024-04-11,App
C10622,West,Mumbai,19.0288,72.76598,2025-06-16,App
C10623,South,Bengaluru,13.08687,77.5648,2025-06-01,App
C10624,North,Delhi,28.50834,77.22343,2025-08-18,App
C10625,South,Bengaluru,12.96868,77.54052,2025-05-31,App
C10626,West,Mumbai,19.048,72.93372,2024-03-01,Web
C10627,South,Bengaluru,12.94404,77.55966,2024-12-18,App
C10628,South,Chennai,13.05226,77.51863,2024-04-17,App
C10629,West,Pune,19.05991,72.90638,2025-09-06,Web
C10630,West,Pune,19.07202,72.89475,2024-07-29,App
C10631,North,Delhi,28.69773,77.29646,2025-04-23,Web
C10632,West,Ahmedabad,19.10289,72.85704,2024-08-05,App
C10633,North,Jaipur,28.57147,77.26154,2024-05-02,App
C10634,North,Chandigarh,28.58623,77.17442,2024-02-10,App
C10635,East,Kolkata,22.52552,88.33465,2024-11-18,App
C10636,West,Mumbai,19.10541,72.86113,2024-09-19,App
C10637,West,Pune,19.00508,72.87788,2025-07-26,App
C10638,North,Jaipur,28.56883,77.25848,2024-08-16,Web
C10639,South,Bengaluru,13.06613,77.60303,2024-07-04,Web
C10640,North,Chandigarh,28.69293,77.33905,2024-08-09,App
C10641,North,Jaipur,28.6902,77.19264,2024-09-13,App
C10642,North,Chandigarh,28.69386,77.16143,2024-06-05,App
C10643,East,Patna,22.5573,88.3567,2024-02-15,App
C10644,West,Pune,19.15148,72.93823,2024-07-15,App
C10645,West,Mumbai,19.14457,72.90083,2024-10-25,App
C10646,West,Ahmedabad,19.0875,72.84646,2024-12-21,App
C10647,South,Bengaluru,13.01037,77.60929,2024-02-28,App
C10648,West,Pune,18.99236,72.93716,2025-09-15,App
C10649,South,Bengaluru,12.95488,77.46281,2024-06-22,App
C10650,East,Bhubaneswar,22.62869,88.38278,2025-03-12,App
C10651,West,Ahmedabad,19.10649,72.86863,2024-12-23,App
C10652,East,Bhubaneswar,22.59448,88.40297,2025-02-22,App
C10653,West,Mumbai,19.15855,72.77083,2025-07-19,App
C10654,South,Bengaluru,12.93561,77.62344,2024-10-07,App
C10655,West,Mumbai,19.12914,72.85099,2024-09-17,Web
C10656,South,Chennai,12.97481,77.62884,2025-08-10,App
C10657,West,Ahmedabad,19.05093,72.81932,2024-12-18,App
C10658,East,Kolkata,22.45791,88.24613,2025-06-21,App
C10659,South,Hyderabad,12.94155,77.56094,2024-01-05,App
C10660,North,Jaipur,28.49083,77.18033,2025-01-27,App
C10661,West,Ahmedabad,19.20449,72.76439,2024-04-05,App
C10662,West,Mumbai,19.21365,72.90006,2024-01-22,App
C10663,West,Ahmedabad,19.14425,73.05221,2025-01-22,App
C10664,South,Bengaluru,12.93744,77.49998,2025-02-09,App
C10665,South,Chennai,12.94689,77.64208,2024-12-11,App
C10666,East,Bhubaneswar,22.59538,88.35902,2024-03-20,Web
C10667,North,Chandigarh,28.58764,77.2579,2025-03-19,App
C10668,South,Bengaluru,13.04597,77.46344,2025-03-01,Web
C10669,North,Jaipur,28.6247,77.19975,2025-06-02,App
C10670,West,Pune,19.00783,72.80818,2024-06-04,App
C10671,West,Mumbai,19.08716,72.87562,2024-12-03,App
C10672,South,Chennai,12.88273,77.6204,2024-11-08,Web
C10673,South,Bengaluru,12.933,77.53386,2025-05-14,Web
C10674,South,Bengaluru,13.00476,77.59516,2024-08-28,Web
C10675,North,Chandigarh,28.56495,77.21866,2024-11-26,App
C10676,East,Patna,22.64465,88.4553,2024-06-24,App
C10677,North,Chandigarh,28.5286,77.21573,2024-02-18,App
C10678,West,Pune,19.0559,72.90362,2024-01-19,App
C10679,East,Kolkata,22.51617,88.39673,2024-05-17,App
C10680,North,Jaipur,28.62482,77.27508,2024-08-14,App
C10681,South,Bengaluru,13.01182,77.64584,2024-10-15,App
C10682,South,Hyderabad,12.96681,77.64283,2024-06-19,Web
C10683,South,Chennai,12.93808,77.58422,2024-01-30,App
C10684,West,Ahmedabad,19.09904,72.87474,2024-09-03,App
C10685,South,Bengaluru,12.81811,77.62873,2024-05-07,Web
C10686,North,Jaipur,28.55029,77.33994,2024-02-13,App
C10687,South,Chennai,12.97403,77.5586,2024-06-28,App
C10688,West,Pune,19.03305,72.87786,2025-07-26,App
C10689,West,Pune,19.08698,72.88756,2024-10-29,App
C10690,South,Hyderabad,12.9437,77.71328,2024-09-09,App
C10691,North,Jaipur,28.58466,77.13065,2024-05-27,App
C10692,South,Chennai,12.98338,77.58472,2024-09-26,Web
C10693,South,Bengaluru,13.07345,77.57088,2024-01-26,Web
C10694,West,Ahmedabad,19.03039,72.91693,2025-08-23,App
C10695,North,Chandigarh,28.57334,77.26532,2025-02-23,App
C10696,West,Mumbai,19.04292,72.8643,2024-02-23,App
C10697,North,Delhi,28.64068,77.27844,2025-03-16,App
C10698,East,Bhubaneswar,22.42388,88.338,2025-08-04,Web
C10699,South,Bengaluru,13.01397,77.64717,2024-01-27,Web
C10700,West,Mumbai,19.04049,72.87922,2024-07-04,App
C10701,North,Jaipur,28.55905,77.24107,2024-07-05,App
C10702,East,Patna,22.61921,88.34673,2024-07-07,App
C10703,West,Ahmedabad,19.12493,72.95807,2024-08-27,App
C10704,East,Bhubaneswar,22.56861,88.38634,2024-03-30,App
C10705,North,Chandigarh,28.61986,77.25056,2024-09-22,App
C10706,North,Chandigarh,28.60637,77.1592,2025-10-06,Web
C10707,North,Delhi,28.61602,77.21281,2025-07-02,App
C10708,North,Delhi,28.53041,77.28306,2024-03-07,App
C10709,North,Chandigarh,28.59986,77.23638,2025-08-21,Web
C10710,West,Ahmedabad,19.02427,72.91999,2024-12-28,App
C10711,North,Delhi,28.54762,77.24951,2025-03-03,App
C10712,North,Jaipur,28.65114,77.19572,2024-04-30,App
C10713,North,Chandigarh,28.60976,77.22428,2024-12-11,App
C10714,East,Bhubaneswar,22.6902,88.38907,2024-12-14,App
C10715,East,Kolkata,22.53679,88.29461,2024-12-17,App
C10716,West,Ahmedabad,19.18904,72.91852,2024-06-18,App
C10717,North,Chandigarh,28.584,77.26055,2025-10-08,App
C10718,East,Kolkata,22.59748,88.4749,2024-03-30,App
C10719,East,Bhubaneswar,22.59179,88.41022,2025-04-15,App
C10720,North,Chandigarh,28.62674,77.35248,2024-01-21,App
C10721,North,Chandigarh,28.51064,77.21842,2024-01-09,App
C10722,West,Mumbai,19.16683,72.89928,2025-06-22,App
C10723,North,Chandigarh,28.74949,77.2069,2024-09-02,App
C10724,South,Bengaluru,12.9767,77.67509,2025-08-26,App
C10725,South,Hyderabad,12.91968,77.54134,2024-07-21,App
C10726,West,Ahmedabad,19.09361,72.87397,2025-01-19,Web
C10727,South,Chennai,12.99217,77.606,2024-09-11,App
C10728,North,Jaipur,28.61057,77.30575,2025-09-25,App
C10729,North,Jaipur,28.75389,77.24585,2025-02-08,App
C10730,North,Chandigarh,28.64889,77.18912,2024-12-06,App
C10731,West,Pune,19.10685,72.7949,2025-05-21,App
C10732,East,Patna,22.63961,88.34772,2025-06-19,App
C10733,South,Hyderabad,12.88886,77.64311,2024-02-25,App
C10734,North,Chandigarh,28.55817,77.25652,2024-07-29,App
C10735,West,Pune,19.11829,72.84427,2025-04-23,App
C10736,East,Kolkata,22.52558,88.37872,2024-04-23,Web
C10737,North,Jaipur,28.57293,77.30121,2025-06-25,App
C10738,South,Chennai,12.96872,77.53518,2025-04-24,App
C10739,West,Mumbai,19.10482,72.88199,2024-08-06,App
C10740,West,Pune,19.09789,72.92476,2024-11-12,App
C10741,South,Bengaluru,12.93048,77.6457,2025-03-06,App
C10742,South,Chennai,13.00145,77.64413,2024-10-01,App
C10743,South,Bengaluru,13.02772,77.56556,2024-06-27,App
C10744,West,Ahmedabad,19.10479,72.88382,2025-08-15,App
C10745,West,Mumbai,18.98791,72.9253,2025-03-13,App
C10746,West,Pune,19.0583,72.90234,2024-06-05,App
C10747,West,Unknown,18.9737,72.85173,2025-06-02,Web
C10748,East,Patna,22.57731,88.44029,2025-09-23,App
C10749,West,Pune,19.10312,72.77813,2024-01-27,App
C10750,North,Delhi,28.72788,77.22837,2024-01-17,App
C10751,North,Jaipur,28.53861,77.17241,2025-05-10,App
C10752,West,Ahmedabad,19.12248,72.79965,2025-06-04,App
C10753,North,Jaipur,28.48103,77.27989,2024-05-24,App
C10754,South,Hyderabad,13.03615,77.56796,2024-01-06,App
C10755,South,Hyderabad,12.93048,77.58214,2025-08-27,App
C10756,East,Kolkata,22.58107,88.29105,2024-10-09,App
C10757,South,Bengaluru,13.00351,77.67259,2024-07-20,App
C10758,North,Chandigarh,28.54427,77.24083,2024-01-21,Web
C10759,North,Chandigarh,28.7301,77.2053,2024-05-20,Web
C10760,South,Hyderabad,13.05581,77.5868,2025-05-01,App
C10761,East,Kolkata,22.61113,88.36597,2024-05-17,Web
C10762,West,Mumbai,19.13529,72.96224,2025-08-27,Web
C10763,South,Chennai,13.00409,77.57165,2025-05-14,App
C10764,West,Ahmedabad,19.15014,72.97079,2024-09-24,App
C10765,West,Pune,19.10938,72.96324,2025-02-22,App
C10766,West,Mumbai,19.10936,72.85357,2024-01-12,App
C10767,South,Chennai,12.99661,77.50328,2025-05-27,App
C10768,North,Jaipur,28.71609,77.22644,2024-05-14,App
C10769,East,Kolkata,22.5119,88.31733,2024-12-21,App
C10770,South,Bengaluru,13.03414,77.53938,2024-09-21,Web
C10771,South,Bengaluru,13.07409,77.51375,2024-05-06,App
C10772,South,Hyderabad,12.95366,77.58776,2025-05-21,App
C10773,South,Bengaluru,12.96036,77.71693,2025-06-22,App
C10774,South,Bengaluru,13.06402,77.51492,2025-08-17,App
C10775,South,Chennai,12.91082,77.6329,2025-05-21,App
C10776,East,Bhubaneswar,22.52424,88.39501,2024-07-23,Web
C10777,West,Pune,19.09208,72.82628,2024-11-13,App
C10778,East,Patna,22.59476,88.33485,2025-02-06,App
C10779,North,Delhi,28.56776,77.13573,2024-02-13,Web
C10780,South,Chennai,12.98196,77.65661,2024-10-16,Web
C10781,West,Ahmedabad,19.08894,72.86137,2024-12-03,App
C10782,East,Patna,22.67006,88.38292,2024-12-04,App
C10783,West,Ahmedabad,19.11228,72.90623,2024-06-02,Web
C10784,West,Ahmedabad,19.08874,72.86032,2024-02-03,App
C10785,South,Bengaluru,12.92538,77.47984,2024-03-22,Web
C10786,South,Hyderabad,12.90532,77.59198,2024-01-06,Web
C10787,North,Chandigarh,28.57895,77.13694,2024-10-07,App
C10788,North,Jaipur,28.60844,77.12589,2025-01-26,App
C10789,East,Kolkata,22.64967,88.33189,2024-02-28,App
C10790,North,Jaipur,28.68022,77.30394,2024-04-29,App
C10791,East,Patna,22.60053,88.35803,2025-05-05,App
C10792,South,Hyderabad,12.90999,77.51884,2024-03-14,App
C10793,South,Bengaluru,12.97325,77.4655,2024-06-29,Web
C10794,South,Bengaluru,12.94358,77.55241,2025-04-14,App
C10795,East,Kolkata,22.55808,88.37976,2024-08-31,App
C10796,East,Patna,22.60073,88.32209,2025-02-10,Web
C10797,West,Mumbai,19.1728,72.89258,2025-07-09,App
C10798,West,Ahmedabad,19.07647,72.88764,2025-01-10,App
C10799,North,Chandigarh,28.59327,77.24533,2025-05-13,App
C10800,South,Bengaluru,12.99616,77.503,2025-02-25,App
C10801,West,Pune,19.15379,72.9115,2024-03-04,App
C10802,North,Chandigarh,28.62869,77.1976,2025-05-05,App
C10803,North,Delhi,28.6818,77.17534,2025-02-03,App
C10804,West,Mumbai,19.06651,72.84068,2025-05-30,App
C10805,South,Bengaluru,13.00169,77.63914,2025-01-21,App
C10806,South,Hyderabad,12.97442,77.60453,2024-05-28,App
C10807,East,Bhubaneswar,22.50454,88.33257,2024-12-05,App
C10808,North,Chandigarh,28.68574,77.25816,2025-09-05,App
C10809,West,Pune,19.13522,72.88413,2024-07-15,App
C10810,North,Delhi,28.63149,77.22476,2024-05-30,App
C10811,West,Pune,19.04676,72.87882,2025-02-01,App
C10812,East,Bhubaneswar,22.67729,88.38989,2024-09-18,App
C10813,East,Kolkata,22.6583,88.37464,2024-01-06,App
C10814,North,Delhi,28.7305,77.23541,2025-03-08,App
C10815,North,Chandigarh,28.64288,77.26294,2024-04-17,App
C10816,West,Mumbai,19.11057,72.87967,2025-05-26,App
C10817,East,Bhubaneswar,22.58721,88.35124,2025-06-02,App
C10818,East,Bhubaneswar,22.53301,88.37007,2024-07-27,App
C10819,West,Mumbai,19.1793,73.00723,2024-12-01,App
C10820,South,Hyderabad,12.97157,77.48739,2024-07-28,App
C10821,South,Chennai,13.04846,77.58536,2024-04-27,App
C10822,East,Kolkata,22.57355,88.30415,2024-10-19,App
C10823,East,Patna,22.66101,88.39726,2025-09-11,App
C10824,West,Mumbai,19.17637,72.83254,2024-09-14,App
C10825,West,Pune,18.96834,72.84551,2024-09-10,Web
C10826,North,Delhi,28.57377,77.16459,2025-06-19,Web
C10827,North,Jaipur,28.53849,77.24979,2024-02-15,App
C10828,North,Delhi,28.65762,77.26474,2024-08-25,App
C10829,North,Chandigarh,28.67287,77.14363,2024-10-18,App
C10830,West,Ahmedabad,19.14386,72.89575,2025-06-27,App
C10831,East,Bhubaneswar,22.58788,88.36421,2024-01-05,App
C10832,South,Hyderabad,13.10267,77.55363,2025-09-23,Web
C10833,East,Patna,22.59749,88.34418,2024-10-20,App
C10834,East,Patna,22.51786,88.34796,2024-05-27,App
C10835,North,Delhi,28.70182,77.18179,2024-01-18,App
C10836,South,Bengaluru,12.93477,77.57981,2024-09-13,App
C10837,North,Jaipur,28.60847,77.27035,2025-01-26,Web
C10838,North,Delhi,28.59865,77.21521,2025-09-15,App
C10839,West,Mumbai,19.05392,72.90074,2025-06-09,App
C10840,South,Chennai,12.96203,77.63641,2025-10-01,App
C10841,South,Bengaluru,12.92051,77.47956,2025-09-24,App
C10842,West,Mumbai,19.03475,72.86557,2024-06-24,Web
C10843,West,Ahmedabad,19.10165,72.91501,2025-06-21,App
C10844,North,Jaipur,28.67267,77.26997,2025-09-12,App
C10845,West,Mumbai,19.01779,72.88785,2025-02-18,App
C10846,North,Jaipur,28.46352,77.19639,2025-06-09,App
C10847,South,Bengaluru,13.02106,77.60694,2024-03-24,App
C10848,South,Hyderabad,12.90317,77.6227,2024-07-03,App
C10849,West,Mumbai,19.13953,72.90038,2025-07-07,App
C10850,West,Pune,19.12114,72.9065,2025-04-09,Web
C10851,North,Jaipur,28.64194,77.29088,2024-07-20,App
C10852,South,Bengaluru,13.00077,77.66004,2024-09-18,Web
C10853,West,Ahmedabad,19.08007,72.91552,2025-07-09,App
C10854,South,Bengaluru,12.89977,77.64045,2025-07-29,App
C10855,North,Delhi,28.68367,77.09208,2024-03-05,App
C10856,North,Delhi,28.70329,77.18485,2025-10-11,App
C10857,North,Chandigarh,28.63946,77.29634,2025-08-01,App
C10858,West,Ahmedabad,19.24383,72.92431,2025-06-22,App
C10859,West,Pune,19.19657,72.88235,2025-05-01,App
C10860,North,Delhi,28.74673,77.17565,2025-02-06,App
C10861,West,Pune,19.1561,72.86093,2024-06-05,App
C10862,East,Bhubaneswar,22.54687,88.21834,2024-05-04,Web
C10863,West,Mumbai,19.13534,72.81321,2024-01-04,App
C10864,South,Bengaluru,12.92972,77.59184,2025-01-14,App
C10865,North,Jaipur,28.68937,77.18521,2024-12-24,App
C10866,West,Mumbai,19.02103,72.88223,2024-02-14,App
C10867,South,Chennai,12.93016,77.57194,2024-03-21,Web
C10868,South,Chennai,13.04591,77.5258,2025-03-20,Web
C10869,East,Bhubaneswar,22.5679,88.23794,2024-12-09,App
C10870,South,Chennai,12.93851,77.60667,2024-05-18,App
C10871,West,Pune,19.1371,72.89237,2024-08-09,App
C10872,East,Patna,22.40634,88.30128,2024-01-01,App
C10873,North,Chandigarh,28.49542,77.14126,2025-08-08,App
C10874,West,Ahmedabad,19.12989,72.89936,2025-04-09,App
C10875,South,Chennai,13.01146,77.68339,2025-09-18,App
C10876,South,Hyderabad,13.07209,77.61965,2025-08-17,Web
C10877,South,Bengaluru,12.91474,77.48626,2025-01-13,App
C10878,South,Chennai,12.88655,77.52849,2025-02-23,Web
C10879,South,Chennai,12.87531,77.56297,2024-10-30,App
C10880,North,Chandigarh,28.59021,77.15923,2024-10-08,App
C10881,North,Jaipur,28.64232,77.16139,2024-03-04,App
C10882,East,Kolkata,22.48654,88.44231,2024-11-21,App
C10883,North,Delhi,28.62228,77.1607,2025-03-19,Web
C10884,South,Chennai,12.94582,77.67309,2024-01-26,App
C10885,West,Mumbai,19.14135,72.94483,2024-11-26,App
C10886,East,Patna,22.54786,88.37421,2024-05-20,App
C10887,South,Bengaluru,13.06847,77.60586,2024-10-14,App
C10888,West,Mumbai,19.05638,72.83691,2025-05-10,App
C10889,South,Bengaluru,12.85441,77.67931,2024-01-28,App
C10890,North,Chandigarh,28.64723,77.24406,2024-11-02,App
C10891,North,Jaipur,28.64748,77.28151,2025-07-27,App
C10892,North,Jaipur,28.64216,77.19477,2024-11-05,App
C10893,West,Ahmedabad,19.02613,72.8756,2025-08-15,Web
C10894,North,Chandigarh,28.60666,77.19083,2024-04-15,App
C10895,North,Chandigarh,28.59743,77.22518,2024-09-03,App
C10896,North,Jaipur,28.62684,77.18818,2024-01-18,App
C10897,West,Ahmedabad,19.17375,72.86678,2025-08-20,Web
C10898,North,Delhi,28.69719,77.29265,2025-02-22,App
C10899,South,Hyderabad,13.0282,77.62372,2024-06-25,App
C10900,South,Hyderabad,12.92867,77.65497,2024-03-21,App
C10901,South,Bengaluru,12.99387,77.55629,2024-02-17,App
C10902,South,Bengaluru,12.97271,77.61122,2025-04-16,App
C10903,North,Delhi,28.62392,77.15429,2025-07-31,App
C10904,South,Hyderabad,12.96046,77.5814,2025-03-02,Web
C10905,South,Hyderabad,12.95858,77.60705,2025-02-25,App
C10906,West,Mumbai,19.06367,72.88889,2024-05-31,App
C10907,West,Pune,19.1038,72.80032,2024-08-25,App
C10908,South,Hyderabad,12.92925,77.52608,2025-04-29,App
C10909,East,Patna,22.61762,88.4101,2025-02-03,Web
C10910,North,Delhi,28.42018,77.16862,2024-11-04,App
C10911,North,Chandigarh,28.65014,77.16876,2024-10-06,App
C10912,North,Jaipur,28.50756,77.24594,2024-03-31,App
C10913,South,Bengaluru,12.9875,77.567,2025-09-30,App
C10914,West,Mumbai,19.04174,72.89052,2025-04-21,App
C10915,South,Chennai,13.00057,77.61375,2025-03-07,App
C10916,East,Kolkata,22.58641,88.26087,2025-06-29,App
C10917,North,Jaipur,28.66878,77.25891,2024-12-19,App
C10918,East,Patna,22.59855,88.43618,2024-04-12,App
C10919,West,Ahmedabad,19.14021,72.86387,2025-06-13,App
C10920,South,Chennai,12.93591,77.55307,2025-06-15,Web
C10921,West,Mumbai,19.08511,72.91181,2024-02-18,App
C10922,North,Delhi,28.70219,77.22942,2025-05-07,App
C10923,West,Mumbai,18.98789,72.98419,2024-09-29,App
C10924,West,Mumbai,19.14249,72.87518,2024-12-20,App
C10925,East,Kolkata,22.5431,88.24087,2024-08-17,App
C10926,South,Chennai,12.94658,77.66445,2025-07-02,App
C10927,West,Pune,19.07192,72.82145,2025-08-23,Web
C10928,North,Jaipur,28.67853,77.16032,2025-03-28,App
C10929,West,Mumbai,19.14188,72.86467,2025-06-07,App
C10930,North,Jaipur,28.65536,77.26434,2025-03-07,App
C10931,North,Chandigarh,28.47588,77.2035,2024-05-25,App
C10932,North,Chandigarh,28.54301,77.08856,2025-03-02,App
C10933,South,Unknown,13.04354,77.58385,2024-10-18,App
C10934,West,Mumbai,19.02206,72.9344,2025-07-15,App
C10935,West,Pune,19.27134,72.98394,2025-03-20,App
C10936,South,Chennai,12.95336,77.57452,2025-09-05,Web
C10937,East,Patna,22.47126,88.3436,2025-09-18,App
C10938,South,Chennai,12.97206,77.58406,2025-08-26,App
C10939,North,Chandigarh,28.56458,77.06364,2025-06-11,App
C10940,West,Mumbai,18.92243,72.83131,2025-01-19,App
C10941,West,Mumbai,19.14435,72.84284,2024-03-03,App
C10942,West,Pune,19.02634,73.01635,2024-12-18,App
C10943,West,Mumbai,19.07726,72.95082,2025-09-09,App
C10944,North,Jaipur,28.5999,77.27817,2025-07-01,App
C10945,South,Hyderabad,12.84745,77.53954,2025-04-13,App
C10946,North,Chandigarh,28.62157,77.12124,2025-02-19,App
C10947,East,Bhubaneswar,22.53871,88.34818,2024-12-05,App
C10948,West,Pune,19.16281,72.85662,2024-07-08,App
C10949,West,Pune,19.19109,72.82445,2024-03-18,App
C10950,West,Pune,19.02794,72.88666,2024-04-06,App
C10951,East,Bhubaneswar,22.5576,88.22562,2025-01-04,App
C10952,West,Pune,19.13891,72.82667,2024-01-31,App
C10953,West,Pune,19.04801,72.91959,2024-08-10,App
C10954,East,Patna,22.62588,88.39916,2024-12-05,App
C10955,West,Pune,19.18609,72.81089,2024-12-23,App
C10956,West,Pune,19.06844,72.79395,2024-10-13,App
C10957,West,Pune,18.97844,72.91633,2025-04-04,Web
C10958,West,Ahmedabad,19.01158,72.82174,2025-07-14,App
C10959,East,Kolkata,22.62427,88.39038,2025-03-28,App
C10960,North,Jaipur,28.59128,77.19967,2025-08-18,Web
C10961,East,Bhubaneswar,22.64875,88.37167,2024-10-22,App
C10962,North,Chandigarh,28.67862,77.24256,2024-04-27,Web
C10963,West,Ahmedabad,19.11368,72.99505,2024-03-17,App
C10964,South,Bengaluru,12.97964,77.57442,2024-08-23,App
C10965,North,Chandigarh,28.66036,77.19033,2025-07-07,App
C10966,South,Hyderabad,12.9951,77.62798,2024-07-03,App
C10967,East,Kolkata,22.58789,88.42912,2025-03-19,App
C10968,West,Pune,18.97966,72.96995,2025-06-14,App
C10969,West,Pune,19.03398,72.84175,2025-01-02,Web
C10970,East,Kolkata,22.59953,88.38904,2024-02-23,App
C10971,South,Hyderabad,12.83318,77.57081,2024-06-25,App
C10972,North,Delhi,28.68943,77.14836,2024-01-23,App
C10973,West,Mumbai,19.08795,72.85066,2024-05-21,App
C10974,East,Bhubaneswar,22.55677,88.34273,2024-01-07,App
C10975,West,Pune,19.02531,72.92712,2025-02-21,Web
C10976,East,Bhubaneswar,22.61511,88.22015,2025-06-27,App
C10977,East,Kolkata,22.63068,88.34355,2024-02-24,App
C10978,West,Ahmedabad,18.99649,72.8646,2024-02-25,App
C10979,East,Kolkata,22.53239,88.31324,2025-04-02,App
C10980,East,Bhubaneswar,22.61797,88.30124,2024-09-26,App
C10981,West,Mumbai,18.984,72.81308,2024-11-28,Web
C10982,West,Pune,19.14858,72.89678,2025-01-02,App
C10983,North,Chandigarh,28.53539,77.1505,2024-09-17,App
C10984,South,Bengaluru,12.96916,77.64173,2025-06-13,App
C10985,West,Pune,19.01618,72.88779,2025-09-09,App
C10986,South,Chennai,12.82533,77.56826,2025-04-07,App
C10987,East,Patna,22.49817,88.30084,2025-05-08,App
C10988,South,Bengaluru,12.91712,77.64236,2024-08-30,App
C10989,South,Chennai,13.01717,77.62694,2025-07-14,Web
C10990,East,Bhubaneswar,22.52876,88.41711,2025-09-12,App
C10991,West,Mumbai,19.04994,72.98595,2025-09-26,App
C10992,West,Pune,19.07948,72.87064,2025-07-31,App
C10993,South,Bengaluru,12.97467,77.48522,2025-04-12,App
C10994,West,Ahmedabad,19.09324,72.87019,2025-03-31,Web
C10995,South,Bengaluru,13.0275,77.69784,2025-05-29,App
C10996,East,Patna,22.4808,88.26122,2025-03-25,App
C10997,South,Bengaluru,13.02745,77.47693,2025-01-02,Web
C10998,North,Chandigarh,28.63838,77.10953,2025-07-23,App
C10999,North,Chandigarh,28.62882,77.17544,2024-06-23,App
C11000,North,Chandigarh,28.77291,77.25138,2024-09-17,App
C11001,West,Ahmedabad,19.08543,72.94429,2025-09-06,App
C11002,North,Delhi,28.6091,77.22309,2025-04-14,App
C11003,South,Hyderabad,13.06248,77.64808,2025-02-25,App
C11004,West,Ahmedabad,19.18699,72.86404,2025-07-24,App
C11005,West,Ahmedabad,19.1399,72.79687,2025-03-30,App
C11006,South,Hyderabad,12.94982,77.54266,2025-03-16,App
C11007,East,Patna,22.58678,88.41527,2024-10-02,Web
C11008,West,Ahmedabad,19.09902,73.01333,2024-01-21,App
C11009,South,Hyderabad,12.99728,77.71701,2025-03-11,Web
C11010,East,Patna,22.47688,88.42542,2024-06-13,App
C11011,West,Ahmedabad,18.9829,72.99786,2025-08-18,App
C11012,North,Delhi,28.47122,77.28596,2025-02-10,Web
C11013,West,Unknown,19.09586,72.87147,2025-03-20,App
C11014,West,Mumbai,19.16578,72.76992,2025-08-28,App
C11015,East,Bhubaneswar,22.61208,88.40396,2025-09-10,Web
C11016,East,Bhubaneswar,22.58856,88.37325,2024-05-15,App
C11017,South,Chennai,12.98889,77.56124,2024-04-17,Web
C11018,North,Delhi,28.55505,77.08907,2024-01-06,App
C11019,West,Mumbai,19.13784,72.84146,2024-09-14,App
C11020,East,Patna,22.68459,88.39782,2024-05-25,App
C11021,South,Chennai,13.01744,77.4992,2025-02-12,App
C11022,East,Bhubaneswar,22.62673,88.41941,2024-12-26,App
C11023,East,Patna,22.68473,88.37005,2024-01-15,App
C11024,South,Bengaluru,13.01008,77.5672,2024-03-30,App
C11025,North,Jaipur,28.70067,77.10903,2024-09-29,App
C11026,North,Jaipur,28.70222,77.26873,2024-04-11,App
C11027,East,Patna,22.66633,88.22607,2024-11-04,App
C11028,East,Patna,22.48159,88.39356,2025-02-08,Web
C11029,West,Pune,18.96728,72.7959,2025-04-12,Web
C11030,East,Bhubaneswar,22.50448,88.49945,2025-05-27,App
C11031,North,Jaipur,28.66298,77.2063,2024-10-24,App
C11032,South,Chennai,12.93504,77.58751,2024-10-07,App
C11033,South,Chennai,13.0674,77.67508,2024-07-31,App
C11034,West,Mumbai,19.0937,72.93259,2024-01-23,App
C11035,East,Patna,22.59538,88.39125,2025-09-13,Web
C11036,South,Chennai,12.93231,77.71305,2024-05-05,App
C11037,West,Ahmedabad,19.12228,72.99246,2025-06-13,App
C11038,West,Ahmedabad,19.14811,72.71829,2024-04-06,App
C11039,West,Mumbai,19.03532,72.81991,2024-11-17,App
C11040,North,Chandigarh,28.57405,77.32289,2024-06-11,App
C11041,North,Delhi,28.57494,77.27955,2024-08-08,Web
C11042,South,Bengaluru,12.92808,77.61197,2025-03-07,App
C11043,East,Bhubaneswar,22.54342,88.28945,2024-07-02,App
C11044,West,Ahmedabad,19.04041,72.90659,2024-02-06,App
C11045,East,Kolkata,22.53262,88.31421,2025-07-28,App
C11046,South,Hyderabad,12.97796,77.57056,2024-03-27,App
C11047,North,Chandigarh,28.78561,77.16711,2024-03-16,Web
C11048,North,Jaipur,28.65839,77.21847,2024-10-20,App
C11049,West,Mumbai,19.03412,72.92785,2025-03-12,App
C11050,North,Chandigarh,28.61207,77.16988,2024-12-26,App
C11051,North,Chandigarh,28.63363,77.25315,2024-08-18,App
C11052,South,Chennai,12.91517,77.57652,2024-10-14,App
C11053,South,Bengaluru,12.94196,77.55817,2024-08-16,App
C11054,East,Bhubaneswar,22.65642,88.29768,2024-01-05,App
C11055,West,Pune,19.02685,72.85198,2025-05-26,Web
C11056,North,Chandigarh,28.64747,77.08058,2024-02-21,App
C11057,East,Bhubaneswar,22.54306,88.27898,2025-03-25,App
C11058,North,Delhi,28.69756,77.20678,2024-08-13,App
C11059,West,Pune,19.04615,72.83538,2024-12-04,App
C11060,South,Hyderabad,12.95645,77.5655,2025-02-09,App
C11061,South,Chennai,12.96796,77.61911,2025-09-08,Web
C11062,South,Hyderabad,12.93574,77.57046,2025-07-27,App
C11063,West,Ahmedabad,19.16318,72.7451,2025-05-14,App
C11064,East,Bhubaneswar,22.54658,88.28795,2025-05-13,App
C11065,West,Pune,18.94503,72.85302,2025-08-15,App
C11066,West,Mumbai,19.13709,72.77317,2025-06-27,App
C11067,North,Delhi,28.58909,77.26974,2024-07-07,App
C11068,East,Patna,22.6127,88.49847,2024-08-09,Web
C11069,West,Mumbai,18.88274,72.74887,2024-05-26,App
C11070,East,Kolkata,22.52294,88.31786,2024-06-07,App
C11071,North,Delhi,28.52048,77.33427,2025-08-12,App
C11072,North,Jaipur,28.67813,77.20628,2024-02-20,Web
C11073,South,Chennai,12.85161,77.52794,2024-09-07,App
C11074,South,Hyderabad,12.99818,77.47816,2025-02-15,App
C11075,South,Bengaluru,12.91276,77.43424,2024-02-19,App
C11076,South,Bengaluru,13.06435,77.52138,2025-06-08,App
C11077,South,Hyderabad,13.0477,77.56958,2024-02-04,App
C11078,West,Pune,18.98844,72.76816,2024-09-24,App
C11079,West,Mumbai,19.0593,72.77114,2024-07-15,App
C11080,South,Hyderabad,12.92348,77.55587,2025-09-20,App
C11081,North,Chandigarh,28.58976,77.21483,2025-03-25,App
C11082,West,Mumbai,19.09429,72.89957,2024-09-13,App
C11083,South,Bengaluru,12.93572,77.53669,2025-07-31,App
C11084,East,Bhubaneswar,22.68061,88.43383,2024-10-02,Web
C11085,North,Delhi,28.52376,77.1926,2025-06-13,Web
C11086,East,Kolkata,22.58411,88.39021,2024-01-20,App
C11087,South,Chennai,13.00685,77.61071,2025-02-22,App
C11088,North,Delhi,28.55457,77.18428,2025-01-14,App
C11089,South,Hyderabad,12.86279,77.51398,2025-02-21,App
C11090,West,Ahmedabad,19.1314,72.99488,2025-05-12,App
C11091,North,Jaipur,28.61564,77.25149,2025-09-02,App
C11092,East,Bhubaneswar,22.57081,88.3488,2024-04-05,App
C11093,East,Bhubaneswar,22.54135,88.39565,2024-05-29,App
C11094,South,Hyderabad,12.93822,77.64458,2025-01-23,App
C11095,South,Hyderabad,13.09494,77.58691,2024-05-31,App
C11096,South,Chennai,13.04103,77.51527,2024-08-02,App
C11097,West,Ahmedabad,19.04229,72.85626,2024-12-20,App
C11098,West,Pune,19.22255,72.88714,2025-10-06,Web
C11099,West,Pune,19.14588,72.84973,2025-06-13,App
C11100,North,Chandigarh,28.67284,77.25599,2025-01-22,App
C11101,South,Hyderabad,12.96654,77.5751,2024-07-11,App
C11102,West,Ahmedabad,19.06165,72.97307,2025-07-16,App
C11103,East,Patna,22.6943,88.34258,2025-04-18,Web
C11104,South,Hyderabad,12.99237,77.536,2025-06-15,App
C11105,South,Bengaluru,12.9228,77.60653,2024-09-15,App
C11106,East,Kolkata,22.59193,88.44446,2025-09-28,App
C11107,East,Patna,22.57494,88.33487,2025-05-10,App
C11108,West,Ahmedabad,19.20756,73.07229,2025-01-26,App
C11109,South,Bengaluru,12.96022,77.68573,2025-03-18,App
C11110,South,Bengaluru,12.78326,77.65411,2025-05-08,App
C11111,North,Delhi,28.53336,77.23861,2024-10-28,App
C11112,West,Mumbai,19.05683,72.90197,2024-07-11,Web
C11113,North,Jaipur,28.62941,77.17751,2025-08-14,App
C11114,South,Chennai,13.02796,77.57256,2025-08-26,App
C11115,North,Jaipur,28.68363,77.28547,2025-09-06,App
C11116,West,Pune,19.15053,72.95118,2024-05-07,App
C11117,South,Hyderabad,13.02218,77.50583,2024-03-16,App
C11118,West,Mumbai,19.17219,72.82012,2025-09-21,App
C11119,South,Bengaluru,13.00101,77.44383,2024-01-25,App
C11120,South,Bengaluru,13.06399,77.58594,2025-02-20,App
C11121,East,Kolkata,22.56835,88.36396,2025-06-15,App
C11122,South,Bengaluru,12.90306,77.58319,2024-03-05,App
C11123,North,Jaipur,28.5723,77.37487,2024-05-30,App
C11124,South,Chennai,12.93641,77.56801,2024-08-31,App
C11125,East,Bhubaneswar,22.63329,88.45574,2025-03-02,App
C11126,South,Hyderabad,13.01804,77.62024,2024-07-18,App
C11127,North,Jaipur,28.67278,77.26247,2024-12-01,App
C11128,West,Mumbai,19.10956,72.85835,2025-02-22,App
C11129,North,Delhi,28.53555,77.14837,2025-08-23,App
C11130,North,Delhi,28.6146,77.28952,2024-06-14,App
C11131,North,Jaipur,28.5799,77.22062,2025-05-16,App
C11132,North,Jaipur,28.59866,77.20433,2024-07-24,App
C11133,North,Chandigarh,28.53237,77.1415,2024-03-20,App
C11134,North,Chandigarh,28.56256,77.16914,2025-02-01,App
C11135,South,Bengaluru,12.92813,77.58945,2025-09-21,App
C11136,West,Ahmedabad,19.19276,72.89434,2025-09-14,App
C11137,East,Patna,22.38565,88.34147,2024-05-30,App
C11138,North,Jaipur,28.47323,77.15509,2025-09-02,Web
C11139,South,Bengaluru,12.9579,77.54421,2024-07-21,App
C11140,North,Unknown,28.5264,77.32742,2024-11-28,App
C11141,West,Ahmedabad,19.13895,72.89391,2025-07-25,App
C11142,North,Delhi,28.63938,77.25573,2024-11-04,App
C11143,South,Chennai,12.91643,77.73721,2025-08-07,Web
C11144,South,Chennai,13.0204,77.61505,2024-04-10,App
C11145,North,Chandigarh,28.5766,77.23645,2024-09-01,App
C11146,North,Jaipur,28.64929,77.19177,2025-07-21,App
C11147,North,Delhi,28.65909,77.14645,2024-01-26,App
C11148,West,Ahmedabad,19.05059,72.80681,2024-01-16,App
C11149,South,Hyderabad,13.07625,77.60523,2025-10-08,App
C11150,South,Hyderabad,12.96318,77.56243,2025-02-13,App
C11151,South,Bengaluru,12.90572,77.5302,2025-04-01,App
C11152,East,Kolkata,22.5532,88.22972,2024-01-17,App
C11153,East,Bhubaneswar,22.54644,88.38725,2025-01-05,App
C11154,East,Bhubaneswar,22.51425,88.47262,2024-06-20,App
C11155,East,Kolkata,22.52931,88.38358,2025-07-01,Web
C11156,South,Hyderabad,12.94533,77.66189,2024-03-16,Web
C11157,South,Chennai,12.90286,77.51516,2024-06-28,App
C11158,South,Bengaluru,13.0097,77.60255,2024-11-04,App
C11159,North,Jaipur,28.64294,77.14215,2025-07-01,Web
C11160,South,Hyderabad,12.84747,77.60287,2025-07-20,App
C11161,West,Pune,19.05099,72.87991,2024-12-02,App
C11162,West,Mumbai,19.02229,72.97508,2024-11-07,App
C11163,East,Patna,22.683,88.37459,2025-08-31,App
C11164,East,Bhubaneswar,22.56737,88.39711,2024-03-08,App
C11165,North,Chandigarh,28.57327,77.20158,2025-02-17,App
C11166,East,Bhubaneswar,22.6395,88.30085,2024-02-19,App
C11167,West,Pune,19.09045,72.88953,2025-03-25,App
C11168,South,Bengaluru,12.97315,77.50546,2025-01-13,Web
C11169,South,Chennai,13.00249,77.53539,2024-03-17,App
C11170,West,Mumbai,19.12673,72.82835,2024-05-20,App
C11171,South,Bengaluru,13.13604,77.58317,2025-06-06,App
C11172,South,Hyderabad,12.98223,77.64144,2025-04-02,App
C11173,East,Patna,22.48317,88.38359,2024-07-13,App
C11174,South,Hyderabad,12.9639,77.58015,2025-01-18,App
C11175,East,Kolkata,22.50695,88.26122,2024-09-17,App
C11176,East,Kolkata,22.45493,88.30573,2025-05-06,App
C11177,West,Ahmedabad,19.00819,72.90086,2024-06-11,App
C11178,South,Bengaluru,12.98928,77.61842,2025-06-07,App
C11179,West,Ahmedabad,19.02852,72.95878,2025-02-09,App
C11180,South,Chennai,13.02347,77.71537,2025-02-12,App
C11181,South,Bengaluru,12.87481,77.6898,2024-04-25,App
C11182,West,Ahmedabad,19.16866,72.74047,2025-10-08,App
C11183,South,Chennai,13.14339,77.59909,2024-11-10,App
C11184,North,Delhi,28.61495,77.1511,2024-04-06,App
C11185,East,Kolkata,22.54314,88.38169,2025-05-29,App
C11186,North,Jaipur,28.62899,77.1967,2024-07-26,App
C11187,North,Chandigarh,28.52132,77.22525,2025-06-02,App
C11188,East,Kolkata,22.55745,88.26092,2024-07-09,App
C11189,West,Ahmedabad,19.12343,72.85574,2024-09-18,App
C11190,South,Chennai,12.92468,77.47839,2024-12-14,App
C11191,North,Chandigarh,28.49343,77.20726,2024-09-24,App
C11192,South,Bengaluru,12.94518,77.6191,2024-05-09,App
C11193,East,Patna,22.64927,88.33754,2024-01-20,App
C11194,East,Patna,22.68382,88.31656,2024-07-25,App
C11195,West,Pune,19.15695,72.97831,2025-06-18,App
C11196,West,Mumbai,19.16176,72.74871,2024-09-23,App
C11197,North,Jaipur,28.66363,77.2597,2024-11-18,Web
C11198,East,Patna,22.49315,88.42145,2025-03-19,App
C11199,South,Chennai,12.99007,77.58907,2024-04-05,Web
C11200,West,Pune,18.91915,72.91227,2024-04-24,App
C11201,North,Delhi,28.53408,77.31789,2024-05-19,App
C11202,West,Pune,19.14933,72.84408,2025-04-29,App
C11203,North,Chandigarh,28.48779,77.19893,2024-06-25,App
C11204,West,Pune,19.05192,72.9247,2024-05-14,App
C11205,East,Bhubaneswar,22.47887,88.36597,2024-04-24,App
C11206,North,Chandigarh,28.61994,77.28212,2024-03-22,App
C11207,East,Patna,22.57631,88.32838,2025-07-03,App
C11208,West,Ahmedabad,19.15156,72.9078,2025-07-07,Web
C11209,West,Ahmedabad,19.20278,72.86742,2024-12-26,App
C11210,West,Pune,19.09703,72.93131,2025-02-03,App
C11211,South,Chennai,12.9594,77.72806,2024-11-16,Web
C11212,South,Bengaluru,13.03528,77.67657,2024-06-30,App
C11213,West,Pune,19.18718,72.85741,2024-09-21,App
C11214,North,Delhi,28.70621,77.21907,2024-11-25,App
C11215,West,Ahmedabad,19.02329,72.90629,2025-08-19,App
C11216,West,Ahmedabad,19.12138,72.9325,2024-02-16,App
C11217,West,Mumbai,19.09653,72.97575,2025-01-03,App
C11218,West,Ahmedabad,19.17028,72.84343,2025-09-15,App
C11219,West,Pune,18.94765,72.949,2024-03-05,App
C11220,South,Hyderabad,12.93751,77.46203,2024-07-08,App
C11221,South,Bengaluru,13.00167,77.53808,2024-09-10,App
C11222,South,Hyderabad,12.93482,77.64867,2025-01-09,App
C11223,North,Delhi,28.62926,77.20109,2024-12-17,App
C11224,West,Ahmedabad,19.04449,72.82525,2024-12-15,App
C11225,West,Pune,19.13903,72.89098,2024-06-09,App
C11226,East,Bhubaneswar,22.44962,88.29936,2025-04-10,App
C11227,North,Delhi,28.64664,77.25524,2025-02-20,App
C11228,North,Jaipur,28.61217,77.16714,2025-09-12,Web
C11229,East,Patna,22.66421,88.34832,2025-01-15,App
C11230,North,Delhi,28.593,77.23093,2025-02-16,App
C11231,West,Mumbai,19.07128,72.79853,2025-07-06,App
C11232,North,Delhi,28.65103,77.20121,2024-04-19,App
C11233,West,Mumbai,19.09602,72.97216,2024-05-01,App
C11234,East,Kolkata,22.53628,88.3828,2024-04-02,App
C11235,East,Patna,22.54939,88.27028,2025-02-22,App
C11236,West,Ahmedabad,19.21038,72.91652,2024-10-11,Web
C11237,North,Jaipur,28.66495,77.31131,2024-07-23,App
C11238,East,Patna,22.55693,88.32862,2025-06-20,App
C11239,West,Ahmedabad,19.08461,72.90156,2025-03-07,App
C11240,West,Ahmedabad,18.9457,72.73678,2024-04-17,Web
C11241,West,Mumbai,19.17259,72.89648,2025-06-29,Web
C11242,West,Pune,19.14155,72.86546,2025-02-27,App
C11243,North,Delhi,28.64902,77.23781,2025-07-14,App
C11244,West,Pune,19.04406,72.8513,2024-12-09,App
C11245,West,Ahmedabad,19.10029,72.8429,2025-08-24,App
C11246,East,Kolkata,22.67851,88.30935,2025-03-03,App
C11247,South,Bengaluru,12.98862,77.65548,2024-05-27,Web
C11248,North,Chandigarh,28.68136,77.17627,2025-09-09,App
C11249,South,Bengaluru,12.97324,77.56034,2025-05-25,App
C11250,North,Jaipur,28.57621,77.25453,2024-12-07,App
C11251,West,Pune,19.00129,72.91838,2025-09-16,App
C11252,West,Pune,18.94303,72.89265,2025-07-07,App
C11253,West,Mumbai,19.05277,72.87848,2025-02-06,App
C11254,East,Kolkata,22.58032,88.45087,2025-03-09,Web
C11255,South,Hyderabad,13.02139,77.56426,2025-08-21,App
C11256,West,Pune,19.04433,72.76932,2024-11-29,App
C11257,West,Ahmedabad,19.07524,72.92429,2024-12-23,App
C11258,West,Pune,19.12569,73.04857,2024-01-09,App
C11259,South,Hyderabad,12.95559,77.57478,2024-04-05,App
C11260,North,Chandigarh,28.56563,77.14555,2024-04-15,App
C11261,South,Hyderabad,13.03134,77.52403,2025-03-25,App
C11262,South,Chennai,13.04738,77.58748,2024-11-06,App
C11263,East,Patna,22.53817,88.36942,2024-03-24,App
C11264,North,Delhi,28.52874,77.23518,2025-07-25,App
C11265,South,Chennai,12.978,77.52954,2024-08-16,App
C11266,North,Jaipur,28.56208,77.10738,2024-04-10,App
C11267,East,Bhubaneswar,22.6651,88.29314,2024-11-19,App
C11268,South,Chennai,13.03306,77.50248,2024-05-26,App
C11269,South,Bengaluru,13.00865,77.52815,2024-10-28,App
C11270,West,Ahmedabad,19.09359,72.84666,2024-10-27,App
C11271,North,Jaipur,28.68725,77.26986,2024-06-22,App
C11272,West,Mumbai,19.11396,72.87731,2025-03-22,App
C11273,South,Bengaluru,12.91492,77.46768,2025-05-20,App
C11274,North,Chandigarh,28.56764,77.06841,2024-10-27,App
C11275,West,Ahmedabad,18.99243,72.95252,2024-09-01,Web
C11276,North,Chandigarh,28.5717,77.21263,2025-09-03,App
C11277,North,Chandigarh,28.55703,77.2906,2024-03-27,App
C11278,West,Mumbai,19.05972,72.88237,2024-05-13,App
C11279,North,Jaipur,28.64688,77.26827,2024-05-20,App
C11280,East,Unknown,22.56355,88.32571,2024-03-02,Web
C11281,West,Ahmedabad,19.11826,72.89048,2024-05-26,App
C11282,East,Kolkata,22.65213,88.46851,2024-05-09,App
C11283,West,Mumbai,19.16059,72.8856,2025-04-07,App
C11284,East,Kolkata,22.6354,88.32879,2025-03-07,App
C11285,North,Delhi,28.64321,77.10158,2025-06-10,App
C11286,North,Jaipur,28.67209,77.16859,2025-03-21,App
C11287,North,Chandigarh,28.6899,77.23229,2025-10-02,App
C11288,East,Bhubaneswar,22.54952,88.40838,2025-02-26,Web
C11289,North,Chandigarh,28.66432,77.1408,2024-12-31,App
C11290,South,Bengaluru,12.97789,77.595,2025-09-09,App
C11291,East,Patna,22.54658,88.36813,2024-11-10,App
C11292,East,Bhubaneswar,22.58679,88.35326,2025-01-22,App
C11293,North,Jaipur,28.70875,77.17516,2024-11-14,App
C11294,West,Ahmedabad,19.13415,72.88464,2025-02-17,App
C11295,South,Bengaluru,12.9984,77.53243,2024-10-19,App
C11296,North,Delhi,28.59873,77.21845,2025-08-21,App
C11297,East,Patna,22.6528,88.33736,2024-11-09,App
C11298,South,Bengaluru,13.00867,77.45589,2024-10-25,App
C11299,South,Chennai,12.96895,77.65177,2024-02-29,App
C11300,West,Mumbai,19.0857,72.8431,2024-06-09,App
C11301,West,Pune,19.20991,72.89332,2024-11-18,Web
C11302,East,Patna,22.45443,88.48756,2024-06-29,App
C11303,West,Mumbai,19.04984,72.90542,2024-02-01,Web
C11304,South,Bengaluru,12.9385,77.58304,2025-03-06,App
C11305,South,Hyderabad,12.99947,77.6155,2024-10-01,App
C11306,West,Ahmedabad,19.19205,72.74838,2024-11-23,App
C11307,South,Hyderabad,12.91123,77.54331,2024-08-15,Web
C11308,South,Chennai,13.01701,77.61243,2024-03-14,App
C11309,North,Delhi,28.71655,77.18328,2025-05-20,App
C11310,South,Chennai,13.12529,77.61481,2025-05-02,Web
C11311,West,Pune,18.99392,72.87051,2024-01-01,App
C11312,West,Ahmedabad,18.99849,72.94752,2025-06-14,Web
C11313,West,Ahmedabad,19.07285,72.81718,2025-07-27,Web
C11314,West,Mumbai,19.06032,72.84917,2024-02-05,Web
C11315,South,Hyderabad,12.9282,77.68672,2025-06-29,App
C11316,West,Mumbai,19.03744,72.88129,2025-05-24,App
C11317,North,Chandigarh,28.53181,77.26226,2024-04-10,Web
C11318,West,Ahmedabad,19.04041,72.88951,2024-10-20,App
C11319,West,Mumbai,19.07648,72.89596,2024-11-25,Web
C11320,West,Ahmedabad,19.10675,72.85241,2024-11-08,App
C11321,North,Delhi,28.57555,77.24448,2024-04-12,Web
C11322,South,Bengaluru,12.87684,77.49562,2024-01-30,App
C11323,East,Bhubaneswar,22.51209,88.4094,2025-05-20,App
C11324,South,Chennai,12.91428,77.59395,2025-05-31,Web
C11325,South,Hyderabad,13.02432,77.60996,2025-06-14,App
C11326,North,Jaipur,28.62559,77.11116,2025-05-28,App
C11327,South,Chennai,12.94731,77.44576,2024-01-25,App
C11328,South,Hyderabad,12.86866,77.60849,2024-06-03,App
C11329,West,Mumbai,19.05045,73.03591,2025-06-19,App
C11330,North,Delhi,28.56532,77.30969,2024-09-24,Web
C11331,West,Ahmedabad,19.0393,72.76825,2025-05-10,App
C11332,East,Patna,22.64923,88.28427,2024-08-29,App
C11333,South,Bengaluru,12.99581,77.57848,2025-01-11,App
C11334,West,Pune,19.09065,72.85066,2025-06-24,App
C11335,North,Jaipur,28.69083,77.23836,2024-02-25,App
C11336,East,Kolkata,22.50794,88.33082,2024-06-24,Web
C11337,East,Kolkata,22.69915,88.36948,2024-12-23,App
C11338,West,Ahmedabad,19.08179,72.86564,2024-06-24,App
C11339,South,Bengaluru,13.03932,77.58935,2024-04-22,App
C11340,East,Kolkata,22.57078,88.28371,2025-09-15,App
C11341,North,Chandigarh,28.77207,77.2132,2024-04-19,App
C11342,South,Bengaluru,13.01457,77.54574,2024-07-27,App
C11343,West,Mumbai,19.00136,72.8024,2024-09-04,App
C11344,North,Jaipur,28.70258,77.21635,2024-11-26,App
C11345,East,Patna,22.5185,88.35495,2025-08-06,Web
C11346,East,Kolkata,22.63449,88.32569,2025-06-21,Web
C11347,North,Chandigarh,28.56399,77.22118,2025-09-28,Web
C11348,East,Kolkata,22.57306,88.28418,2024-03-01,App
C11349,West,Ahmedabad,19.03353,72.96345,2025-10-07,Web
C11350,East,Kolkata,22.49767,88.42221,2024-12-12,App
C11351,North,Chandigarh,28.66132,77.18364,2025-03-21,Web
C11352,East,Bhubaneswar,22.66481,88.37003,2024-12-23,App
C11353,West,Ahmedabad,19.06046,72.83541,2025-06-29,App
C11354,South,Hyderabad,12.98196,77.53678,2024-09-30,Web
C11355,South,Chennai,12.95504,77.64534,2025-02-11,App
C11356,North,Delhi,28.54894,77.19418,2024-06-02,App
C11357,North,Chandigarh,28.64906,77.24537,2025-01-25,App
C11358,North,Delhi,28.64966,77.24449,2024-08-18,App
C11359,East,Bhubaneswar,22.57174,88.36449,2025-07-11,App
C11360,East,Bhubaneswar,22.53575,88.29569,2024-09-23,App
C11361,West,Mumbai,19.05456,72.80208,2024-11-11,App
C11362,South,Bengaluru,13.02906,77.61294,2025-01-17,App
C11363,East,Patna,22.56756,88.53625,2024-12-13,App
C11364,North,Jaipur,28.65111,77.22157,2024-10-15,Web
C11365,North,Delhi,28.63333,77.21087,2024-05-04,Web
C11366,South,Chennai,12.95214,77.65036,2024-04-06,App
C11367,West,Mumbai,19.07507,72.98897,2025-07-05,App
C11368,North,Jaipur,28.54213,77.24478,2025-07-11,App
C11369,North,Chandigarh,28.65435,77.19578,2025-08-02,App
C11370,West,Ahmedabad,19.15168,72.81061,2025-05-27,App
C11371,North,Jaipur,28.58668,77.27546,2025-09-08,App
C11372,West,Mumbai,19.07745,72.90169,2024-06-07,App
C11373,West,Pune,19.11368,72.77935,2024-07-11,App
C11374,North,Delhi,28.60295,77.26999,2024-01-23,Web
C11375,North,Jaipur,28.64148,77.24433,2025-07-30,App
C11376,South,Bengaluru,13.06368,77.44637,2024-05-02,App
C11377,North,Delhi,28.55136,77.25164,2025-02-13,App
C11378,South,Hyderabad,13.01809,77.55804,2024-12-27,App
C11379,East,Kolkata,22.4988,88.43721,2024-09-01,App
C11380,North,Chandigarh,28.70832,77.13853,2024-09-28,App
C11381,West,Mumbai,18.99844,72.86541,2025-07-09,App
C11382,North,Chandigarh,28.68159,77.27477,2025-09-02,App
C11383,South,Hyderabad,12.94937,77.66599,2024-09-24,Web
C11384,North,Delhi,28.55776,77.21745,2024-04-18,App
C11385,East,Bhubaneswar,22.56012,88.35836,2024-06-09,App
C11386,South,Chennai,13.03243,77.63537,2024-10-13,App
C11387,East,Bhubaneswar,22.56873,88.38397,2024-08-12,App
C11388,East,Kolkata,22.56038,88.36008,2025-08-09,App
C11389,West,Ahmedabad,19.10218,72.83061,2024-05-02,App
C11390,South,Bengaluru,12.97226,77.47058,2025-06-09,Web
C11391,West,Mumbai,18.95761,72.94307,2024-09-14,App
C11392,South,Hyderabad,12.86766,77.56476,2025-03-31,App
C11393,West,Pune,19.06648,72.92358,2025-05-31,App
C11394,North,Jaipur,28.44498,77.27186,2025-09-12,App
C11395,West,Mumbai,19.09912,72.97313,2025-03-22,App
C11396,North,Delhi,28.65194,77.17965,2024-08-12,App
C11397,West,Pune,19.0817,72.96064,2024-09-30,App
C11398,West,Pune,19.06583,72.88184,2024-08-16,App
C11399,North,Jaipur,28.61878,77.18014,2025-06-22,App
C11400,North,Delhi,28.72321,77.17599,2025-08-06,App
C11401,East,Kolkata,22.52052,88.26434,2024-06-30,App
C11402,East,Bhubaneswar,22.46867,88.44353,2025-05-26,Web
C11403,East,Kolkata,22.62912,88.35128,2025-03-29,App
C11404,East,Patna,22.57623,88.40729,2024-07-26,App
C11405,East,Bhubaneswar,22.65466,88.33588,2025-10-02,App
C11406,South,Hyderabad,13.00371,77.65267,2025-05-24,Web
C11407,North,Jaipur,28.63478,77.28195,2024-12-04,App
C11408,South,Hyderabad,12.91274,77.56634,2025-03-30,App
C11409,South,Chennai,12.93661,77.61074,2024-08-27,App
C11410,South,Hyderabad,12.8406,77.62636,2024-01-23,App
C11411,South,Bengaluru,12.99915,77.53556,2024-12-30,App
C11412,North,Jaipur,28.60992,77.2924,2024-07-08,App
C11413,North,Jaipur,28.54167,77.15896,2024-08-16,App
C11414,West,Pune,19.0364,72.86182,2025-04-08,App
C11415,South,Hyderabad,13.03358,77.45275,2024-07-07,App
C11416,West,Mumbai,19.18574,72.90155,2024-12-10,App
C11417,West,Pune,19.08332,72.74916,2025-06-11,App
C11418,West,Mumbai,19.10674,72.91999,2024-05-22,App
C11419,West,Mumbai,19.01823,72.82732,2024-02-09,App
C11420,North,Chandigarh,28.60408,77.29636,2024-08-22,App
C11421,North,Chandigarh,28.60503,77.22772,2024-12-22,App
C11422,West,Mumbai,18.97647,72.82505,2024-07-12,App
C11423,South,Bengaluru,12.89381,77.57,2024-04-05,Web
C11424,East,Kolkata,22.58666,88.35042,2024-05-12,App
C11425,South,Chennai,12.9259,77.67312,2024-02-17,App
C11426,North,Jaipur,28.63804,77.17259,2024-06-01,Web
C11427,South,Bengaluru,13.02908,77.65951,2024-09-29,App
C11428,West,Mumbai,19.21648,72.91523,2025-09-03,App
C11429,South,Bengaluru,12.95143,77.79206,2025-07-22,App
C11430,West,Mumbai,19.01588,72.82165,2024-04-08,App
C11431,South,Bengaluru,13.01436,77.57463,2025-09-25,App
C11432,East,Bhubaneswar,22.52871,88.44149,2025-08-26,App
C11433,West,Pune,18.95749,73.02515,2024-04-01,App
C11434,East,Patna,22.53748,88.41233,2025-07-08,App
C11435,West,Ahmedabad,19.04456,72.94253,2024-01-19,App
C11436,North,Chandigarh,28.70274,77.23736,2025-02-09,App
C11437,East,Kolkata,22.53515,88.39328,2025-03-27,App
C11438,West,Pune,19.11361,72.71249,2025-03-22,App
C11439,South,Chennai,12.94295,77.78635,2024-07-30,App
C11440,East,Patna,22.67417,88.37919,2024-02-17,App
C11441,North,Jaipur,28.73679,77.12532,2025-06-20,App
C11442,North,Chandigarh,28.64953,77.18954,2025-06-09,App
C11443,North,Chandigarh,28.62828,77.07866,2025-03-29,Web
C11444,South,Bengaluru,12.9225,77.61814,2024-11-07,App
C11445,South,Chennai,12.95007,77.51034,2025-04-26,App
C11446,West,Pune,19.11875,72.83428,2025-03-14,App
C11447,West,Mumbai,19.0319,72.81682,2024-04-27,Web
C11448,North,Jaipur,28.61074,77.18919,2025-09-08,App
C11449,North,Jaipur,28.62099,77.20085,2024-04-16,App
C11450,South,Bengaluru,13.07526,77.52659,2025-07-17,App
C11451,North,Jaipur,28.5815,77.2145,2025-10-01,App
C11452,West,Ahmedabad,19.01639,72.90734,2025-09-12,App
C11453,North,Chandigarh,28.53698,77.21876,2024-02-08,App
C11454,West,Pune,19.02363,73.0297,2024-05-02,App
C11455,North,Delhi,28.58562,77.17227,2024-11-28,App
C11456,North,Jaipur,28.60556,77.2142,2024-06-18,App
C11457,South,Bengaluru,12.93745,77.59287,2025-04-17,App
C11458,West,Ahmedabad,19.04749,72.91331,2025-07-03,Web
C11459,West,Mumbai,18.98872,72.80809,2025-04-23,App
C11460,South,Hyderabad,12.96557,77.5392,2025-01-25,App
C11461,South,Bengaluru,12.99168,77.58879,2025-01-20,App
C11462,South,Chennai,12.98915,77.60299,2024-09-10,App
C11463,West,Ahmedabad,19.08622,72.90436,2024-04-03,App
C11464,South,Hyderabad,13.05811,77.62057,2024-09-19,App
C11465,West,Ahmedabad,19.17721,72.86302,2025-09-26,Web
C11466,East,Kolkata,22.62582,88.30315,2025-08-28,App
C11467,East,Patna,22.58342,88.35783,2025-03-30,App
C11468,West,Pune,19.03852,72.799,2025-07-10,App
C11469,East,Kolkata,22.59412,88.37528,2025-07-05,App
C11470,North,Chandigarh,28.63693,77.18915,2025-07-04,App
C11471,North,Jaipur,28.6557,77.18658,2025-01-22,App
C11472,South,Hyderabad,13.01076,77.50179,2024-02-29,App
C11473,North,Delhi,28.51019,77.24445,2024-08-23,App
C11474,North,Chandigarh,28.53231,77.18086,2025-05-30,Web
C11475,East,Patna,22.62517,88.34865,2025-08-30,App
C11476,North,Chandigarh,28.70816,77.32333,2024-05-10,App
C11477,West,Ahmedabad,19.03039,72.92934,2024-08-26,App
C11478,West,Mumbai,19.09303,72.88191,2024-10-17,Web
C11479,North,Jaipur,28.52146,77.226,2024-03-22,App
C11480,North,Chandigarh,28.56495,77.18955,2024-10-09,App
C11481,West,Pune,19.13774,72.93164,2025-08-12,App
C11482,West,Mumbai,19.0939,72.87564,2025-02-11,Web
C11483,West,Pune,19.13335,72.77304,2024-12-17,App
C11484,East,Patna,22.49897,88.34483,2025-05-25,Web
C11485,West,Pune,19.09628,72.98498,2024-09-05,Web
C11486,North,Jaipur,28.60148,77.11226,2025-10-08,Web
C11487,South,Bengaluru,13.05068,77.48259,2024-09-10,App
C11488,West,Ahmedabad,19.06119,72.87712,2025-06-22,Web
C11489,North,Jaipur,28.64082,77.2125,2024-06-24,App
C11490,West,Mumbai,19.04387,72.87301,2024-05-28,App
C11491,North,Delhi,28.70504,77.19187,2024-11-12,App
C11492,North,Jaipur,28.56865,77.26887,2025-05-02,App
C11493,North,Jaipur,28.70732,77.19541,2025-09-23,App
C11494,South,Bengaluru,12.98425,77.59838,2025-05-10,App
C11495,West,Mumbai,19.1318,72.81193,2024-03-31,App
C11496,North,Chandigarh,28.6556,77.19175,2024-07-31,App
C11497,West,Ahmedabad,19.12762,72.91085,2025-08-19,App
C11498,East,Bhubaneswar,22.61554,88.24139,2024-01-19,App
C11499,North,Chandigarh,28.73725,77.23707,2025-05-03,App
C11500,North,Delhi,28.59943,77.1862,2025-09-21,App
C11501,East,Bhubaneswar,22.50164,88.44892,2024-03-16,App
C11502,South,Hyderabad,12.96941,77.53877,2024-12-17,App
C11503,West,Ahmedabad,19.08441,72.94229,2025-03-15,App
C11504,East,Patna,22.63708,88.27757,2025-09-29,App
C11505,West,Pune,19.06867,72.92467,2025-09-15,Web
C11506,South,Hyderabad,12.9021,77.5683,2024-05-11,Web
C11507,North,Jaipur,28.49361,77.05675,2024-12-03,App
C11508,North,Delhi,28.59244,77.38236,2024-04-24,App
C11509,North,Delhi,28.45693,77.19207,2024-03-28,Web
C11510,North,Delhi,28.57237,77.17909,2025-09-08,App
C11511,North,Delhi,28.66963,77.23236,2025-03-25,App
C11512,North,Chandigarh,28.62557,77.14328,2024-07-02,App
C11513,East,Kolkata,22.54905,88.26498,2025-07-05,App
C11514,South,Bengaluru,12.99204,77.56285,2024-02-01,App
C11515,South,Hyderabad,12.86711,77.59934,2024-05-16,App
C11516,South,Hyderabad,12.98211,77.66228,2025-02-05,App
C11517,West,Mumbai,19.11141,72.88344,2024-03-01,Web
C11518,West,Ahmedabad,19.01074,72.92892,2025-03-30,Web
C11519,South,Bengaluru,13.0096,77.71661,2024-03-04,App
C11520,West,Ahmedabad,19.10754,72.85917,2024-11-26,App
C11521,West,Mumbai,19.07046,72.85482,2024-01-04,App
C11522,South,Bengaluru,12.93914,77.66055,2024-07-26,App
C11523,East,Patna,22.55059,88.27031,2024-03-06,Web
C11524,East,Bhubaneswar,22.56642,88.31902,2024-07-21,App
C11525,West,Ahmedabad,19.23787,72.89141,2025-04-19,App
C11526,East,Bhubaneswar,22.57636,88.29598,2025-02-22,App
C11527,North,Jaipur,28.57865,77.28027,2024-02-20,App
C11528,West,Ahmedabad,19.00228,72.83617,2024-10-18,App
C11529,South,Chennai,12.94785,77.42967,2024-05-16,App
C11530,East,Patna,22.51453,88.37751,2024-01-24,App
C11531,East,Patna,22.64967,88.43503,2025-04-02,App
C11532,West,Pune,19.03672,72.88569,2024-10-30,App
C11533,North,Delhi,28.6536,77.28498,2024-03-28,App
C11534,West,Ahmedabad,19.12584,72.82112,2025-04-07,Web
C11535,West,Pune,19.11964,72.76159,2024-12-03,App
C11536,East,Patna,22.59536,88.34573,2025-05-28,Web
C11537,West,Pune,18.96523,72.89951,2024-06-17,App
C11538,West,Mumbai,19.08535,72.74769,2024-04-04,App
C11539,West,Mumbai,19.03194,72.87336,2024-03-07,App
C11540,East,Kolkata,22.54269,88.3805,2024-09-10,App
C11541,North,Jaipur,28.7039,77.23262,2024-12-13,App
C11542,East,Bhubaneswar,22.56573,88.29383,2024-05-07,App
C11543,South,Hyderabad,12.84758,77.55961,2024-12-26,Web
C11544,South,Hyderabad,12.89954,77.61889,2024-02-15,App
C11545,South,Chennai,12.9888,77.50371,2024-01-30,App
C11546,East,Bhubaneswar,22.58886,88.20422,2024-12-27,App
C11547,East,Patna,22.67402,88.39905,2024-03-03,App
C11548,East,Bhubaneswar,22.53959,88.3119,2024-07-28,App
C11549,South,Chennai,12.99883,77.49127,2025-04-17,App
C11550,North,Jaipur,28.51242,77.07601,2024-12-18,App
C11551,North,Delhi,28.64616,77.16272,2025-01-28,App
C11552,South,Chennai,13.05222,77.58777,2024-12-30,App
C11553,West,Ahmedabad,19.04748,72.79001,2024-09-30,App
C11554,East,Kolkata,22.49491,88.39768,2025-07-12,App
C11555,East,Kolkata,22.49358,88.42803,2025-09-22,App
C11556,West,Ahmedabad,19.07976,72.90917,2025-05-22,App
C11557,West,Ahmedabad,19.05009,72.9299,2025-03-12,Web
C11558,West,Pune,19.06709,72.9915,2025-04-03,Web
C11559,West,Pune,19.18228,72.92468,2024-07-12,App
C11560,North,Chandigarh,28.61204,77.22974,2024-11-08,App
C11561,South,Chennai,13.03386,77.535,2025-04-07,App
C11562,North,Delhi,28.67494,77.14694,2025-09-07,App
C11563,South,Chennai,12.9596,77.62812,2025-04-21,App
C11564,West,Pune,19.12902,72.89521,2025-02-17,App
C11565,West,Pune,19.24904,72.84448,2025-01-13,App
C11566,West,Pune,19.15584,72.87295,2024-08-27,Web
C11567,South,Chennai,12.93083,77.584,2024-07-05,App
C11568,East,Bhubaneswar,22.58979,88.38288,2025-02-07,Web
C11569,North,Jaipur,28.66576,77.19725,2024-05-17,App
C11570,West,Mumbai,19.0977,72.86062,2024-04-30,App
C11571,East,Patna,22.51551,88.41472,2025-10-10,App
C11572,North,Jaipur,28.52637,77.18487,2024-11-29,App
C11573,West,Ahmedabad,19.07919,72.83801,2024-11-26,App
C11574,West,Pune,19.10974,72.92689,2024-07-10,App
C11575,North,Delhi,28.6693,77.32325,2024-01-09,App
C11576,North,Delhi,28.60138,77.29987,2024-03-07,Web
C11577,South,Hyderabad,12.97622,77.61268,2025-01-24,App
C11578,North,Delhi,28.7392,77.15695,2024-05-20,Web
C11579,North,Delhi,28.53654,77.27043,2025-02-21,App
C11580,East,Patna,22.49828,88.38721,2024-02-27,App
C11581,South,Hyderabad,12.96424,77.65619,2024-08-06,App
C11582,South,Chennai,13.05268,77.65465,2025-03-20,App
C11583,East,Bhubaneswar,22.55485,88.39582,2025-07-16,App
C11584,West,Pune,19.09488,72.78412,2025-05-05,App
C11585,East,Patna,22.52864,88.3072,2025-08-28,App
C11586,North,Chandigarh,28.51827,77.19258,2024-09-24,App
C11587,South,Bengaluru,12.96252,77.63095,2025-04-13,App
C11588,West,Mumbai,19.07324,72.8889,2025-10-07,Web
C11589,West,Ahmedabad,19.04716,72.7837,2024-09-21,App
C11590,North,Jaipur,28.62473,77.1214,2024-09-25,App
C11591,East,Bhubaneswar,22.63234,88.45339,2025-08-28,Web
C11592,South,Hyderabad,13.00582,77.59779,2024-02-14,App
C11593,South,Hyderabad,13.00642,77.62548,2025-01-16,App
C11594,West,Mumbai,19.06498,72.90691,2025-05-27,App
C11595,North,Jaipur,28.57137,77.20407,2024-07-17,Web
C11596,West,Pune,19.05758,72.91491,2024-06-06,App
C11597,North,Jaipur,28.64169,77.14875,2025-05-02,Web
C11598,West,Pune,19.03166,72.90761,2024-01-20,App
C11599,West,Pune,19.15413,72.97365,2025-05-20,App
C11600,North,Jaipur,28.54518,77.14698,2025-06-27,App
C11601,North,Jaipur,28.55947,77.14933,2024-08-22,App
C11602,East,Patna,22.5073,88.32376,2025-07-07,Web
C11603,South,Chennai,12.99602,77.5386,2025-08-03,App
C11604,North,Jaipur,28.63513,77.17818,2024-09-16,App
C11605,North,Delhi,28.61533,77.21333,2024-02-09,App
C11606,South,Bengaluru,12.82639,77.45555,2024-06-18,App
C11607,West,Mumbai,19.1026,72.89306,2024-10-19,App
C11608,West,Pune,18.95969,72.89817,2024-09-22,Web
C11609,North,Delhi,28.64028,77.34269,2024-12-17,App
C11610,West,Mumbai,19.06313,72.71362,2024-03-09,Web
C11611,South,Bengaluru,12.9459,77.64167,2024-12-22,App
C11612,East,Kolkata,22.47282,88.33297,2024-06-04,App
C11613,West,Mumbai,19.21504,72.89156,2025-04-23,App
C11614,North,Chandigarh,28.67835,77.1287,2024-09-26,App
C11615,South,Bengaluru,12.91992,77.64044,2025-06-28,App
C11616,South,Hyderabad,12.99585,77.55789,2025-01-02,App
C11617,North,Jaipur,28.54179,77.23781,2025-07-09,App
C11618,West,Pune,19.0991,72.8024,2024-10-16,App
C11619,North,Delhi,28.61785,77.24937,2024-02-19,Web
C11620,South,Bengaluru,12.8425,77.62713,2024-04-06,Web
C11621,West,Pune,19.03173,72.8977,2025-07-04,App
C11622,West,Pune,19.01247,72.98404,2024-04-20,Web
C11623,South,Chennai,12.87949,77.48883,2024-08-04,App
C11624,South,Bengaluru,12.91048,77.53861,2025-08-08,App
C11625,South,Chennai,13.01,77.57286,2025-07-22,App
C11626,North,Delhi,28.63582,77.19118,2025-09-13,Web
C11627,North,Chandigarh,28.64937,77.09469,2024-11-10,App
C11628,North,Chandigarh,28.6242,77.30671,2024-06-18,App
C11629,West,Ahmedabad,19.03514,72.74312,2024-12-30,Web
C11630,East,Kolkata,22.45963,88.29917,2024-01-17,Web
C11631,South,Bengaluru,13.04972,77.58088,2024-03-29,App
C11632,West,Mumbai,19.1451,72.89831,2024-06-23,Web
C11633,West,Mumbai,18.98606,72.79769,2024-07-08,App
C11634,South,Chennai,13.02776,77.65064,2025-09-16,App
C11635,East,Patna,22.59686,88.4358,2025-03-24,App
C11636,East,Kolkata,22.55998,88.23061,2024-05-02,App
C11637,South,Chennai,13.01854,77.60035,2024-03-30,App
C11638,North,Delhi,28.63462,77.2061,2024-06-13,App
C11639,North,Delhi,28.54496,77.23357,2024-11-12,Web
C11640,East,Bhubaneswar,22.5091,88.39833,2024-06-24,Web
C11641,North,Delhi,28.51447,77.2524,2025-03-24,App
C11642,East,Kolkata,22.68334,88.35545,2025-09-02,App
C11643,North,Delhi,28.67689,77.41886,2024-10-13,App
C11644,West,Mumbai,19.02139,72.84589,2024-08-26,App
C11645,West,Pune,19.01797,72.94688,2025-07-25,App
C11646,East,Bhubaneswar,22.63243,88.27105,2025-03-13,Web
C11647,East,Kolkata,22.6001,88.31247,2024-11-11,App
C11648,West,Mumbai,19.08812,72.93732,2024-07-12,Web
C11649,South,Chennai,12.95104,77.54999,2025-03-02,App
C11650,South,Hyderabad,12.85718,77.63754,2024-01-24,App
C11651,North,Delhi,28.54072,77.23518,2025-07-17,Web
C11652,South,Bengaluru,13.06056,77.58538,2025-06-26,App
C11653,North,Jaipur,28.51339,77.33144,2025-07-29,App
C11654,East,Patna,22.50448,88.254,2024-07-02,App
C11655,West,Ahmedabad,19.10466,72.90738,2024-06-26,App
C11656,East,Patna,22.75628,88.41728,2025-09-30,App
C11657,South,Hyderabad,12.91361,77.62333,2024-11-07,App
C11658,South,Hyderabad,12.9811,77.57029,2024-11-24,App
C11659,South,Chennai,12.99426,77.59596,2024-06-15,App
C11660,East,Bhubaneswar,22.63675,88.32252,2024-08-25,App
C11661,South,Chennai,12.99184,77.51892,2025-07-04,App
C11662,North,Delhi,28.64817,77.20468,2025-05-04,App
C11663,South,Bengaluru,12.86457,77.70072,2025-03-07,App
C11664,West,Ahmedabad,19.11579,72.82449,2025-06-20,App
C11665,East,Kolkata,22.48231,88.39096,2024-01-10,App
C11666,North,Delhi,28.68206,77.20298,2024-09-06,App
C11667,West,Pune,19.16068,72.87849,2025-09-08,App
C11668,West,Ahmedabad,19.11894,72.82474,2024-08-13,App
C11669,North,Jaipur,28.51006,77.26316,2025-06-06,App
C11670,South,Hyderabad,12.99638,77.50716,2025-02-24,App
C11671,North,Jaipur,28.64644,77.16969,2024-09-30,App
C11672,South,Bengaluru,13.07219,77.58914,2025-06-23,Web
C11673,West,Ahmedabad,19.14927,72.92405,2024-03-08,App
C11674,South,Hyderabad,12.95333,77.54957,2025-05-07,App
C11675,North,Delhi,28.55633,77.25502,2024-04-30,Web
C11676,North,Chandigarh,28.65685,77.24797,2025-04-25,App
C11677,South,Hyderabad,12.97603,77.53773,2024-04-27,Web
C11678,West,Ahmedabad,19.09441,72.80964,2024-09-15,App
C11679,North,Delhi,28.52063,77.19334,2024-12-16,App
C11680,South,Bengaluru,12.95234,77.57039,2025-05-06,App
C11681,East,Kolkata,22.50858,88.25557,2024-07-10,App
C11682,South,Bengaluru,12.9327,77.54958,2025-07-27,App
C11683,East,Kolkata,22.50159,88.46121,2024-06-04,App
C11684,South,Bengaluru,13.05126,77.66848,2024-07-09,App
C11685,West,Ahmedabad,19.18488,72.95056,2025-10-03,Web
C11686,West,Mumbai,19.01507,72.911,2024-12-18,App
C11687,South,Hyderabad,12.91721,77.63532,2024-09-15,App
C11688,North,Chandigarh,28.64098,77.22663,2025-05-09,App
C11689,West,Pune,18.96407,72.85015,2025-01-09,App
C11690,North,Chandigarh,28.53896,77.30416,2024-10-20,App
C11691,North,Jaipur,28.49631,77.20613,2025-02-04,App
C11692,South,Hyderabad,12.93771,77.56469,2025-07-09,App
C11693,North,Delhi,28.61066,77.15563,2024-10-11,App
C11694,North,Jaipur,28.54721,77.21939,2025-08-20,App
C11695,East,Bhubaneswar,22.57408,88.37462,2024-03-12,Web
C11696,North,Chandigarh,28.60358,77.24269,2025-04-17,App
C11697,West,Mumbai,19.14208,72.95632,2025-05-21,Web
C11698,West,Mumbai,19.14788,72.87967,2024-10-13,Web
C11699,West,Pune,19.12462,72.88693,2024-05-27,Web
C11700,West,Mumbai,19.0508,72.93033,2024-06-09,App
C11701,North,Jaipur,28.673,77.2359,2025-01-20,App
C11702,West,Mumbai,18.96604,72.80941,2025-01-07,Web
C11703,East,Kolkata,22.6639,88.43096,2025-04-12,Web
C11704,North,Jaipur,28.5048,77.22913,2024-01-21,App
C11705,South,Chennai,12.9912,77.61049,2025-06-16,App
C11706,North,Chandigarh,28.51841,77.22776,2024-06-15,App
C11707,South,Bengaluru,13.02877,77.62643,2024-07-23,App
C11708,North,Chandigarh,28.66393,77.15466,2025-03-09,Web
C11709,East,Kolkata,22.58035,88.19746,2024-02-04,Web
C11710,South,Chennai,12.86035,77.70052,2025-06-01,App
C11711,West,Mumbai,18.99685,72.93949,2024-08-17,App
C11712,South,Chennai,12.93689,77.46618,2024-05-04,App
C11713,East,Bhubaneswar,22.58101,88.39716,2024-07-02,App
C11714,North,Delhi,28.65951,77.22841,2024-01-29,App
C11715,West,Mumbai,19.00305,72.95585,2024-09-03,App
C11716,West,Mumbai,19.09688,72.78496,2024-08-30,Web
C11717,West,Ahmedabad,19.03544,72.79072,2025-09-29,App
C11718,North,Chandigarh,28.58304,77.25532,2025-02-09,Web
C11719,North,Delhi,28.59957,77.25335,2024-12-08,Web
C11720,North,Chandigarh,28.59861,77.2721,2024-05-19,App
C11721,South,Chennai,12.90747,77.62413,2025-08-07,App
C11722,North,Jaipur,28.58096,77.31633,2024-12-21,App
C11723,West,Mumbai,19.04962,72.93662,2024-02-14,App
C11724,South,Chennai,12.95176,77.57769,2025-02-06,App
C11725,South,Bengaluru,12.95166,77.55927,2025-03-23,App
C11726,North,Jaipur,28.65221,77.24057,2024-11-12,App
C11727,West,Ahmedabad,19.17312,72.81464,2024-03-25,App
C11728,West,Mumbai,19.04175,72.89017,2025-05-13,App
C11729,East,Kolkata,22.59277,88.35886,2025-04-30,App
C11730,West,Mumbai,19.07218,72.8965,2025-02-07,App
C11731,North,Chandigarh,28.61951,77.2407,2025-01-10,App
C11732,West,Pune,18.99517,72.88865,2025-01-05,App
C11733,West,Mumbai,19.04504,72.80887,2025-03-06,App
C11734,South,Chennai,12.94985,77.57368,2024-02-12,Web
C11735,West,Mumbai,19.11364,72.85327,2025-02-25,App
C11736,North,Jaipur,28.55044,77.15649,2024-10-28,Web
C11737,West,Mumbai,19.07441,72.88825,2024-10-28,App
C11738,South,Chennai,13.10574,77.51623,2025-09-01,App
C11739,North,Jaipur,28.60488,77.06841,2025-07-04,Web
C11740,East,Bhubaneswar,22.54789,88.3951,2025-05-03,App
C11741,West,Mumbai,19.13795,72.83701,2024-03-12,App
C11742,North,Chandigarh,28.70805,77.12609,2025-08-01,App
C11743,South,Chennai,12.97204,77.44048,2025-08-31,App
C11744,West,Pune,19.06098,72.96123,2025-05-25,App
C11745,North,Jaipur,28.73728,77.03734,2025-03-14,App
C11746,North,Delhi,28.60534,77.29015,2025-08-10,App
C11747,East,Patna,22.42858,88.41665,2025-05-29,App
C11748,South,Hyderabad,13.01522,77.64475,2024-01-04,App
C11749,West,Unknown,19.10066,72.85987,2025-05-19,App
C11750,North,Delhi,28.62812,77.12181,2025-07-22,App
C11751,North,Chandigarh,28.70728,77.15278,2025-04-08,App
C11752,East,Bhubaneswar,22.53901,88.36415,2024-01-24,App
C11753,North,Jaipur,28.6626,77.16995,2025-07-17,App
C11754,West,Pune,19.14613,72.86022,2025-04-07,App
C11755,South,Hyderabad,12.96241,77.56353,2025-08-24,Web
C11756,West,Ahmedabad,19.1244,72.81694,2024-02-12,App
C11757,South,Hyderabad,12.90446,77.5336,2024-07-07,Web
C11758,West,Pune,19.11764,72.8853,2024-07-17,App
C11759,North,Delhi,28.64721,77.21519,2024-11-27,App
C11760,North,Delhi,28.57845,77.20344,2025-09-11,Web
C11761,East,Patna,22.5497,88.40309,2024-12-07,App
C11762,West,Mumbai,19.2267,72.9004,2024-08-07,App
C11763,South,Chennai,12.98251,77.65057,2024-12-18,Web
C11764,North,Chandigarh,28.61036,77.20846,2024-04-22,App
C11765,South,Bengaluru,12.85741,77.57668,2025-09-27,Web
C11766,North,Delhi,28.64554,77.16571,2024-11-26,App
C11767,North,Chandigarh,28.66838,77.28951,2025-10-11,App
C11768,North,Chandigarh,28.62009,77.23659,2025-08-31,App
C11769,South,Chennai,12.95626,77.55593,2025-02-03,App
C11770,West,Ahmedabad,19.04263,72.85496,2025-07-16,App
C11771,North,Chandigarh,28.59785,77.16257,2025-01-04,App
C11772,North,Delhi,28.47733,77.21716,2025-04-09,Web
C11773,North,Chandigarh,28.65385,77.18002,2025-08-05,Web
C11774,South,Bengaluru,13.0981,77.64018,2024-07-29,App
C11775,West,Pune,19.05359,72.81636,2024-08-29,App
C11776,South,Bengaluru,12.83719,77.51476,2024-07-03,App
C11777,West,Pune,19.11244,72.86248,2024-03-16,App
C11778,South,Hyderabad,13.03317,77.59663,2025-09-24,App
C11779,South,Bengaluru,13.10151,77.61973,2024-07-22,App
C11780,South,Bengaluru,12.9046,77.59321,2025-08-15,App
C11781,South,Chennai,12.9883,77.5332,2024-09-21,App
C11782,North,Jaipur,28.5251,77.22925,2024-12-21,App
C11783,South,Hyderabad,12.93769,77.52835,2025-03-22,App
C11784,West,Ahmedabad,19.05736,72.81379,2024-12-17,App
C11785,North,Jaipur,28.61283,77.27191,2025-01-05,App
C11786,North,Jaipur,28.64634,77.12716,2024-11-18,App
C11787,South,Bengaluru,13.13022,77.51094,2025-01-16,App
C11788,South,Bengaluru,13.07454,77.63357,2024-05-04,App
C11789,South,Chennai,12.94592,77.50705,2024-06-07,App
C11790,North,Chandigarh,28.73185,77.25061,2024-02-06,App
C11791,West,Ahmedabad,19.01917,73.01132,2024-07-07,App
C11792,West,Pune,19.02684,72.82836,2025-08-07,App
C11793,South,Bengaluru,12.92975,77.49017,2025-04-19,App
C11794,South,Hyderabad,12.87512,77.5114,2024-09-17,App
C11795,East,Patna,22.55153,88.31164,2024-07-10,App
C11796,North,Chandigarh,28.59099,77.20042,2024-02-01,Web
C11797,South,Hyderabad,13.01685,77.52882,2024-11-29,App
C11798,South,Bengaluru,12.95105,77.64339,2024-06-29,App
C11799,South,Hyderabad,12.95018,77.5782,2025-03-30,Web
C11800,South,Bengaluru,13.03011,77.53886,2025-07-24,App
C11801,North,Chandigarh,28.53077,77.12751,2024-02-21,App
C11802,West,Pune,19.15251,72.93221,2025-06-07,App
C11803,East,Kolkata,22.584,88.33759,2025-09-20,App
C11804,South,Hyderabad,13.03304,77.52076,2024-01-24,Web
C11805,East,Kolkata,22.55834,88.4702,2025-10-11,App
C11806,North,Jaipur,28.64005,77.20839,2024-08-20,App
C11807,West,Ahmedabad,19.20232,72.93354,2024-12-01,App
C11808,East,Patna,22.5882,88.23089,2024-04-09,App
C11809,West,Ahmedabad,19.08977,72.8918,2024-04-14,Web
C11810,East,Kolkata,22.6438,88.33658,2025-07-21,App
C11811,North,Delhi,28.53798,77.15509,2025-01-09,App
C11812,South,Chennai,12.96249,77.55948,2024-04-26,Web
C11813,East,Bhubaneswar,22.58323,88.40037,2025-01-20,App
C11814,North,Chandigarh,28.59136,77.32639,2024-07-07,App
C11815,North,Jaipur,28.5918,77.12881,2024-01-13,Web
C11816,East,Kolkata,22.61425,88.37802,2024-07-10,App
C11817,North,Chandigarh,28.57909,77.25202,2025-09-24,App
C11818,West,Ahmedabad,19.12806,72.92749,2025-09-19,App
C11819,North,Delhi,28.50309,77.2516,2024-07-19,App
C11820,East,Kolkata,22.55869,88.48521,2024-07-27,App
C11821,East,Kolkata,22.55782,88.37537,2024-09-08,App
C11822,West,Pune,19.16759,72.95727,2025-03-21,App
C11823,East,Bhubaneswar,22.51564,88.51229,2024-12-17,Web
C11824,North,Chandigarh,28.56105,77.19436,2024-04-30,App
C11825,East,Patna,22.52808,88.31412,2025-06-01,Web
C11826,West,Mumbai,19.02981,72.92423,2025-09-09,App
C11827,North,Jaipur,28.60181,77.18833,2024-06-09,App
C11828,North,Chandigarh,28.64226,77.2971,2025-03-17,App
C11829,North,Chandigarh,28.6856,77.20176,2024-06-11,App
C11830,West,Mumbai,19.0294,72.82175,2024-10-05,App
C11831,North,Chandigarh,28.50049,77.17388,2025-03-29,App
C11832,East,Patna,22.42705,88.30169,2025-08-22,App
C11833,South,Chennai,12.97584,77.64859,2025-05-26,App
C11834,North,Chandigarh,28.57082,77.27495,2024-02-03,App
C11835,West,Ahmedabad,19.22934,72.92099,2025-08-10,App
C11836,South,Chennai,12.98528,77.64349,2025-07-03,App
C11837,West,Ahmedabad,19.1419,72.91639,2024-02-01,App
C11838,East,Bhubaneswar,22.59703,88.30853,2025-04-19,App
C11839,South,Hyderabad,12.89199,77.61905,2025-02-09,Web
C11840,North,Jaipur,28.52534,77.22861,2024-01-24,App
C11841,East,Bhubaneswar,22.49297,88.33706,2025-08-23,Web
C11842,South,Chennai,13.05411,77.50007,2024-05-29,App
C11843,West,Ahmedabad,19.06397,72.86352,2024-11-23,App
C11844,North,Jaipur,28.65815,77.28436,2024-11-22,Web
C11845,South,Hyderabad,12.98867,77.59699,2025-03-20,App
C11846,West,Mumbai,19.20225,72.8172,2024-01-09,App
C11847,West,Ahmedabad,19.01627,72.87054,2025-07-02,App
C11848,West,Pune,19.05969,72.97529,2025-01-15,App
C11849,East,Patna,22.53074,88.35577,2025-04-26,Web
C11850,West,Pune,19.00679,72.85255,2024-04-14,App
C11851,North,Chandigarh,28.66211,77.14816,2025-05-08,App
C11852,South,Chennai,12.9704,77.62544,2025-10-03,App
C11853,South,Bengaluru,12.90021,77.53624,2024-05-15,App
C11854,South,Hyderabad,12.93258,77.64159,2025-08-21,App
C11855,North,Jaipur,28.66414,77.08023,2025-07-12,App
C11856,West,Pune,19.15196,72.87984,2024-06-14,App
C11857,North,Jaipur,28.51489,77.13471,2025-03-23,Web
C11858,West,Mumbai,19.04948,72.97916,2025-08-26,Web
C11859,South,Chennai,12.93063,77.52814,2024-04-03,App
C11860,West,Ahmedabad,19.10829,72.90379,2024-04-25,App
C11861,West,Ahmedabad,19.17268,72.90842,2024-06-08,App
C11862,North,Jaipur,28.58204,77.2224,2024-06-11,App
C11863,West,Mumbai,19.01643,73.03815,2025-09-14,App
C11864,South,Chennai,13.02107,77.6024,2025-06-02,App
C11865,North,Chandigarh,28.60821,77.23005,2025-04-19,App
C11866,North,Jaipur,28.67285,77.17942,2024-08-12,App
C11867,West,Pune,19.12276,72.85048,2025-09-06,App
C11868,South,Hyderabad,13.01732,77.50652,2025-07-28,App
C11869,North,Delhi,28.70271,77.34387,2025-04-04,Web
C11870,South,Hyderabad,13.04044,77.54736,2025-04-19,App
C11871,West,Pune,19.06946,72.8216,2024-08-19,App
C11872,West,Ahmedabad,18.97709,72.81074,2024-02-19,App
C11873,West,Mumbai,19.00634,72.83799,2024-12-29,App
C11874,West,Mumbai,19.12016,72.7458,2024-02-07,App
C11875,South,Hyderabad,12.97806,77.5698,2025-03-31,App
C11876,West,Ahmedabad,19.15617,72.95147,2024-04-08,App
C11877,South,Chennai,12.98161,77.61594,2025-07-24,Web
C11878,North,Chandigarh,28.61817,77.26079,2025-07-13,App
C11879,East,Patna,22.56613,88.39449,2024-02-27,App
C11880,East,Bhubaneswar,22.5765,88.40891,2024-12-02,Web
C11881,West,Mumbai,19.07103,72.8409,2025-04-26,App
C11882,South,Hyderabad,12.94191,77.55725,2024-04-23,App
C11883,West,Ahmedabad,19.09052,72.85251,2024-09-06,App
C11884,West,Pune,19.17251,72.84821,2024-02-11,App
C11885,East,Kolkata,22.5457,88.42381,2025-08-06,App
C11886,South,Hyderabad,12.93977,77.62876,2025-08-15,App
C11887,West,Ahmedabad,19.12169,72.99643,2024-05-20,App
C11888,North,Chandigarh,28.63616,77.15112,2024-05-20,Web
C11889,South,Bengaluru,12.79174,77.67722,2025-03-02,App
C11890,West,Mumbai,19.21832,72.84437,2024-10-12,App
C11891,North,Delhi,28.64011,77.21421,2025-07-26,App
C11892,West,Ahmedabad,19.11567,72.86,2024-10-11,App
C11893,North,Jaipur,28.6178,77.18606,2025-09-28,Web
C11894,South,Chennai,13.01888,77.54691,2024-12-30,Web
C11895,West,Ahmedabad,18.91647,72.83096,2025-02-19,App
C11896,North,Jaipur,28.53094,77.28039,2024-03-19,App
C11897,West,Pune,19.16697,72.76705,2025-09-25,App
C11898,South,Bengaluru,12.9549,77.51813,2024-03-16,Web
C11899,East,Bhubaneswar,22.50749,88.36425,2024-04-18,Web
C11900,North,Delhi,28.65683,77.2459,2024-06-28,App
C11901,West,Pune,19.00843,72.81876,2024-06-30,App
C11902,North,Chandigarh,28.70703,77.1931,2024-05-15,App
C11903,West,Pune,19.10963,72.87858,2024-08-19,App
C11904,North,Jaipur,28.51067,77.28082,2025-05-23,App
C11905,West,Pune,19.15519,72.81813,2024-01-15,App
C11906,South,Chennai,13.00361,77.54581,2024-10-16,App
C11907,West,Pune,19.00549,72.90413,2025-06-05,Web
C11908,East,Patna,22.61977,88.25189,2024-02-06,App
C11909,North,Chandigarh,28.59821,77.19386,2024-06-15,App
C11910,North,Delhi,28.56354,77.01927,2024-04-22,App
C11911,South,Bengaluru,13.04079,77.59571,2024-10-27,App
C11912,South,Bengaluru,12.88889,77.58382,2024-01-14,App
C11913,West,Pune,18.97288,72.85468,2025-01-07,App
C11914,South,Hyderabad,12.88182,77.52758,2024-06-29,Web
C11915,East,Patna,22.56184,88.3182,2024-07-20,App
C11916,West,Mumbai,19.06841,72.75275,2024-12-27,App
C11917,North,Delhi,28.6431,77.22717,2025-03-10,App
C11918,North,Jaipur,28.79302,77.09568,2025-07-29,App
C11919,North,Delhi,28.41764,77.14886,2025-09-19,App
C11920,East,Patna,22.68432,88.47754,2025-03-17,App
C11921,South,Chennai,12.99615,77.73895,2025-10-04,App
C11922,North,Jaipur,28.50336,77.16996,2024-05-24,App
C11923,North,Chandigarh,28.62266,77.22445,2024-12-06,App
C11924,South,Chennai,12.92813,77.59811,2024-09-13,App
C11925,East,Bhubaneswar,22.63891,88.3855,2024-04-07,App
C11926,North,Chandigarh,28.64027,77.21927,2025-09-07,App
C11927,South,Bengaluru,12.91271,77.48319,2025-09-03,App
C11928,South,Hyderabad,13.00189,77.6145,2024-11-06,Web
C11929,West,Mumbai,19.14148,72.81774,2024-01-10,App
C11930,South,Bengaluru,12.96745,77.60117,2024-09-30,App
C11931,South,Bengaluru,12.89526,77.56163,2024-03-17,App
C11932,East,Bhubaneswar,22.52267,88.39235,2025-04-18,Web
C11933,South,Chennai,13.00572,77.6088,2024-07-17,App
C11934,North,Delhi,28.65494,77.23429,2024-12-19,App
C11935,North,Chandigarh,28.57695,77.06062,2024-08-22,Web
C11936,North,Jaipur,28.59485,77.14454,2024-10-09,App
C11937,North,Chandigarh,28.55246,77.25851,2025-01-30,App
C11938,West,Ahmedabad,19.02825,72.85873,2025-05-23,App
C11939,South,Chennai,12.89675,77.59693,2025-08-22,App
C11940,East,Bhubaneswar,22.61333,88.3064,2025-04-24,Web
C11941,West,Pune,19.18193,73.00282,2025-09-23,App
C11942,North,Delhi,28.61529,77.21287,2025-01-08,Web
C11943,North,Chandigarh,28.65993,77.26656,2025-07-25,App
C11944,North,Chandigarh,28.60798,77.15654,2024-09-19,App
C11945,East,Kolkata,22.5077,88.37477,2025-07-30,App
C11946,East,Patna,22.45762,88.41396,2025-09-12,Web
C11947,South,Bengaluru,12.97049,77.53873,2025-08-21,App
C11948,East,Bhubaneswar,22.52639,88.33922,2025-10-11,App
C11949,West,Mumbai,19.18002,72.83069,2025-08-15,App
C11950,West,Mumbai,18.98412,72.96114,2024-09-18,App
C11951,South,Chennai,12.94082,77.65437,2024-12-07,App
C11952,East,Bhubaneswar,22.59449,88.38374,2025-07-30,App
C11953,West,Pune,19.09217,72.86164,2025-04-01,App
C11954,North,Delhi,28.64327,77.19241,2025-08-21,App
C11955,West,Ahmedabad,19.12873,72.9229,2025-02-04,App
C11956,West,Mumbai,19.05889,72.96101,2024-06-09,App
C11957,East,Kolkata,22.6086,88.47267,2024-01-10,Web
C11958,North,Jaipur,28.58442,77.27734,2024-08-31,App
C11959,West,Mumbai,19.16049,72.84068,2024-08-30,App
C11960,South,Chennai,13.03249,77.49907,2024-02-20,Web
C11961,South,Hyderabad,13.00936,77.62088,2024-03-30,App
C11962,East,Kolkata,22.56394,88.49725,2024-01-20,App
C11963,South,Chennai,12.84782,77.59491,2025-06-04,App
C11964,North,Chandigarh,28.63285,77.18664,2024-05-07,App
C11965,West,Pune,18.9366,72.81798,2025-02-07,App
C11966,West,Ahmedabad,18.99517,72.87732,2024-08-03,App
C11967,South,Hyderabad,12.83698,77.52446,2025-08-12,App
C11968,North,Chandigarh,28.54589,77.1187,2025-07-14,App
C11969,West,Pune,18.98438,72.90607,2025-10-07,App
C11970,South,Hyderabad,12.97851,77.55729,2025-04-21,App
C11971,North,Delhi,28.50184,77.26956,2024-07-29,App
C11972,South,Bengaluru,13.04338,77.51108,2024-05-14,App
C11973,East,Bhubaneswar,22.49507,88.38429,2024-09-12,App
C11974,South,Bengaluru,13.01957,77.57761,2025-06-08,App
C11975,North,Delhi,28.52568,77.25449,2025-09-06,App
C11976,South,Bengaluru,12.98377,77.65401,2025-08-23,App
C11977,North,Jaipur,28.53734,77.10234,2025-09-30,App
C11978,South,Bengaluru,12.96107,77.60499,2025-04-20,App
C11979,West,Pune,19.07357,72.90714,2024-04-25,App
C11980,South,Hyderabad,12.96304,77.62765,2024-07-04,App
C11981,North,Chandigarh,28.6236,77.20343,2024-08-16,App
C11982,West,Mumbai,19.09703,72.84102,2025-03-10,App
C11983,West,Pune,19.13223,72.90037,2024-10-12,App
C11984,West,Pune,19.05851,72.99771,2024-06-15,App
C11985,South,Hyderabad,12.92372,77.68233,2024-05-02,App
C11986,North,Delhi,28.75038,77.2505,2025-03-29,App
C11987,North,Chandigarh,28.55501,77.26925,2024-11-06,App
C11988,North,Delhi,28.6201,77.13028,2024-10-28,App
C11989,East,Kolkata,22.60255,88.33681,2024-06-11,App
C11990,South,Hyderabad,12.93563,77.55277,2024-01-15,App
C11991,North,Jaipur,28.54229,77.15176,2025-09-03,App
C11992,West,Mumbai,18.99087,72.93526,2025-07-21,App
C11993,East,Kolkata,22.60915,88.31547,2024-02-12,App
C11994,East,Kolkata,22.59615,88.27113,2024-09-12,App
C11995,West,Pune,19.04266,72.81933,2024-02-26,App
C11996,East,Bhubaneswar,22.62135,88.45405,2024-06-10,App
C11997,West,Ahmedabad,19.10491,72.94632,2024-02-07,App
C11998,South,Bengaluru,13.02296,77.52604,2024-12-28,App
C11999,West,Pune,19.00903,72.86761,2025-09-20,App
C12000,West,Mumbai,19.07639,72.94103,2024-01-07,App
